area,bedrooms,bathrooms,latitude,longitude,location,price
7770,3,4,18.823500512966255,72.69853269549148,rural,35836984
1360,3,3,18.999290698789185,72.7883971741717,suburban,8222564
5890,4,3,19.090392334780937,72.83781635412264,urban,49824501
5691,3,2,19.297714905904737,72.67753177771775,rural,10659523
6234,4,4,19.13334120935744,73.01066950649329,suburban,34222635
6765,5,1,19.034857765992996,72.8479322858123,urban,59580608
966,3,2,19.036265298201183,72.87979839482021,urban,1000000
4926,5,2,19.124821495291577,72.83113273519243,urban,40214953
6078,3,4,18.856830747602082,73.08561054936618,rural,18517539
8822,3,4,19.159186361043336,72.73819872433735,suburban,46402396
2185,5,2,18.80976254189298,72.68976002317912,rural,16780143
1269,1,4,19.06801499128486,72.85817317540737,urban,9295188
7449,1,4,19.240033829275312,72.71055037267558,rural,18950032
2933,1,3,19.108180905288727,72.84116276527874,urban,21737894
5811,1,4,18.81460402502811,73.0710304594144,rural,27320442
5551,3,3,18.861750728689906,72.7019415030054,rural,16774770
6920,2,2,19.043663451922992,72.88446198212323,urban,55863366
1684,5,2,18.969071352190387,72.96498134511778,suburban,1000000
5055,2,1,18.941612543758826,72.74471804391618,suburban,25146962
3885,2,4,19.294566400729448,73.04227786634301,rural,9855069
6896,4,2,19.064081257945194,72.84673451518036,urban,54251252
9166,1,3,19.174324734322028,73.02027189401672,suburban,43588691
9774,3,2,18.79869517771554,73.09043074124227,rural,21262177
3058,1,4,18.941161769601134,73.02466203411915,suburban,13232764
8349,1,1,19.056353620984208,72.866754598304,urban,70637456
2547,2,1,18.80388044533088,73.02926257951093,rural,6345356
3247,4,2,19.096589981110633,72.86826394504855,urban,17543215
9667,1,1,19.159029562296812,73.0149282888902,suburban,41559100
689,5,4,19.12079862191662,72.85495505326543,urban,9369342
3234,5,4,19.11725126095391,72.90139655547273,urban,21770531
3505,1,1,19.010578525151143,72.98872700283083,suburban,18105241
5158,2,3,19.196837815577087,73.0010567522651,suburban,31913803
2399,2,1,19.008747494587755,72.76487500590525,suburban,14243494
8234,3,1,19.22066500833892,72.99520106926809,suburban,36099835
1767,4,2,19.04470322300058,72.89404600981298,urban,16153653
2028,2,3,19.07366704961596,72.90132976662109,urban,20283084
4056,3,1,18.997921120107435,72.7619082463153,suburban,16951450
4390,5,2,19.080371026336103,72.923479959155,urban,29965911
9338,5,2,18.9631777767709,72.82270063824951,suburban,47887639
5893,5,2,19.010313367035113,72.7558930897303,suburban,38732648
9292,1,4,18.881845896829354,72.70110342718584,rural,21626931
8933,4,2,18.940160031879184,72.74040874858366,suburban,42949522
8013,3,2,19.036362146292497,72.91611651038468,urban,55491752
3112,4,4,18.852947527073738,73.09351436343005,rural,5265760
7541,1,4,18.87124787392112,72.64879918945871,rural,20199095
6735,3,2,19.172643220357298,73.0173648163455,suburban,33138171
5986,3,1,19.31274677851802,72.68270691197091,rural,2826924
7599,2,3,19.015787890067177,72.80883010032048,suburban,37525575
1275,4,4,19.144319759521956,72.76512536538053,suburban,16682062
8726,4,3,19.078289061376598,72.84643964463402,urban,68443657
3652,2,4,19.158069104569265,72.74535419235458,suburban,17279254
2085,5,2,19.09835113590298,72.9054350062884,urban,15339111
4443,1,4,19.076118284724515,72.90602133843664,urban,29720260
8055,4,2,19.05769030044282,72.87931596467165,urban,63163205
3573,2,3,19.094655826397215,72.84450731473044,urban,30274788
1521,3,1,19.05336219673822,72.89290366033937,urban,21528664
4343,2,2,19.191536011982954,72.97703026464531,suburban,17883591
8489,5,3,19.074205490200498,72.91583222654138,urban,72869388
7373,1,3,19.33638551463079,73.0749042294955,rural,26243734
6175,5,4,19.092768668576984,72.91714526188235,urban,47160909
661,3,2,19.14387087327035,72.9791663538742,suburban,1000000
4797,3,3,19.053945515532014,72.89629813592933,urban,30612496
1495,3,1,19.033773463524817,72.89393585818888,urban,12623563
8129,3,4,19.11608111209453,72.92463702910185,urban,61212713
9967,2,4,19.00433677989745,72.75281020433921,suburban,55553343
1516,3,3,19.135136931084944,72.96910236084892,suburban,10356339
8369,3,2,19.046278749825483,72.9210760683788,urban,54231816
6939,2,4,19.07871920710878,72.83768930825376,urban,53119859
8392,3,2,19.07098773167555,72.86032611954671,urban,66192290
7363,5,3,19.268330624082772,73.10892133634506,rural,21029041
8416,5,3,18.977803284037993,72.93651417311031,suburban,48488634
9029,4,2,19.07414393153558,72.90979058287019,urban,66973938
1378,5,1,19.108459464155096,72.85941353248481,urban,17849457
9768,1,4,18.92534805442886,73.16438685161872,rural,24592192
5387,1,3,19.036725195682347,72.89787270340031,urban,39410026
5359,1,1,19.023997673133113,72.93047590692207,suburban,36495260
6831,2,1,19.035603742923634,72.9241336522485,urban,45227104
9071,5,2,18.936616877334973,72.99268120312479,suburban,46917209
9184,1,2,19.27472528867106,72.6719415503141,rural,27331733
7708,4,2,19.25133543110097,73.11432674641958,rural,19497575
5776,2,1,19.220729696339287,73.02131952296253,suburban,30385813
2562,4,4,19.190434933599054,72.81392035322263,suburban,17982032
564,5,2,19.21607154042019,72.99761659228957,suburban,5273000
8506,3,4,19.083021030607323,72.92117612504894,urban,66630683
3068,4,2,19.277775665924285,72.69982694367214,rural,11529955
5963,3,1,19.17212653602921,72.96942419986628,suburban,26423925
2527,2,4,19.215158529494715,72.74313832331104,suburban,9344287
3195,4,4,19.02906132798971,72.87236514305062,urban,28603043
5758,4,1,19.144085801658004,72.81342659298511,suburban,28209218
6118,2,4,19.240861540601696,72.58408032396025,rural,16534562
7236,2,1,18.985863037260128,72.94397027020318,suburban,23642566
891,1,1,19.033881144921455,72.88238055742087,urban,10314045
6392,5,3,19.103310149520194,72.9227059835049,urban,57139979
4061,4,2,19.095852756296942,72.83764917576346,urban,35471016
6684,4,3,18.91272191754288,73.13743970728072,rural,23412726
3599,2,1,19.293085896294986,73.17419316520271,rural,12949628
6778,2,1,19.35298900359503,73.15681548570922,rural,16678323
8892,5,4,18.95160660761375,72.96359609146343,suburban,41795581
3604,2,1,19.153962216965464,72.76869925966965,suburban,20483714
7715,3,1,19.014792894943994,72.98445858148438,suburban,44376109
2954,3,1,19.18432192675234,72.9835678476665,suburban,9536230
9496,3,2,19.138330112204653,72.78368192256497,suburban,51844450
3231,3,3,19.157514349554464,72.97208315052922,suburban,18448870
8654,5,3,19.212273131259174,72.76214002307741,suburban,44030211
5556,4,2,19.112517098580504,72.91090659754822,urban,42258360
8610,3,2,19.101364598059916,72.8743058018319,urban,67583757
4340,2,2,18.81236819247713,73.09951130939642,rural,7760905
1528,3,3,19.35801652474588,73.1612812377696,rural,17815511
7885,5,3,19.211934267935202,72.81755426194923,suburban,34396320
1002,2,1,19.08082669468675,72.89288446184563,urban,1000000
7410,3,3,19.24894906639676,72.65687299327911,rural,22982887
9562,4,4,18.96579005144467,72.74219059632472,suburban,49309221
7438,2,3,19.16382915524293,72.72832062033629,suburban,39725923
4988,2,2,19.207524843444247,72.99466973872917,suburban,10298473
706,4,3,18.943864023278223,72.97964232178956,suburban,1000000
5634,2,1,19.194215482914885,72.9867221808807,suburban,25535793
6477,3,3,18.874548235057436,73.09200926308559,rural,22982552
8221,2,2,19.109928340192184,72.90399089177629,urban,53545475
7535,3,4,19.03786558705028,72.85225542500194,urban,60597038
1984,4,2,19.0286657724933,72.82849605679657,urban,15368402
8358,1,4,19.048437546928024,72.90763209480093,urban,64372289
1363,4,1,19.11647476581744,72.86687683658987,urban,11871701
3290,3,1,19.082319859660668,72.89830526019554,urban,26070161
7908,5,3,19.121293669925173,72.91899322372974,urban,61685350
9255,4,1,19.031719230338137,72.85251658432094,urban,76624853
5616,5,1,19.030914454395518,72.8893542420989,urban,44528097
6519,5,2,19.097049331647263,72.85852834123565,urban,56595263
2257,3,2,18.94061480918668,72.97298127504115,suburban,9327751
8074,3,3,19.025960030741068,72.81675102915816,suburban,47270790
6874,1,3,19.028550759795372,72.90593394577382,urban,50922453
7392,2,3,19.13127717878713,72.75280203667062,suburban,36072468
2178,4,3,19.263909089697957,73.15389152234879,rural,1000000
3742,3,2,19.28817895139908,73.17319084464688,rural,4974449
5136,4,3,19.067583512243292,72.9079801343968,urban,37298564
1559,5,3,19.15553285201402,72.95427962613603,suburban,1000000
7168,2,1,19.06504873619681,72.8412918026945,urban,50264712
3657,1,3,19.032696423528993,72.90648425762485,urban,31442262
6415,4,4,19.093591073180235,72.86887982246067,urban,54698431
3193,2,1,19.115622763517106,72.86878567524427,urban,16315307
4127,1,2,19.19702954714654,72.73678847247928,suburban,27990022
5950,4,4,18.97488952236604,72.75963636075534,suburban,35190827
2163,2,3,18.961280282770588,72.95345524383454,suburban,21441724
6092,3,1,19.046954573760186,72.83151849526796,urban,52376965
7892,4,3,19.08485398505754,72.91414293453508,urban,70874760
1806,2,1,19.02855782746232,72.84730297407293,urban,16275123
7276,1,3,19.072018505927044,72.89428968168423,urban,51617366
6364,2,4,18.900315620949517,72.71919577565441,rural,19832341
9974,3,2,19.20787097130573,72.82417650906872,suburban,39156442
8026,4,4,18.826472788581,73.04731130091537,rural,23056409
9401,4,4,19.179549264378625,72.73237683036358,suburban,47794491
6075,4,2,19.17475274212207,72.96769308630644,suburban,36266192
6030,3,1,19.03318898640311,72.88431475913409,urban,47527150
4913,1,1,19.210611969918993,73.02651175770626,suburban,21051911
4248,4,2,18.988006452433346,72.7865175647466,suburban,15384418
1163,1,3,18.835458035028957,72.61678913439226,rural,1000000
2498,2,1,19.167659310968318,72.99937085022592,suburban,11046764
8494,1,4,19.11808247944507,72.89810290027147,urban,61019394
1995,1,2,18.962309780718748,72.9808526075525,suburban,1000000
3804,4,4,18.907455552109187,73.10055665101841,rural,11359489
4263,5,1,19.183699992566932,72.76312972696988,suburban,20112021
5732,5,2,19.02235732874874,72.93347279588023,suburban,28362003
2353,3,2,19.041364580498833,72.92668826137694,urban,19768170
7085,3,1,19.160449501686312,72.79850266263587,suburban,33687610
1791,5,1,19.089532039068562,72.89291907851313,urban,21315670
4081,2,2,19.043544868957866,72.91962415409246,urban,27790075
8054,4,3,18.94595064534049,72.95073193168075,suburban,37267127
7780,4,2,19.071839085619885,72.86255204443424,urban,56802491
2136,2,3,18.94423652871744,72.81677355143789,suburban,11713487
4196,2,4,19.290204669582383,73.09800884069213,rural,12124057
1198,5,3,19.047816687020152,72.83799231735124,urban,8799121
5237,3,3,18.964219153717888,72.8103165525022,suburban,26914356
1354,2,1,18.983335077942897,72.80573535691418,suburban,8699832
8664,3,2,19.051971108010246,72.83696364627235,urban,69403306
6355,1,4,19.18203472029242,72.82499815819605,suburban,31309895
7892,4,2,19.160133052173496,72.99721575104898,suburban,36456075
7028,5,3,19.153910479553957,72.752826129089,suburban,32832640
5749,4,3,18.88980241492826,73.17657420153442,rural,17640235
5672,5,3,19.004299951976446,72.7496979243723,suburban,33617251
2207,1,2,18.82126102050407,72.59937043925257,rural,4501630
6291,4,3,19.17342475154003,72.73058908770179,suburban,30357497
6035,1,2,19.04781280396744,72.87909218530848,urban,43031513
5431,5,4,19.19098232443115,72.781903668395,suburban,32991631
4010,2,4,19.06764091877272,72.88017619540213,urban,25650315
702,4,2,19.221259567194657,72.77771688474637,suburban,1769160
4718,1,4,19.20187466215126,72.96145844577816,suburban,30577952
9458,4,1,19.020315801101614,72.79448220228913,suburban,54335903
4889,4,3,19.034531782424583,72.89353895591725,urban,39824525
2827,4,3,18.98746651986464,72.7405521058015,suburban,12672351
8504,3,3,19.05553432211723,72.89978888879622,urban,64312476
3431,1,1,18.96359832084143,73.00765946208293,suburban,16568422
8277,1,3,19.14270134170989,72.99473100376672,suburban,51676696
697,4,2,19.295471454538635,72.58946531363941,rural,5989656
7625,2,3,19.087195914299084,72.86404817334123,urban,63070892
2430,4,2,19.016527251464222,72.97305253420484,suburban,12650007
6787,3,4,18.98524967079624,72.78863338153218,suburban,32481931
9300,5,2,19.23045277584342,73.07203780951102,rural,27333587
9839,3,2,18.933946985138885,72.78647004141592,suburban,54384601
4782,2,2,19.045893012212503,72.84984270678602,urban,44984997
3011,4,3,19.21061913765848,72.73737422586595,suburban,11444612
1159,1,1,19.02006758100314,72.93673241370553,suburban,1000000
3311,4,1,19.20214490771468,72.97869918277964,suburban,15885342
7598,2,2,19.313620989674902,73.16123346701933,rural,25799651
7046,1,3,19.09547241276366,72.92037908456554,urban,50622828
2486,3,1,19.25800250626376,73.15336584739428,rural,8118059
8838,5,4,19.027446853607316,72.85086116803622,urban,63406125
3411,5,4,18.835123285865617,72.65233994907632,rural,8763807
2234,4,3,19.260789563691024,73.1289505206063,rural,2239856
2343,3,4,18.987056503352154,72.96459159158802,suburban,12007657
9180,2,4,19.13502527616832,72.80714580989599,suburban,47795250
3476,5,4,19.03684246741157,72.84845949788365,urban,32336032
2459,3,1,19.086706026792335,72.90091681708742,urban,17789725
6259,4,4,19.092030344696912,72.8752188137981,urban,43897926
7194,1,2,19.031243457109607,72.92360070106868,urban,46610839
2885,4,2,19.14280764608375,72.76085786295944,suburban,20891401
5236,4,4,19.0957777095981,72.8495049640189,urban,37650733
2302,3,2,18.878630555185396,73.03223088005167,rural,8877505
8655,5,1,19.187299298088156,72.75514994186237,suburban,36360860
8620,3,3,18.944215871117553,73.00157109574003,suburban,51241053
7116,1,2,18.991237339073102,72.76384751070958,suburban,48979214
6034,3,4,19.037509426390127,72.83643453751367,urban,48637948
4561,2,3,19.10414562991081,72.84329671180178,urban,33916022
762,4,3,19.043209267393046,72.91079231253568,urban,15043071
6787,5,4,18.96478603654368,72.7672284391846,suburban,33187094
9315,1,2,18.969100498559772,72.76752303096282,suburban,46191733
9708,4,1,19.04829733074676,72.84915624197005,urban,60781292
2549,3,2,19.234582773155797,73.1264298198214,rural,6211871
5923,2,2,19.037123920384666,72.86415389351183,urban,51193677
5048,3,1,19.14386632053312,72.79455182595991,suburban,23565049
3608,4,3,18.957668116111947,72.82694308992049,suburban,17131873
7658,1,1,19.127036154707778,72.75621315012313,suburban,35490254
7900,5,1,19.375102803772158,73.13773748915341,rural,32250628
3670,4,4,18.945529457179187,72.75721963487659,suburban,20510907
2755,1,4,18.972974172517247,72.98329987248341,suburban,13793940
1654,4,2,19.043919262285538,72.8500369051658,urban,12357630
4999,2,4,18.883842889856606,72.72616172759328,rural,19490857
6795,3,1,18.957390400841653,72.75873826842155,suburban,29966406
6697,5,1,19.094931080816107,72.92588625498736,urban,58698551
2148,1,4,18.98748396623655,72.99895255868766,suburban,9952790
6039,5,4,19.111428879874683,72.91350286068901,urban,53945827
4699,5,4,19.116226642542347,72.82824633242419,urban,36060220
8945,5,1,19.270728716749414,73.04778865268024,rural,31040888
3057,1,3,19.17554496426793,72.95329040428297,suburban,17833629
6092,1,3,19.0529769717189,72.91308913752835,urban,46069099
598,5,4,19.14376593681418,72.79097647052347,suburban,12033480
2700,3,2,18.83519973943051,73.03940436680078,rural,13578988
3461,4,2,19.08580649334298,72.91468595487072,urban,24751303
5473,5,3,19.212763557822786,72.98229186903751,suburban,25158521
4933,2,4,19.210840779881345,73.02351229445618,suburban,23270013
3369,5,1,19.108120385100115,72.8746360480677,urban,26155936
1456,1,2,19.147203106037793,72.73662912669245,suburban,11797012
8852,4,2,19.054174786419853,72.86179957227557,urban,70313004
6199,2,1,19.194607851185722,72.97548173083537,suburban,26160498
7444,4,1,19.24721719186185,72.61585269747316,rural,17138230
4993,4,4,19.076764942840203,72.90436214782535,urban,40544523
9992,2,1,19.338676339055908,73.0527522540331,rural,32350482
5411,5,1,18.96688477070349,73.00186328739314,suburban,35926331
4487,5,1,19.063195528732727,72.91472779959678,urban,36819301
6515,5,3,18.93157768584397,72.78229302390504,suburban,33322772
1718,3,1,19.051769645620237,72.85099699203155,urban,13105264
4996,5,2,19.261844558081158,73.1017822558069,rural,11333304
5235,2,4,19.01374904113201,73.01663560065283,suburban,26063541
5055,3,4,18.9662748269732,73.02642789983844,suburban,23292029
9646,5,4,18.933104085069882,72.79907430276403,suburban,47855557
8550,3,3,19.177651868682446,72.77683910523633,suburban,46391561
3946,2,2,18.82105165146501,72.7232549271145,rural,3058744
1545,5,1,19.17171778861233,72.7587992489155,suburban,1000000
7393,1,2,18.779399932567298,73.07790274266547,rural,14744025
2193,2,4,19.019502605752102,72.99607607747576,suburban,15411368
3936,4,1,19.10821376255297,72.90666160697171,urban,33037522
9254,4,4,19.346031527431393,73.04191078989538,rural,32105255
6395,2,4,19.004595984255623,72.9302680263859,suburban,24637128
3854,4,4,19.173928510469985,72.75348886400886,suburban,23049767
725,2,2,19.24295113221354,72.63080491174641,rural,1000000
5393,1,2,19.086087030208564,72.89680573641235,urban,35725096
7522,2,4,18.96988325562536,72.74946515557716,suburban,31260038
9651,5,4,19.08041292294042,72.86937905117428,urban,69940662
6100,5,1,18.939965693883988,72.730727165624,suburban,44407973
8496,3,4,19.312725644821082,73.1465689988819,rural,26859478
9507,4,4,19.287379545228944,73.12598447317032,rural,18819932
8183,4,4,18.991086625706163,73.02692766588814,suburban,34137810
5142,2,4,18.938707270168894,72.7469231486963,suburban,26017337
8179,4,2,19.352109362368818,72.68462622568497,rural,24408590
8708,5,4,19.185060348952398,72.98994196007934,suburban,42095034
7839,1,3,19.053724303999807,72.85636583187926,urban,68029513
9935,2,4,19.18619461625728,73.02495468804398,suburban,45185636
2705,4,2,19.260078432948454,73.07342678646002,rural,12473995
1569,5,3,19.28582233847891,72.60249888174795,rural,8410873
3944,3,3,19.002350352043205,72.80112055265111,suburban,32773729
1560,4,4,18.873484464863814,73.14841390978859,rural,16329096
2827,1,4,19.10459409178637,72.88600311063354,urban,25674883
3920,1,2,19.051773307805917,72.85049941802126,urban,30116313
801,4,3,19.227350105879562,72.6105526794689,rural,3719108
1106,4,3,19.10282825996284,72.83514020577286,urban,13464976
3670,5,2,19.102222162716988,72.83227674531503,urban,20600713
1199,4,4,19.13655930657064,72.97174753729327,suburban,1000000
5588,3,1,18.94438813633813,72.75974731079592,suburban,32746597
9831,5,1,19.14861467832288,72.79913248117414,suburban,57617994
690,2,3,19.054764488635925,72.90055981555398,urban,13899705
1480,3,3,18.88978977948391,72.60239605294095,rural,2151673
3475,5,4,19.27444036418666,72.66583728431767,rural,12459257
6602,5,1,19.077679270324598,72.8284278663975,urban,49430581
1684,1,3,19.218232384658506,72.93429960030019,suburban,17185340
3827,5,4,19.128815282362005,72.75060206650426,suburban,19116441
3894,3,1,18.97542738193959,72.82042214974561,suburban,16102301
8819,4,2,19.10375473170652,72.91682598299225,urban,67264443
2316,3,3,18.973088131894702,72.79236566036374,suburban,10386755
6354,2,2,19.094217852606633,72.85554466106863,urban,48409064
7209,5,1,19.031501371499214,72.89428517290986,urban,60803660
1069,5,4,19.174571979353377,72.92889621497018,suburban,8169613
5942,5,4,19.195920192924596,72.82133286669342,suburban,28726077
2395,5,1,18.994867372258007,72.93656664704365,suburban,10404877
3233,1,2,18.973557276554697,72.79703599676208,suburban,13080645
4363,1,4,19.028141239560483,72.89396985375394,urban,23794185
7955,4,3,18.989422631103658,72.7562962430272,suburban,45403752
4514,5,2,19.091125418590973,72.90698927110044,urban,39510845
2186,2,2,19.189115807837627,72.9695725929242,suburban,18662581
3509,4,3,19.137958210676487,73.00564434131563,suburban,20626996
8306,5,1,19.150629836708553,73.01396819126983,suburban,35143853
654,1,4,19.17386868423946,72.82595036983746,suburban,4222558
1909,2,2,18.961932923176434,72.93667478376884,suburban,10582907
1284,4,4,18.776984607295763,73.13518079558136,rural,6414943
8596,2,4,19.17930328849391,72.82332349177419,suburban,52602028
8060,5,2,18.933182233971497,72.75945952893245,suburban,35170871
7843,3,1,18.894824915487586,72.70011356961867,rural,25526485
7706,2,2,19.1467803874502,72.99728005615442,suburban,37698754
6096,2,1,19.127765817704265,72.75329427629644,suburban,43175720
6301,1,3,19.10848851196807,72.8632045437123,urban,52411577
3306,5,1,19.059861967998163,72.82888173357783,urban,25666456
1037,2,1,18.9272271017077,72.9889004339172,suburban,11324172
6486,5,2,19.135662140446133,72.75778519358491,suburban,32762086
2341,1,4,19.224828081837554,72.73264526408508,suburban,14328014
9216,5,4,18.780339210457555,73.04354507936807,rural,25627595
7471,1,1,19.05132432887912,72.83490126584593,urban,56611715
6125,1,1,19.223222659797145,72.9336974086647,suburban,36117349
3450,4,2,18.949183857542316,72.79011329125287,suburban,16274670
8492,5,1,19.126609590498187,72.80730061593061,suburban,29115797
5280,3,2,18.857313503272227,73.11549388648474,rural,10729231
2868,4,3,19.063735461486022,72.84373636955094,urban,31164619
7155,1,1,19.106004891682844,72.86096906813313,urban,61944883
8673,3,3,18.997311810220666,73.00413120384293,suburban,40394727
4995,2,1,19.217496128201077,72.94144424258572,suburban,16654759
9663,2,1,19.016712971627182,73.02379759589064,suburban,45600971
6502,4,3,19.255614436214866,72.59436714904903,rural,23582005
7114,3,3,19.095763225929527,72.83980050336993,urban,53931745
9858,5,2,18.97741443894593,72.74603949059384,suburban,40596247
6419,3,2,19.012740514527167,72.94488877495033,suburban,35908449
1353,4,3,19.305054374553123,73.13357551606501,rural,8385608
4646,5,1,19.30587283743783,72.58113452894185,rural,20800281
4269,5,2,19.19347885275083,72.94495055571953,suburban,12583235
1074,2,1,18.947635988874097,73.01211082099871,suburban,10436111
1648,3,4,19.04181958375445,72.85175879656425,urban,15162462
6793,5,2,19.117117570809512,72.85657040487997,urban,50084321
6957,4,2,18.944113948380288,72.95629372889104,suburban,27411411
8009,2,2,19.217445291283703,72.82337368263713,suburban,30653519
5277,5,4,19.00905382397656,72.80617283740936,suburban,24864401
4354,3,3,19.183631814974945,72.96027997189705,suburban,18437349
2991,2,1,19.008934162865888,72.92993376543811,suburban,14773471
3624,3,4,19.177741525996232,72.75873460359242,suburban,26258171
6191,3,3,19.115748638023398,72.87364686201616,urban,47781204
3551,3,2,19.026836947469295,72.89076526815968,urban,20313252
504,2,3,19.093513242960324,72.8798494989396,urban,1000000
5722,5,3,19.329395730536184,72.67916242801458,rural,18722485
5815,1,3,19.09245536639564,72.85221864292156,urban,40646775
5369,5,1,19.29444738639263,72.65395659040826,rural,15097841
1376,2,3,19.085844914367996,72.8306453708926,urban,17206450
9683,1,3,18.92703175050699,72.99933104739387,suburban,50840368
7527,1,3,18.897300495456463,73.03972659836651,rural,18524938
4642,1,3,18.994304438504145,72.80475215417502,suburban,18306529
7466,4,4,19.085292308780772,72.89487052166841,urban,68446490
7579,2,4,19.090517006935453,72.9140265583492,urban,54749077
8487,4,3,19.258813614660518,73.12321192447958,rural,36956729
7299,1,3,18.971206531010083,72.76930415975103,suburban,44183686
4965,4,3,18.986830687000875,73.01041928895839,suburban,25377811
1135,4,2,18.982549380238417,73.02097330712115,suburban,1000000
2193,2,3,19.09851337118333,72.91038660395556,urban,17843021
5252,3,3,19.04637743748455,72.8495217235533,urban,47666676
8811,4,4,18.950140854390163,72.75236932618236,suburban,43178883
1330,4,4,19.158249824069497,72.78784675080917,suburban,1644657
5677,1,4,19.068186225542973,72.92029288904033,urban,40649373
9432,1,1,18.926339222285936,72.74962738343056,suburban,47841432
8808,1,2,19.28478457489807,72.7176440830922,rural,27049139
6449,5,3,19.2802557358316,73.08033471137486,rural,19977214
3338,4,4,19.072363935859663,72.90290938447716,urban,25249520
1650,1,1,19.06581732226854,72.84278633854866,urban,12099979
8060,2,3,19.295202128928537,73.1703518771488,rural,19822522
2431,5,3,19.046574925507336,72.8668300501645,urban,21695080
9704,3,4,19.118779209522053,72.84006990587267,urban,75823870
2164,4,3,18.88790746372026,72.68836660311922,rural,5204249
1581,4,3,19.067073331971134,72.83568706739963,urban,9815855
1012,2,3,18.963081854542292,72.81779221354799,suburban,11636830
8305,3,4,18.975299161977397,72.97706686607253,suburban,43900334
5737,3,1,18.83011693296747,73.0923980387884,rural,19229201
1059,5,3,19.085645139641855,72.88832480599466,urban,7188709
4172,4,1,19.2282549943643,73.04648388518048,rural,11993773
7904,1,3,19.1937977333346,72.98537411270297,suburban,35208831
3843,2,4,19.200060780554388,72.7423817130794,suburban,26251002
4570,2,1,19.060506386618332,72.91080154030536,urban,29696646
1080,2,4,19.049760153386718,72.87381723736736,urban,4594001
7504,2,2,19.145432565202224,73.01908407421392,suburban,37684522
8630,1,3,19.004751310176918,72.75849866094312,suburban,37025872
3647,1,2,18.784474459524468,72.67255744777859,rural,15338568
4749,5,2,18.99147550688426,72.74697544170066,suburban,18038982
2179,4,2,18.947208164058523,73.01254990187276,suburban,10241898
4006,1,3,19.218406467703307,72.99013007288754,suburban,17229894
7753,5,4,19.19444367641854,72.80751523314564,suburban,42191818
3244,3,2,19.016905376027687,72.75812769697819,suburban,12774902
9935,4,1,19.041173317310022,72.92562298158684,urban,77407900
5688,1,3,18.790837336368398,72.59366844298951,rural,9834314
2641,3,4,19.19519811251435,72.99320794802922,suburban,8798447
7117,5,4,18.935943376468156,72.73958716036954,suburban,35787861
2979,1,2,18.93326850409249,72.98300834513981,suburban,13498755
6984,1,3,19.222794740216628,72.97411311877977,suburban,32860290
7921,3,2,19.063306214685845,72.89133262260198,urban,59182864
4952,1,1,19.09800989956257,72.89016555252886,urban,44409637
6381,2,4,19.30318444118243,73.07271661964378,rural,19457510
7165,1,4,19.116842889526136,72.82839125911697,urban,55618173
3349,4,3,19.012607097257032,72.81572268415002,suburban,23828190
7890,3,4,19.092274768896264,72.92287881064702,urban,54193854
7405,4,3,19.084281327321243,72.87387328971593,urban,68439963
2989,5,2,19.105234291181436,72.84379422674753,urban,16474256
9707,4,1,18.98786618836827,72.97432742405343,suburban,55584242
5111,2,3,18.98887143875915,72.81988948130756,suburban,17710742
3339,2,2,19.059549672033093,72.90728904332332,urban,25781504
9027,4,1,19.044249735484286,72.86236403739842,urban,66458887
6378,5,4,18.91626195677046,73.111265651724,rural,27240804
9587,1,1,19.212551646346217,73.0096115998502,suburban,50591537
6803,2,1,18.90545694662152,73.05111247733157,rural,17740535
1351,4,1,18.8250161278989,73.0340856181705,rural,5954031
2187,4,4,19.298870009765142,73.05887432064397,rural,7897940
7333,4,3,19.311982567635404,72.63580516883161,rural,24728298
2927,1,3,19.051606277542632,72.88664036132026,urban,21809228
4500,3,1,19.33354550692411,72.67205778835547,rural,8433211
5552,5,2,19.351952595570804,73.05000226427337,rural,5446426
3238,3,2,18.873738100725618,72.62228078626742,rural,6633452
6232,5,1,19.09304732998032,72.83798977340162,urban,49679894
5887,5,1,19.23571516294905,72.61900650485622,rural,12317226
8502,4,2,18.936506406910734,72.77573450441994,suburban,42804147
6036,2,1,18.955298216442344,72.96003975763533,suburban,35489265
4413,4,1,19.049004582571907,72.85150134118965,urban,35367324
1566,1,3,19.05956588502782,72.92204627330405,urban,8679221
8223,5,3,18.805273580200527,72.58730656321923,rural,28414800
4880,2,1,19.169377900408705,72.95040733166803,suburban,25512665
4607,5,1,19.114113441394814,72.87427318610146,urban,37822108
6226,5,4,19.301809895385837,72.70753413411083,rural,17006664
3873,4,3,19.06469948098086,72.86286885028655,urban,25160420
9445,2,1,18.93727013300758,72.82176985667877,suburban,48145925
2582,2,4,19.026824682527312,72.92225940139498,urban,22339515
9467,5,4,19.080804750283853,72.89794452444002,urban,70509498
7248,2,4,19.044713284969514,72.89312115390166,urban,56590768
917,2,4,19.114195766852774,72.84164801398337,urban,12826150
8806,4,3,19.03870816122733,72.85809779091495,urban,63142445
9308,3,4,19.00982741075246,72.81663541519067,suburban,50050818
4474,1,3,18.893926007913127,72.6276477650897,rural,10928600
3767,3,4,18.9607975208587,72.93963670699155,suburban,24626414
1325,2,4,19.065362868421154,72.86203709367226,urban,16934245
8168,5,2,19.057853146862985,72.92064322238197,urban,64002042
6245,1,3,18.814623881498342,73.04777731843704,rural,16703798
912,1,2,18.878266538711912,72.58100925311811,rural,1000000
8043,5,2,19.057953447433302,72.86291131161455,urban,57697381
8087,1,4,19.085941420713656,72.87563070143275,urban,63819969
1228,5,3,19.004689912784155,72.99374121669887,suburban,8183658
7664,1,1,19.19137164983322,72.78933184776723,suburban,33789439
9367,3,4,18.959220052911036,72.9785812755921,suburban,37759431
6488,1,3,19.172096567623203,72.93931382996502,suburban,35151491
3004,4,2,19.150599313416564,72.82137710717744,suburban,14704818
3467,5,3,19.281108534024742,72.71367150555095,rural,14295955
3286,1,4,19.09436542844636,72.87292242371278,urban,18937409
1622,5,3,19.26311380026391,73.05046188406894,rural,5777904
4579,4,2,19.114524574301058,72.8465395323272,urban,36088289
2071,1,3,19.18286592289915,72.73153140047778,suburban,8595439
5573,1,3,19.169996473015587,72.75606270270612,suburban,35330024
5604,4,2,18.966948370211316,72.7405167641007,suburban,29472098
2643,4,4,18.942997099779376,73.02290192404057,suburban,5391538
7306,4,1,19.086500171558534,72.88864675429498,urban,54839653
7857,5,2,19.10414348635983,72.90999658401775,urban,53331938
3940,4,2,19.128722931620608,72.75436404359097,suburban,27835445
4266,5,4,19.196042943945823,72.75633043406769,suburban,24154326
6144,3,4,19.07020386619489,72.90951796497218,urban,47256629
3414,1,3,19.366101071194265,72.69327981191421,rural,1000000
5468,1,2,19.10643302395506,72.90294076428593,urban,42378643
6417,2,3,19.187889011698008,72.92956911882621,suburban,37696556
9287,3,3,19.103324250327884,72.89998495066257,urban,74357564
1228,4,4,18.949419083851005,72.78460851073211,suburban,10129653
1865,4,4,19.103078691587267,72.885568000528,urban,23676594
4992,3,3,19.219419126974664,72.7368801660542,suburban,32692047
1198,4,2,19.082369491898376,72.88041010191468,urban,11856478
7686,2,2,19.058870793197453,72.8527877979104,urban,61685322
895,5,3,18.974764048302493,72.9854781761712,suburban,14664534
7900,1,1,18.933739875634654,72.98342739967343,suburban,33406154
8582,3,1,19.069563838836615,72.83350712957169,urban,68008382
4671,1,4,19.114240133445985,72.8593994226443,urban,30798075
4860,5,2,18.829630949829756,72.6365849661545,rural,12164222
3002,3,3,19.07857122020116,72.84584398334314,urban,30985847
1217,5,3,18.883909138842807,73.10632821069055,rural,1000000
3282,4,2,18.98280110293496,72.94809225530462,suburban,23094271
5446,4,4,19.092301100349403,72.87003399706212,urban,40428407
5986,4,4,19.138537089262265,72.9951466879987,suburban,36896213
8835,5,1,18.849647592754447,72.68177180373847,rural,33527968
5480,5,2,19.048828806627117,72.8696918521542,urban,39184519
7766,5,2,18.9300506403172,72.79582748200617,suburban,43246260
4991,1,3,19.157672704370633,72.81663250208828,suburban,30582848
7692,5,2,19.363404730292803,73.09558470008511,rural,20206299
6088,4,1,19.186889841325662,72.9692089702628,suburban,34045755
8151,2,2,19.051931808441896,72.86550379046031,urban,56285712
4136,5,3,19.07023188563624,72.91410086835626,urban,44708810
1667,2,1,19.060833289483327,72.89121370481159,urban,9774540
1562,4,3,19.04734038374189,72.8529569729054,urban,12493766
2656,5,2,19.090842887546,72.90393099273666,urban,21853302
8360,1,4,19.17221171765263,72.79419003032223,suburban,42234429
5661,1,2,19.039580781504906,72.89977142376495,urban,45171242
5805,2,2,19.09501707497471,72.89672451627278,urban,46826466
7041,1,3,19.219542044442353,72.75488096990192,suburban,28866060
5229,1,4,19.06134092242323,72.86681109732,urban,34091027
9848,1,2,19.02908086740981,72.91905103154083,urban,82626222
7830,4,1,19.033355260386482,72.89767942820976,urban,66243031
5834,1,1,19.09901610048433,72.91207150506305,urban,37529622
9424,3,3,18.842995661660673,72.61891033642152,rural,28870075
4830,5,3,18.951441598908723,72.79335842627381,suburban,29808705
8510,1,4,19.04233818077664,72.8592757310674,urban,75058174
7301,1,3,19.075876945155514,72.90528505571481,urban,53207400
5346,1,4,19.100879910510304,72.84877168743246,urban,46121366
7231,3,2,19.01157643033882,72.95809696042942,suburban,40658181
7741,1,1,19.179900504482575,72.78478624090448,suburban,34569093
1453,1,1,19.168755894359723,73.02233290099389,suburban,4524263
3039,5,1,19.08873721206701,72.88883779386602,urban,21566804
7556,3,3,19.05415747218823,72.86886876245141,urban,60337522
2042,3,3,18.989452638056004,72.81045009399796,suburban,3487004
5793,1,2,18.868000662046725,73.05444760401008,rural,14459556
1691,3,3,19.28927659523881,72.70799514835109,rural,2660055
6813,2,4,19.09075073798457,72.89835808047171,urban,42425788
7438,3,1,19.22011804199089,72.93640046904612,suburban,38876356
3181,3,2,19.02081818715321,72.9809228430757,suburban,20021567
9909,3,4,18.865471482210175,73.14738533314417,rural,21359303
2040,4,4,19.124584042094686,72.84148949832998,urban,17507366
6672,4,3,19.13183156643425,72.95518037055695,suburban,28124800
6041,4,3,19.11926114278665,72.85809516586882,urban,48043330
1865,3,1,19.181243016697145,72.95950696328788,suburban,15537998
9191,2,2,19.04123647239749,72.85973659203292,urban,67402555
9202,3,4,18.964458106959203,73.02486211996876,suburban,44993697
7994,1,3,19.30590635991485,73.03298945271578,rural,32876189
4812,2,3,19.03048413749976,72.91832322741035,urban,33355147
1824,4,2,19.179867172535673,72.8108533394766,suburban,5607086
9847,5,2,19.12549844806832,72.85820828520441,urban,76194320
3641,2,3,19.15294597685486,72.93950058950425,suburban,30900758
7919,4,3,19.034922699901397,72.9043008063804,urban,62770036
3986,2,1,19.117922351433055,72.92088711112156,urban,27203675
2310,2,2,19.242187437931616,73.11143938960295,rural,8441163
7088,3,4,19.08320161414843,72.90919805852096,urban,58862072
3423,1,3,18.972220983769674,72.74049461738933,suburban,19528261
5801,5,3,18.884517747509012,73.12221534243237,rural,21310788
4686,4,3,19.28540628738873,73.06339402516765,rural,18539196
9405,2,3,19.166538901172316,72.99310644284225,suburban,46515375
6477,5,1,19.103321253868152,72.90127751920176,urban,50273823
4768,2,2,19.26937475914816,72.62478984549062,rural,16725501
5248,1,3,19.085737266479754,72.82778146173088,urban,27730140
5349,5,2,19.26473864014293,73.16730255450736,rural,2528178
9935,4,4,19.169801552224964,72.94636739821958,suburban,48324354
4209,2,4,19.14686689686387,72.7723352671133,suburban,19859455
9773,1,4,19.05861991798962,72.8600407952208,urban,77821113
7119,5,4,19.18241405868869,72.7920257282307,suburban,35127639
9147,2,2,18.86932279360366,72.65413366212208,rural,31656548
9586,2,4,18.80868983073043,73.11228589091223,rural,27722020
3572,4,4,19.038398720662638,72.9214774546689,urban,25112289
7030,1,3,18.805765550804136,72.72425521845666,rural,25399275
1004,3,3,19.085059779390477,72.8795894235035,urban,10924240
1714,2,3,19.024777082097646,73.00578640563845,suburban,2298306
2031,5,1,19.19879812131941,72.9292868247366,suburban,15346945
8076,4,3,19.028303946835504,72.85128929040725,urban,66443781
1323,4,4,19.05282782125127,72.8434508638107,urban,5923908
1428,2,2,19.174105819619538,72.95606879596167,suburban,7820576
5529,2,4,19.083996879336546,72.88434778250543,urban,46187366
633,2,2,19.048086963010647,72.8685689438715,urban,1000000
2605,3,4,19.138397799436,72.75144707477497,suburban,19194235
4127,2,1,18.81320512499102,72.67194560001059,rural,6801218
6816,1,3,19.008887837774537,72.92785238938833,suburban,30016371
2352,5,4,19.121295320008784,72.8924054054906,urban,19043323
5410,2,3,19.034572352274818,72.88174803824663,urban,45254906
4675,3,1,18.935051306386228,72.928350606788,suburban,28562974
5848,5,1,18.944543844389738,72.73830928934225,suburban,38349550
9942,4,3,18.92684398363602,72.81867840704135,suburban,46239560
6690,2,3,19.328749208397138,73.13309670805536,rural,19911219
1756,5,2,18.93423739549006,72.7915358554383,suburban,13430741
3876,4,3,19.062244191448098,72.89486147633873,urban,33873825
6145,3,3,19.258018413100046,72.6062040572662,rural,12368536
3986,1,2,19.024993659761982,72.97850807742236,suburban,20983437
4084,2,4,19.160965534053684,72.75281042004633,suburban,22316961
8553,1,2,18.90024280740399,73.04128375906984,rural,21017190
3830,3,4,19.283857218140433,72.59078393481144,rural,12663907
3203,5,4,19.16084324182207,72.96259909269898,suburban,19157866
9162,5,4,19.085378915358916,72.88591671354104,urban,65127062
8620,3,2,18.806000946209526,73.05787954437007,rural,27681005
7614,3,2,19.01627620309044,72.79816577977311,suburban,39547538
1853,2,1,19.2224028405954,72.76239339971251,suburban,1000000
5563,4,4,18.993449011477953,72.8132487187192,suburban,28068324
9049,1,2,19.151646769099933,72.76938846717066,suburban,45442162
8075,1,1,19.35460982964999,72.57941832211453,rural,17247477
1167,5,4,19.196506027368702,72.76195134180797,suburban,9026269
4968,5,2,19.363701289223094,72.69778361192175,rural,12972424
9837,2,2,19.27814144634115,73.08276223505135,rural,33158586
7319,3,2,18.79632380329173,73.04873779122669,rural,21934223
4219,1,3,18.98579591810862,72.8221414900858,suburban,30654720
3245,2,1,19.34004876125408,73.15590685921299,rural,1000000
7983,5,2,19.11763513936927,72.90253011227233,urban,63886949
1039,5,3,19.11960756398784,72.84701107942094,urban,10442819
5464,1,1,19.30097946993016,73.17678958995575,rural,15452360
5335,5,1,19.213864111798927,72.82466062061673,suburban,34440818
4275,5,3,19.09577132345721,72.84477554339878,urban,27614680
6542,4,1,19.02856809564236,72.85369265781257,urban,53773046
7602,3,3,19.117577335899277,72.89451329387003,urban,60351350
7812,5,4,19.21794691042833,72.97231507824944,suburban,36105501
5820,4,2,19.1722959815445,72.94812547244184,suburban,36250733
6632,2,3,19.125381181303506,72.86108626614747,urban,51122296
8391,5,1,18.901992046202363,72.72643873536639,rural,21853412
3279,2,1,19.114911614360253,72.88110093206774,urban,27545136
1424,5,4,19.189243505152497,73.01993911038906,suburban,13381025
2081,1,4,19.20982798458526,72.96008332780764,suburban,11721280
8214,4,4,19.018118612648756,72.75521704744868,suburban,40378883
3824,4,4,19.045167150585083,72.86658439988466,urban,27181267
6213,1,4,19.0572829116777,72.83714928683325,urban,43382354
7526,3,2,18.838281796557375,73.17675047683478,rural,24632119
755,4,3,19.080525990687935,72.83173137073545,urban,12516630
5304,2,4,19.246883033504552,72.65071713663467,rural,13613084
2338,4,4,19.213660773546188,72.96172091213732,suburban,24551861
509,3,2,18.970729777774586,72.75916393872379,suburban,1668226
3371,2,3,19.204979248838598,72.93019710248397,suburban,16687921
9489,2,4,19.033006204598927,72.8753160111477,urban,70558898
7909,1,3,18.934042072364097,72.7789331170769,suburban,38329237
7918,5,3,18.89161399702821,72.64089998669473,rural,23659802
5624,1,2,19.06836779310173,72.86060932661914,urban,45795476
1515,5,2,19.207520762782423,72.81668680616646,suburban,8052660
2693,1,4,18.98534109291241,72.98647506804724,suburban,16381361
8915,5,1,19.186970368476164,72.99509777274162,suburban,37674957
7949,4,2,19.108434426758294,72.91382541128883,urban,58411804
4658,2,3,19.01964459443172,72.98801874880974,suburban,22049556
4425,5,3,18.924131238219733,72.6763480379066,rural,12578193
7470,4,4,19.081545075226874,72.92102118027415,urban,49221150
7438,3,4,19.193564463587737,72.93053905182234,suburban,42675987
5284,1,4,19.198217895536743,72.7722432209631,suburban,18761331
4500,3,3,19.187406267835364,72.74667126394318,suburban,19721743
2133,4,2,19.001383753996794,72.9535194966656,suburban,11860986
7766,3,1,18.937259519784728,72.95953373144309,suburban,49129649
9202,3,2,19.042173852973256,72.84738411013267,urban,70195897
884,4,1,19.253179408076804,73.04085811625202,rural,4685413
904,2,2,19.312821034730685,72.68885658612591,rural,1000000
8675,5,4,19.106264675939283,72.83779515181278,urban,63686532
2500,1,3,19.1904139373735,72.99988336015258,suburban,8447316
6489,5,1,18.953685729214605,72.9446457785649,suburban,31082421
1960,1,2,19.35262677627567,72.59294123746587,rural,7894363
7690,5,3,19.229452927426664,72.59873495792509,rural,20243027
7640,3,1,19.27541953339399,73.0797499519533,rural,24823549
4136,2,1,19.063826662165493,72.88434308991336,urban,28228181
5309,3,3,19.23784104177473,72.58196897085372,rural,13258092
4678,2,4,18.785839003007677,73.15959164361229,rural,1000000
7745,4,3,19.048110856274842,72.83264834871464,urban,59803120
7100,1,4,19.035932106478178,72.86009925004656,urban,54043348
6497,1,2,18.97561169745042,72.72837469288153,suburban,30615450
2548,4,2,18.973535390950865,72.99721572471881,suburban,23392759
5280,5,3,19.119282700156226,72.88060346058428,urban,41940090
1216,4,4,19.053625634560177,72.92121089863389,urban,1000000
8439,4,2,19.088545061855896,72.87606897312493,urban,59468369
6065,2,4,18.967984409003922,72.75286977810948,suburban,30258787
5044,4,4,19.112483043070323,72.92365068102983,urban,39645456
5476,1,4,19.182699965175008,72.75947291532025,suburban,23022827
3919,3,3,19.06348106314165,72.92698317948825,urban,25877717
7739,2,4,19.328075205396036,73.0912998047537,rural,28641365
749,2,3,19.304252004877014,73.04444623573076,rural,5969145
9365,5,2,18.84134366296206,73.14707683368108,rural,33048384
1270,3,2,19.179835715680078,73.0043624272213,suburban,3471044
4863,2,1,19.114439727638526,72.91413496270607,urban,40643856
1577,4,1,19.15074601381464,72.7439015398291,suburban,1000000
8927,2,2,19.045810766454842,72.83871167437435,urban,65781755
9080,2,4,18.79736052039293,72.71146182553231,rural,23038333
8401,2,4,19.05058871500824,72.88496624091206,urban,63286657
5358,5,2,19.21401801853004,72.96952281552556,suburban,28609119
7044,2,2,19.142648939995727,72.95429458558978,suburban,34748668
5219,2,1,19.287487826730064,73.11625034880173,rural,8031231
3314,5,4,18.941400414442523,73.02582383510067,suburban,14146636
3874,3,2,19.02421399439847,73.00667769073948,suburban,22471288
1752,1,1,18.990685340733915,72.96712312182758,suburban,9996956
7496,5,1,18.960116178423384,72.82363905096972,suburban,46865267
5173,5,4,19.04595680975303,72.85951719408727,urban,43308284
5030,2,1,19.29867857511299,73.15337591184634,rural,20186237
7381,2,1,19.163653721927165,72.96063379300097,suburban,29660138
7449,1,3,19.121520153911813,72.84159958841366,urban,59340040
6741,2,2,18.882849878269514,73.04709549531447,rural,22841645
8517,4,4,18.93278338850575,72.81762992823745,suburban,46256329
7441,2,2,19.229356226865736,73.14333473320792,rural,14652509
7502,2,3,18.82104520044393,73.09855045413437,rural,22320160
1831,4,4,18.86456638236911,72.65058723878194,rural,3384725
4761,1,2,19.078056064109546,72.84663356479163,urban,39188456
8148,4,1,19.057707061804493,72.83692944681388,urban,62428707
5615,5,4,19.290892024582597,73.11910881396295,rural,14068266
5137,4,3,18.83141193177948,72.59376917903718,rural,25671602
5354,3,1,19.003796690378117,73.0170006063842,suburban,23184359
3677,5,3,19.136539486805656,72.78688880479383,suburban,21790604
8230,2,1,19.083438387497544,72.88955471193499,urban,65544266
2680,5,2,19.31107027609609,72.60799079520427,rural,5895668
5392,1,2,19.096846234789936,72.92680794424943,urban,46502373
7543,1,2,19.064995885778117,72.90680483145549,urban,61477448
637,4,3,19.001389076286383,72.9558896712284,suburban,1000000
6827,5,4,19.028593835624868,72.84944273448609,urban,57045252
3972,2,2,19.298438104671803,72.66742285674438,rural,19119459
5949,1,3,19.04527220503604,72.83475470043686,urban,41379296
3332,2,1,19.062933339780475,72.88013552421442,urban,19170117
4079,3,2,19.182200183708492,72.76755064764576,suburban,19254136
6471,1,1,19.15057519709712,73.00415497359691,suburban,31426178
4664,4,2,19.04583538795522,72.90163780090191,urban,37152201
8441,3,1,18.998027386589474,72.97704734416095,suburban,47878137
6069,5,3,19.1766981211616,72.96236557999474,suburban,28659387
4800,2,2,18.87237836159628,72.63364258739036,rural,15276539
6769,1,3,19.089793499436475,72.88428572551096,urban,55567958
4318,3,3,19.311384418213432,72.6532308933615,rural,12313631
2406,3,1,19.131042407836137,73.01621299079294,suburban,9119327
6754,1,2,19.110887322125574,72.82873927025443,urban,45170190
1260,5,4,19.112927640396162,72.83971375191733,urban,4540358
8330,5,4,18.953878199360762,72.96935213928879,suburban,36073586
7850,4,3,19.088818973767737,72.84403965470673,urban,53066897
6738,5,1,19.077461376444756,72.85542304731946,urban,60634872
6590,4,1,19.082043684284802,72.90150032830529,urban,50473463
6531,3,1,19.017874158541815,72.7761237576469,suburban,43397974
8187,1,2,19.155536745359722,73.02300034827961,suburban,42020919
9591,5,2,19.044251708984593,72.83847882617994,urban,66645683
8972,4,1,18.971834045083465,72.79017616188732,suburban,44708923
2387,3,4,19.02293015132142,72.77103999199622,suburban,16173400
3766,5,4,19.04018026011815,72.88787380497703,urban,32727530
1166,2,2,19.36879591320614,72.58095565850154,rural,1000000
4688,3,1,19.206707858083576,72.80676321632868,suburban,28095453
1171,5,4,19.292742140342803,72.63475523730222,rural,1000000
7277,3,4,19.049196304113682,72.87566479005204,urban,57465947
8070,1,2,18.828883963706474,72.66086092181985,rural,25766234
8456,1,2,19.003488283897173,73.02636609049111,suburban,39647268
5624,1,4,19.17927419454055,72.80584407087132,suburban,30626512
6085,2,1,19.151534955853432,72.80746637486166,suburban,29941530
5277,1,4,19.02627596485053,72.88471511120018,urban,41354356
4400,2,4,19.284122000828425,73.1625033528791,rural,13541163
7177,1,1,19.021679969914427,73.01628735173126,suburban,33603304
7481,3,2,19.0262160104124,72.84559138637131,urban,64343433
6876,5,1,19.10838761750976,72.90797140827601,urban,55097011
1023,5,1,19.060013221084347,72.894503091726,urban,12892627
2893,1,1,19.176724970733584,73.0181734989846,suburban,19100994
3093,5,1,19.207317912873663,72.81064013305726,suburban,19632883
7740,1,2,19.145195715143476,72.99796144095941,suburban,33449943
7437,1,4,19.080789760169903,72.89751630368038,urban,60478276
6690,4,3,18.962043521939535,72.75005579443157,suburban,35602088
5740,4,2,18.98310873850593,72.94286265293543,suburban,26448998
6993,4,1,19.096169175142034,72.89683911607844,urban,60071655
3378,2,4,19.096942690329495,72.85857675286444,urban,21703424
4643,4,4,19.09222139737909,72.8644466319589,urban,34650621
4144,1,1,18.784326193084244,72.67619504511795,rural,7485019
4932,3,2,19.20101457141922,72.73705925709737,suburban,18299782
1776,4,1,19.28007276623124,72.66319577370251,rural,4476561
6311,4,4,19.091392449006733,72.92097167640087,urban,46355377
802,3,4,18.907089349026595,72.64356169028449,rural,2950883
1138,1,2,19.136011454465603,72.77831345892338,suburban,14061782
555,2,3,19.216045221171207,72.9791352161153,suburban,2449433
9217,4,1,19.036563917842784,72.88637167452413,urban,73333583
8650,3,3,19.138385860646636,72.94264177769114,suburban,44352618
2625,1,4,19.338603808786324,72.60128408608618,rural,3784277
864,5,3,19.04581448810968,72.91099614298587,urban,12783174
7309,2,1,19.09810876086978,72.90829561278281,urban,50945778
5121,3,1,18.927025432509208,72.74125683938443,suburban,30269262
5626,3,4,19.27261522771959,72.6422485120138,rural,12241244
5622,3,2,18.99246878587404,73.00479370374848,suburban,35230538
2146,4,2,19.103939285068172,72.8308998518682,urban,16112969
1418,5,4,18.97620339392785,73.01384364634833,suburban,4577674
3297,2,1,19.077773893649418,72.84363914389614,urban,26095462
7006,1,2,19.36022236250914,72.60284817094497,rural,10100320
6370,1,3,19.21349823415301,73.0013553309866,suburban,25731051
2031,5,4,19.15625026156689,72.7780144841692,suburban,14545659
8672,3,3,19.10421833953132,72.85039596281871,urban,72633201
3845,3,1,19.245241609122044,73.10009152558905,rural,7501890
8173,3,2,19.195373680232958,72.77013691099083,suburban,47533812
7449,3,1,18.916484516051735,73.17240463406664,rural,18630962
7382,3,3,18.993455758498648,72.99566347933663,suburban,38480955
2406,5,1,18.91349756279636,73.03920221558424,rural,8580153
3586,4,1,19.36038879725578,73.11101554665684,rural,16933238
8652,2,4,19.0606001651208,72.82957411586555,urban,70606386
6250,3,4,19.229242207662683,73.16094649497214,rural,16813114
9405,4,1,19.12597893718126,72.84414226115113,urban,84312156
1562,1,4,18.958536555604482,73.02259554721809,suburban,6961395
2476,5,1,19.336164978312198,72.67507150348365,rural,6906978
1796,4,3,19.046180408257545,72.90979349068989,urban,17294214
6729,3,4,19.151738706360916,72.95601581629059,suburban,32751903
8141,3,1,19.15873104354453,72.96997744888321,suburban,48086278
625,3,4,18.989069965458256,72.79108479927642,suburban,3719841
5132,4,1,18.879210444726848,72.69263208445365,rural,18131934
6788,3,4,18.95593591994238,72.93202430249794,suburban,21210054
4096,4,2,19.277936735291878,72.6909772479107,rural,12594915
6668,3,1,19.054999008041367,72.88837315590081,urban,49793229
8061,1,2,19.076433684145464,72.8494189870826,urban,61431660
8758,1,1,19.15265660570422,72.94476000533066,suburban,37681882
732,2,2,19.18791884631049,72.76042113060858,suburban,2525079
9861,3,1,19.087539238468608,72.92590847400577,urban,76079930
6871,3,4,19.133440209493784,72.97673708724989,suburban,33726715
4706,4,2,19.030600919782973,72.90552734939976,urban,40147656
8443,4,4,18.928048876290713,72.93654878635328,suburban,43744027
7391,3,1,19.06385815445121,72.8421116202434,urban,59940712
7238,2,4,18.976680679080367,72.93485187357813,suburban,41727396
2972,3,1,19.024064321199596,72.75483885583273,suburban,20508800
3239,4,4,19.294840949140276,73.05712872406131,rural,7776341
5901,3,2,19.007813056757833,73.00123901005358,suburban,28008677
2261,4,1,18.96432466729483,72.95566075010677,suburban,20165420
1376,3,4,19.307068243838202,72.6641842052521,rural,1000000
4312,5,1,18.984427792839178,72.7455629397425,suburban,20551805
1960,4,1,19.080063899451307,72.9154060682586,urban,15715064
2233,2,1,18.801670726779793,72.64792409080692,rural,1000000
2105,5,3,19.182599635219926,72.96322569895604,suburban,12822323
6122,3,1,18.961286953950243,72.99218385748507,suburban,36764849
7267,4,4,19.1939268625045,72.81677185812866,suburban,28244556
7486,5,3,19.320581150681353,73.08892585830966,rural,19744694
4017,2,4,18.907263607660575,72.69897155083693,rural,11990075
4235,4,3,18.850887797109817,72.6877404269035,rural,20182656
9852,5,1,19.029498127805667,72.83140381079944,urban,68465103
8934,5,2,19.135492700282487,72.77002075467995,suburban,50684768
3090,5,2,19.052022328925958,72.83109398297235,urban,24734394
1563,1,1,19.096862710205233,72.91323522390051,urban,12822519
4824,3,3,19.246725917789465,72.66983784560894,rural,20020672
9611,4,4,19.036635743060938,72.89251685384744,urban,73803445
5842,4,2,18.929246352382187,72.99551656256207,suburban,29564855
505,4,1,19.16943952760703,73.01748697888274,suburban,3718541
7989,5,1,19.13779043670108,72.99795200509125,suburban,42299757
9159,3,3,19.057768760274712,72.89482805779977,urban,65098864
8695,2,2,19.059348404176948,72.88495581722486,urban,67240471
6466,4,1,18.99605448937387,72.74932424117888,suburban,35188166
9337,3,2,19.07949941444962,72.8300176083697,urban,63381354
617,3,4,19.344759617503758,73.1207506662233,rural,4849323
3051,1,1,19.258306006413655,72.68832606222428,rural,11800171
6060,4,1,19.180831633309303,72.80031362803581,suburban,32461924
4789,5,4,19.35935617489006,73.03422732164803,rural,7707153
1346,3,1,19.085352011854482,72.8863435203537,urban,8423565
6816,3,3,19.024046465301048,72.94875660658487,suburban,23671487
6969,2,4,19.082896507254993,72.89223898876695,urban,52118143
9833,1,3,19.010025783657653,72.96100111193421,suburban,44634988
9415,3,4,19.207980233158978,72.80823405954709,suburban,47543775
724,3,4,19.104293551250088,72.91065781928971,urban,12303070
4708,5,3,19.092656609428474,72.8576527752262,urban,35637727
6783,5,4,19.208304657482888,72.75348339729,suburban,37455792
2548,2,2,19.0192664601115,72.93202648806516,suburban,12916589
6733,2,3,19.120479480123393,72.9050723928063,urban,47055667
2328,2,4,19.20914755664937,72.98219822808498,suburban,18793279
2417,5,3,19.19377368967669,72.75650291245074,suburban,17632344
4734,5,4,19.220670905671934,72.79098209667355,suburban,19740586
7488,1,4,19.216844435275743,72.81165008811459,suburban,39426737
2526,4,2,19.11332044397727,72.85871413980146,urban,19888577
4244,4,2,18.94295847591451,72.79449418737286,suburban,24613585
9593,1,2,19.23647447944606,73.12598644980065,rural,20017104
509,4,4,18.976857416991905,72.75899091361373,suburban,2056636
760,5,2,19.199385482496822,73.02382960289847,suburban,6556060
6538,4,3,18.973170926829606,72.95407386972377,suburban,28570611
2719,5,4,19.031513673516127,72.86356204176168,urban,24520552
7541,1,3,18.99623028352314,72.7890488286872,suburban,35938025
2560,2,2,18.870794318889722,73.165246497905,rural,5766961
5787,1,4,19.111476876922023,72.87987500985007,urban,49444737
2119,4,3,18.879297073485752,73.09510246984519,rural,19557680
9012,5,1,19.051991406208554,72.85666387299919,urban,70360656
1842,4,3,19.007354607868894,72.79409994427924,suburban,9787356
3332,4,4,18.868016274693556,73.13454848163894,rural,19146977
3324,2,1,18.86943483807733,73.09709588211345,rural,13826398
2494,4,2,18.867167707133103,73.13672486761861,rural,15436517
3990,2,2,19.253308107298285,73.08415623104739,rural,11839787
9810,5,3,19.18836571897115,73.02345793775866,suburban,54391608
8484,5,2,19.010886280317678,72.82344472253928,suburban,44714157
2104,2,3,19.078207947881864,72.87925706152187,urban,17635370
735,1,3,19.039410726777106,72.84018174321547,urban,6640955
2408,5,3,19.13068607557792,73.01278599260554,suburban,15764672
9067,1,3,19.137568502021796,72.8063877631451,suburban,45864981
4030,5,4,18.93824978288592,72.73182912664637,suburban,28386705
5756,5,4,19.271537574490306,73.08210045266195,rural,20617035
3135,3,1,18.957753902135508,72.77726094167454,suburban,16830808
8662,4,1,19.03598934585215,72.9075605512275,urban,67472322
3060,4,2,19.15944830908135,72.96545476880866,suburban,14363215
5915,1,4,18.93306228901256,72.75607992214465,suburban,23574802
3891,4,1,19.20107792421588,72.95979786059837,suburban,25163137
6451,1,4,19.343678114032972,73.10771004809759,rural,22103493
5968,5,4,19.20197208030625,73.00940308622245,suburban,25782540
8507,3,2,19.346234332636293,72.6055686489987,rural,18159228
9564,3,2,18.95430492546833,72.94635339218362,suburban,51822773
9944,5,3,19.183454301205025,73.01856521987834,suburban,49447201
6913,2,4,19.208650163759494,72.97834712107036,suburban,29750001
7441,2,3,19.110347693517106,72.91522868048163,urban,48876219
5320,4,3,19.102887395480668,72.9119992354547,urban,39752938
3398,1,3,19.04360252072012,72.8580853148875,urban,26859277
8046,3,4,19.15024861708073,73.00194283037281,suburban,39669560
577,4,4,19.044222779037778,72.9155964720722,urban,1000000
8077,5,3,18.820117671063073,72.59639300331214,rural,20586578
4727,3,4,18.98610195954387,72.79938488299237,suburban,27518122
1100,1,3,19.15445229604387,72.9656583251978,suburban,13336522
1565,1,1,19.08264875578268,72.86601726624727,urban,12535847
2636,2,4,19.030646166227754,72.8980978864868,urban,26236767
7443,4,2,19.09892798338411,72.91114714429695,urban,61421942
8304,5,2,18.977445940013304,73.02456587973346,suburban,39747220
7065,3,3,19.181135162510014,72.78320480689307,suburban,40699516
6484,1,1,18.954900546826078,72.77120454959504,suburban,37128893
5642,3,4,18.966576787475876,73.02698560938927,suburban,26238239
5170,5,3,18.930640206418506,72.7949337228715,suburban,27365829
2690,3,1,19.105687211379514,72.90631971029691,urban,18636559
9684,4,1,19.004855106059445,73.0041744654135,suburban,42883797
3212,2,4,19.13695251449017,72.77752164024298,suburban,21802978
2692,3,2,19.176645754544523,73.00656989895535,suburban,21738732
1748,2,2,19.09880814128626,72.92238373861375,urban,13700949
4533,5,1,18.976047221510708,72.96147099130256,suburban,21388481
2497,2,2,19.11762612150932,72.84537696505333,urban,24940376
4187,3,1,19.286554131503408,72.70425645785272,rural,17413642
4518,3,1,19.180042201303056,73.02212036147218,suburban,18179381
2470,1,1,19.311043492030954,73.16048938610813,rural,5133725
8889,3,2,19.19341638689676,73.00341618488221,suburban,54521943
6265,2,3,19.042434118553064,72.87799095419024,urban,57358505
1702,1,2,18.99031982698667,72.80105375682078,suburban,3639867
8635,3,3,19.076215301870153,72.91334776938434,urban,59548731
6067,3,2,18.896702388418497,73.16861641473487,rural,18438775
8167,5,4,19.347303823428373,72.66923526872061,rural,27944545
6242,1,4,19.18533543258987,72.7487234463795,suburban,34415839
6288,5,2,19.133804530935194,73.01810623875332,suburban,35547602
5908,5,4,19.18528874043568,72.9463750613255,suburban,32967370
9169,5,4,18.84371185781756,73.15027946805746,rural,25103466
9946,4,4,19.03467293156858,72.88840214283707,urban,73802156
1422,5,4,19.174314429926874,72.73308805300005,suburban,12681721
919,2,3,19.146600010619093,72.73799131439809,suburban,1103127
2704,3,1,18.823022081191333,73.07270297207627,rural,1000000
1620,4,3,19.31843291492619,72.66509460770631,rural,4954972
1450,5,1,18.906225024787254,73.08640986335551,rural,5787615
2836,3,1,19.18910469489962,72.96842597581946,suburban,24048492
5873,1,2,19.120742999818084,72.86930790816388,urban,44659790
2743,1,2,19.16026737272171,72.7830277875826,suburban,6715570
3145,3,2,19.015977831533135,72.94255784791089,suburban,22838102
5112,2,2,19.14576734382159,72.78570397877739,suburban,25558885
2365,3,2,19.088888783802673,72.8277097569562,urban,18322066
6528,3,3,19.218095766689842,72.74541528194678,suburban,26981939
7826,4,3,19.06199863447302,72.89417992766894,urban,63626672
6871,1,4,18.900796887611587,73.15025495408305,rural,19454240
6859,1,3,19.058598570080775,72.8767834855947,urban,52765716
8363,5,3,18.966546833114727,72.98366330242868,suburban,48080098
3728,3,2,19.068167600286387,72.91999092642058,urban,34723867
4219,3,4,19.113236852775184,72.88677835232546,urban,35162443
2871,2,3,19.31184868631804,73.0444512773974,rural,10017250
3391,1,3,19.05126397426041,72.87651957285239,urban,28019630
4256,2,4,19.09913560480957,72.87377253556043,urban,41845177
4725,4,1,19.03860610418374,72.87163488770115,urban,32725152
594,5,2,19.009736674625113,73.0028147351693,suburban,1000000
3174,2,3,18.977746601045556,72.7583586397339,suburban,9981916
7398,1,3,19.033603010763734,72.88402994760747,urban,58742920
1293,4,4,19.020579733649562,72.98647686429682,suburban,7477276
2616,3,3,19.05893159916723,72.87653494090807,urban,16017629
6279,4,2,18.78668572426626,72.65703367037368,rural,16631012
6666,2,3,19.24955036170365,72.6213599146275,rural,29289277
1314,1,1,19.35684572202895,73.04156648179858,rural,3527826
845,2,2,18.90617311613595,72.58773573165922,rural,7949380
9054,3,1,19.117006584553508,72.85714069943589,urban,62629802
2943,3,4,19.038636810136165,72.8573537272986,urban,25407186
8283,1,2,19.185717435932805,72.74317674082154,suburban,43142670
1484,5,3,19.117480865925348,72.8521232059678,urban,17202680
8290,4,2,19.095354068730376,72.90127133504824,urban,63004619
1327,4,2,19.053396291933062,72.83039698783006,urban,16761394
4031,3,2,19.162523734205077,72.8231803852694,suburban,23491455
7647,2,1,18.930647473706596,72.7541620084054,suburban,37968029
4951,2,4,19.050089266941175,72.83509255765581,urban,36291842
4376,5,2,19.10621046358609,72.88361619315535,urban,27985492
6459,2,3,18.957837246921283,72.74973589319139,suburban,22569785
626,4,2,19.04045465899783,72.90720367993629,urban,3267323
3677,2,2,18.85793515411574,73.1517386346284,rural,8157162
9295,5,4,19.04770164084573,72.84480050166539,urban,69199311
6524,4,3,18.951607824344084,72.77021108772061,suburban,35298201
5609,2,3,19.175211675619135,72.77273613947135,suburban,32315469
4646,4,1,19.06381655796977,72.85694114651098,urban,30551295
7696,3,3,19.164842384674564,72.77764377864821,suburban,41987800
3868,3,3,19.16535150626489,72.9662494443307,suburban,20048521
4297,3,3,18.776225551279634,73.03874412634914,rural,2971332
2292,2,2,19.143443860653644,72.74374760107149,suburban,15902620
6232,5,1,19.066147798260896,72.91004784494207,urban,44424106
3976,4,3,19.050990944935005,72.84170685073293,urban,44832817
3917,1,3,19.057587826640262,72.8618674013891,urban,36072948
2145,3,3,19.06573575447856,72.86499589419579,urban,17311902
9897,3,2,18.98488555471495,72.75669666341949,suburban,49862042
3530,1,2,19.22878633936477,72.6542479172928,rural,1826291
3372,1,1,19.01999350101566,72.94108014015015,suburban,25498298
3572,2,4,19.14947507600196,73.01545982941416,suburban,13852696
2354,4,1,19.128012263184853,72.7829436230609,suburban,13099040
4521,3,2,18.83091912105403,72.67459554181072,rural,9069364
5162,5,3,19.07449484397422,72.84834660021384,urban,43826535
7014,2,3,18.961224591455338,72.98600084937314,suburban,34987481
5531,2,1,19.2363324101328,73.14095287970605,rural,11579439
3208,5,3,19.110212624950865,72.85368000156367,urban,29063664
7612,5,2,19.091286206478042,72.83956805005288,urban,67098738
8893,5,1,18.882228513812475,72.6292191332184,rural,26472166
4007,1,4,18.993907449825667,72.74781464434436,suburban,8844411
6956,3,2,19.06086747715076,72.91533969377444,urban,55542449
4712,1,2,19.176922906603544,72.7628753177454,suburban,15548143
8470,3,3,19.17127199604908,73.01249777172389,suburban,35951989
9266,1,2,19.022337077763627,73.0156782643545,suburban,38382817
1036,4,2,19.06265604745696,72.84624511387052,urban,13359532
2125,3,4,19.093553364304846,72.83557609036357,urban,10519575
8473,2,3,18.98362452444612,72.936286232154,suburban,47807455
9077,3,2,19.023279161619037,72.99062383756343,suburban,50093352
8570,3,3,18.85292832880623,72.70144890060536,rural,20652388
9166,3,2,19.0573292348137,72.87422066796,urban,72850680
9109,4,4,19.322331247526726,73.02788751912777,rural,33132581
6990,1,3,19.097271193212528,72.87215378064926,urban,50393441
4100,2,3,19.160340644574795,73.01193085646705,suburban,26675253
7283,1,4,19.37349141327766,73.08348962080085,rural,20375824
9646,1,1,19.017259811410707,72.96884660662509,suburban,44399399
5471,5,2,19.070087431620347,72.89020981884312,urban,47923629
1705,4,2,19.04302078388382,72.91434521717262,urban,11062894
2490,5,1,18.970823598146037,72.73727904519868,suburban,20325405
5799,4,3,18.9630011886407,72.96894578468549,suburban,24381349
4072,1,3,19.337570676617045,73.06177276225051,rural,16664429
6475,1,4,19.196300781773715,72.97983657589442,suburban,33187054
6820,4,4,19.298602795200413,73.09663376086658,rural,23699363
4880,1,4,19.12626611036193,72.98637602657715,suburban,22535087
5257,1,1,18.81417347942181,73.16108456990533,rural,14571713
3213,2,1,19.060252022430888,72.83793203775113,urban,12220957
6088,5,3,19.276525376733986,72.71742730033334,rural,19889513
1466,5,4,19.106700614784586,72.86942376572948,urban,7410446
5444,5,3,19.264946185081474,72.70999698868216,rural,20645912
3932,3,1,19.11374952783854,72.85432896145899,urban,28071911
1188,2,2,18.963823945153223,72.95356536647904,suburban,3264647
4743,5,3,19.12812080506314,72.98541594175862,suburban,19798137
4201,5,1,19.22785567743004,72.71197232534948,rural,13975430
9033,2,4,18.95908368098883,72.94796230533322,suburban,41365736
5682,1,2,19.054848841038297,72.86082262894237,urban,42980535
7204,5,2,19.1477977179952,72.9530805337072,suburban,36244581
4922,1,2,19.05547705787162,72.91366174596007,urban,32277968
2259,5,4,19.094842454139563,72.91522682038656,urban,17879642
9681,4,2,19.036485901437935,72.87326166308422,urban,71657221
2982,3,1,19.04892548729801,72.89982155905562,urban,28567027
8558,5,3,19.22302378247259,73.00923594790504,suburban,49601211
1451,4,2,18.878501045803365,73.03198695356758,rural,1000000
9414,2,2,18.91407270437534,73.06914903934559,rural,28102099
2579,4,1,19.06604535132349,72.86819310944664,urban,20004166
3217,2,4,19.103140901184318,72.84184032435789,urban,21081905
5024,5,2,19.041774061580426,72.89035890516723,urban,40943852
8977,2,1,19.083174215219252,72.84310047054822,urban,70519419
7811,4,1,19.111226442685393,72.86060594141013,urban,47081611
7686,3,4,19.06269673485445,72.86974600808347,urban,64813649
2565,1,4,19.158270187073896,72.98344550522727,suburban,16339729
1268,1,3,19.151943472594528,73.01814748677108,suburban,5711774
5990,3,2,19.195848892546884,72.96242267703569,suburban,25993072
7145,1,3,19.049594352340133,72.90293296193873,urban,56769396
5583,5,1,18.952279674857376,72.82547600541919,suburban,25997629
5732,5,2,18.78764353178826,72.59437597291432,rural,22403135
6297,4,1,19.075335739155832,72.90894241743838,urban,53604435
9638,4,1,19.03984501468849,72.8930699121346,urban,74189948
5426,2,1,19.073598299448726,72.90203310293157,urban,37624138
6516,4,4,19.0290102791312,72.8869725549724,urban,53672171
3835,5,4,18.970327178478446,73.01178483295892,suburban,24728699
8538,4,2,19.114016035839565,72.91642733216426,urban,64221179
5373,1,1,19.16681640008997,72.81395658662483,suburban,28512418
1981,2,1,19.11337460984085,72.83519533441948,urban,13091391
6805,2,2,19.181792327308468,72.93919995266599,suburban,25491249
3951,5,3,19.093963535394085,72.89588496118722,urban,24162054
554,4,1,19.186065804499638,73.01362228039018,suburban,4001286
8143,1,4,19.036526026169877,72.91415354379795,urban,69451307
3962,4,3,19.076327671988626,72.85500528088383,urban,27252178
1332,3,3,18.815276453302207,72.59353944160934,rural,1000000
6454,4,3,19.205193259667844,72.79945027598049,suburban,34861381
9019,5,3,19.112412388035462,72.88918628486553,urban,70545181
7721,4,3,19.149416275167376,72.77528381845379,suburban,41373014
3810,2,3,19.14785490812508,72.99319064082077,suburban,21879176
3800,1,2,19.156369162300418,72.99509718117261,suburban,18386187
7222,5,2,19.148219903064252,72.73979067096417,suburban,38137365
7718,3,3,19.300837806538503,73.05933400881912,rural,16729606
8276,1,4,19.083433049828738,72.84323125939048,urban,60926238
4175,1,2,19.07417440798982,72.8685974394138,urban,38430109
3554,2,2,19.073668734142764,72.83825608212804,urban,30016709
8470,2,3,19.136649708704503,73.02411109527463,suburban,43760490
2643,2,4,19.28992469868677,73.14604931804763,rural,1935072
5707,5,3,18.90846247180724,73.0722017986002,rural,13632512
3038,4,4,18.96642255651408,72.98569767123145,suburban,11079678
5047,1,4,19.34450544709644,72.59917285030956,rural,3396396
6119,4,1,19.206127667255497,72.79441187389429,suburban,29904413
8856,4,2,19.183176733802107,72.99665683164534,suburban,43131101
7112,2,3,19.353250797494677,73.1717849889227,rural,19818311
5505,4,2,19.07165920622162,72.91198871169425,urban,48520793
1322,1,2,19.128426954698938,72.81479873841658,suburban,3558968
1443,1,4,19.1992028585648,72.96931366982044,suburban,13225188
6650,3,2,18.873281256853193,72.63262319631997,rural,21242206
4925,5,1,18.898350216107865,72.6849722395754,rural,21963677
9466,4,3,19.253512228069013,73.05373619327715,rural,22801594
2698,5,2,18.912170394764324,72.59350607165234,rural,13578137
4742,5,3,19.18765574768408,72.96167818564453,suburban,22039426
4195,5,2,19.084981074576753,72.86653061410794,urban,30242197
3952,5,3,19.124387298454483,72.83432309884655,urban,31794974
9606,1,3,19.18377863032307,73.02665683115441,suburban,43048777
1808,4,3,19.199976963164218,72.93090911445795,suburban,12437057
4677,3,2,19.129611011198218,73.02687239021763,suburban,27905246
9205,5,1,19.159450892576427,72.79860181837343,suburban,50044600
7352,3,3,18.876628955125287,73.0832224895821,rural,21011029
6535,1,4,19.112629355291975,72.90237351197415,urban,55768362
4094,1,4,19.322971265164337,72.61281498828669,rural,12102325
5341,2,4,18.85463754594044,72.6773222896308,rural,14111255
1909,5,1,19.19393554595128,72.73176958755548,suburban,9730594
5066,2,3,18.934747349752772,72.9291229370973,suburban,21005611
4991,3,1,18.94063973420399,72.76460061620564,suburban,20070731
2055,4,3,19.184991299288132,72.80364630974734,suburban,9282656
1304,2,1,19.08158362666927,72.91834839304963,urban,5305856
1779,1,3,19.033236794575508,72.88813905122109,urban,8251748
7583,5,4,19.102980347298203,72.83924020696236,urban,55117773
6486,3,3,19.037676969071203,72.86431279966696,urban,55712849
6119,1,1,19.053388117354974,72.84753141588938,urban,42172647
1887,4,3,19.045869417361136,72.84076690324248,urban,20400126
3179,5,2,19.187085401308195,72.7588874396416,suburban,13966868
2606,4,3,19.30585309642079,73.17063594044984,rural,7641454
8673,4,4,19.22176311426663,72.96657954781273,suburban,40388361
4723,5,3,18.811568795088967,73.0786959354551,rural,14928253
5331,5,2,19.19426212498968,72.81405476758782,suburban,39599934
3268,4,2,18.975963542355622,72.99568825351486,suburban,13704073
3686,3,2,19.1853240044849,72.7605586900328,suburban,17259307
3073,5,1,19.094729261642854,72.87147901207301,urban,19612379
3099,1,2,18.797460322567435,72.66883242291479,rural,12212892
4533,2,1,18.86111183646346,73.14936842514611,rural,17630472
8928,3,2,18.993272369901675,72.7801972099238,suburban,40600981
1804,5,1,19.115538162203475,72.8770700696846,urban,15048759
7868,5,2,19.136889350822674,72.79083286164987,suburban,43282793
6377,3,2,19.067752460596605,72.84635557267882,urban,49739258
1801,2,3,19.02969894953432,72.89644086660799,urban,9982328
3041,4,2,19.37491057861657,73.1655809950845,rural,2540032
2551,1,3,18.94184701914836,72.80212723815329,suburban,6156427
7309,5,2,19.132060421539897,72.99841839273125,suburban,43236232
9133,2,2,19.35511959608268,72.64753386878427,rural,28498617
9496,1,3,19.220389880994816,72.94930175779393,suburban,55310176
574,3,3,19.152984695796885,72.74000525780603,suburban,1000000
7481,5,1,19.043821841886984,72.89976164634719,urban,59915297
5975,4,4,19.043477750386327,72.8435054301903,urban,47821143
8732,3,3,18.970453312260112,73.01119872377092,suburban,45914953
7684,5,1,18.94188618172945,72.74690466034541,suburban,42294719
6296,2,2,19.090656275368726,72.83174411866119,urban,64123590
7641,1,3,19.06271355583037,72.85403949311184,urban,73927309
2122,1,3,19.010999613927254,72.7887340670843,suburban,12404176
8541,5,2,19.198889167812972,72.76789036595233,suburban,52031318
841,3,2,19.011459241694418,72.93367486053236,suburban,1000000
2574,4,2,19.02589728613892,73.0064718943135,suburban,13391351
8492,2,2,19.07480655760579,72.86394959787242,urban,60965198
1145,5,4,18.988502616385123,72.78458663217494,suburban,9007844
4763,2,3,18.91346813191757,73.1034572030017,rural,15736193
9301,1,2,19.1038762608347,72.85514851740045,urban,81795532
6636,4,2,19.135789963734933,72.80417900740966,suburban,29975563
9146,2,4,19.022468339140513,72.81353244756137,suburban,53325115
3469,5,3,18.994951952619026,73.00773866965599,suburban,16845686
3528,4,1,19.045341859914355,72.84009398839129,urban,25384136
8143,3,3,18.830875627351787,73.14839353335432,rural,21699606
3181,5,1,19.12667962847465,72.96906781134268,suburban,27463595
4129,2,4,18.801716105168847,72.71835710769754,rural,1209723
4725,4,2,19.054893871739896,72.83515969593331,urban,39623742
3567,5,4,19.174910258175466,72.94351533432042,suburban,25577311
6441,4,3,18.951873820030055,72.74349322350125,suburban,28141146
1886,4,2,19.027330979723065,72.85367359383746,urban,18668200
3366,4,3,19.072781169952528,72.89710112794161,urban,24031505
5288,2,1,18.987795941431326,72.98130483960672,suburban,36093517
5990,5,3,19.04249823493583,72.890004950008,urban,41223653
4624,1,4,19.16992517282054,73.00849187016526,suburban,25705853
8840,1,4,19.037146918619754,72.87657584100366,urban,65049975
4350,2,4,19.09624943584942,72.83640117258074,urban,33266964
5915,2,2,19.205249703255664,72.80549954853556,suburban,28049914
8179,4,3,19.120056128747265,72.88483342348223,urban,69046729
7319,5,2,19.289608167755592,72.72668076089013,rural,23215634
9828,5,3,19.312799582764697,73.10177375609807,rural,22294373
8878,3,1,18.93367841146059,72.9609482537426,suburban,46348460
9942,3,3,19.31130701142862,73.10682025850959,rural,30050598
1833,1,3,18.875440439598215,73.16401454495595,rural,8363543
4650,3,3,19.078844886734608,72.89334779838303,urban,38558201
7266,3,3,19.23614840636473,73.14489322121949,rural,13242610
3211,1,1,19.091717693584496,72.90490120654137,urban,30413100
5353,1,2,18.93859006092358,72.78847795830471,suburban,31799239
6712,3,4,19.15188368955659,72.76166643490427,suburban,37154266
7979,5,3,19.128003046742407,72.93727631261127,suburban,43721593
5908,3,4,19.02910946138247,72.89074912721873,urban,48061188
8215,4,4,19.05765445383823,72.90133760677143,urban,69958172
9442,4,4,19.02140848637304,72.80602984334526,suburban,55985135
2262,4,4,19.064265156229403,72.84079986728364,urban,22113679
7601,2,3,18.926586318641835,72.95614395808339,suburban,41164639
8174,4,4,19.148002669721173,72.7399148789274,suburban,43184220
6622,5,3,19.11609024889891,72.8618834919634,urban,64429143
981,2,1,19.026864382149693,72.87940204310785,urban,1000000
653,2,2,19.17847879361511,72.93968341827886,suburban,1000000
8117,4,2,19.204349559098134,72.82402441753713,suburban,37688340
2024,3,3,19.079040812341358,72.89657120606762,urban,27678737
2620,1,3,19.029745626740013,72.88626463270906,urban,19265184
2843,3,2,19.026309803657817,72.85421783672892,urban,12753085
5636,3,4,19.07596842553165,72.91882813374257,urban,40186639
6260,2,3,19.013341018399448,72.94462891290033,suburban,34857975
1740,2,4,18.988513830617762,72.76535785980772,suburban,9327567
560,2,3,18.927312833865116,72.79232864205056,suburban,2268813
9630,5,3,19.36170352379441,72.71387485063872,rural,29815927
2139,5,1,19.063757734831647,72.8571882772661,urban,24309187
6685,1,1,18.926579578807765,72.75434507060277,suburban,36900622
8470,2,2,18.943097810833457,72.7787333899288,suburban,38113783
1752,4,1,19.152637984563057,72.95006002273871,suburban,11483489
4703,2,1,19.179848057612507,72.79856866088448,suburban,31261243
8863,5,2,18.926537208149426,72.73765667725587,suburban,46344216
4049,2,4,19.215154287392394,73.02124627375079,suburban,17187820
4697,5,1,19.077867977869133,72.91590017922147,urban,31911846
7509,2,4,18.96922030030871,72.9403800542854,suburban,39381178
7167,4,2,18.98140790482646,73.02123690161356,suburban,35540439
2822,1,3,18.794708365580618,72.61406124487401,rural,4645979
4590,4,4,18.95412910069358,72.94722997359239,suburban,25500929
7460,5,2,19.206609185715593,72.98889291619153,suburban,35111386
3504,3,4,19.000529641764995,72.75272511675728,suburban,24821540
5636,4,2,18.8442043741403,73.09273018916817,rural,15792509
829,2,2,18.90566998639576,73.08188418132696,rural,11158028
4140,1,3,19.181853079408103,72.77280302410882,suburban,25476250
8482,2,4,19.220388491003888,73.02115696979398,suburban,41794922
4607,2,3,19.06118950115842,72.88318984565731,urban,29599867
1841,4,3,19.13556062841392,72.79739932992325,suburban,14119889
8907,1,4,19.003661033166356,72.76384944741048,suburban,46850814
838,3,4,19.00888356252417,73.01645718449878,suburban,1447050
6395,2,2,19.112246292353223,72.86677449422578,urban,43251778
3208,1,4,19.131698245351046,72.93837420178944,suburban,16450271
2250,3,2,19.047997000410867,72.91509856201489,urban,19478196
6104,2,2,19.224635818038927,72.74603263376683,suburban,30734850
2921,1,2,19.08486241399273,72.904690829918,urban,22539699
7619,4,2,18.93129666878076,72.76756553300929,suburban,44652283
9401,2,2,19.04238583172687,72.88608628031287,urban,68383349
5819,2,2,19.059346853978482,72.9187247375245,urban,54077267
7109,1,4,19.187164233383598,72.99534926134234,suburban,26892901
5887,2,4,19.07588485520626,72.8708164721389,urban,42240970
4493,3,1,18.955412814323246,72.96596386603333,suburban,16703281
9180,2,4,18.82546952276654,72.62871225002861,rural,26911683
8544,5,3,18.776719274915248,73.05737310338932,rural,27236175
8738,3,1,19.042231949532205,72.87340434530543,urban,75661646
5373,1,4,19.24102781064987,73.12120564677008,rural,15547403
5306,3,3,19.088869894832573,72.89549607526155,urban,45909487
9092,5,4,19.318914837504686,72.6835956316089,rural,22024532
6413,5,2,18.97083138006249,72.97668511732168,suburban,26614245
7624,2,1,19.054350790670647,72.88050303048952,urban,64703297
3657,2,2,19.1942324578608,72.94022259329333,suburban,23055013
890,4,1,19.106168871599735,72.85137582345999,urban,9669833
4930,3,1,19.17532903649036,72.9907630605983,suburban,20464486
9320,4,2,19.198831044204784,73.0142977317043,suburban,59316823
8186,5,1,19.196663192596386,72.75448253522298,suburban,46049431
4732,2,1,18.929184204978835,72.74117808264779,suburban,19398449
8507,2,4,18.824739698496952,73.1353700951689,rural,23986042
2021,2,3,18.796438507108856,72.62416559697365,rural,1000000
9518,1,2,19.00391596277153,72.96848423113497,suburban,47939717
2000,5,4,19.199366109657902,72.98953945452575,suburban,9312421
7237,2,4,19.272154692783086,73.09865712566923,rural,32493093
3794,5,2,18.81446463048805,73.10128149628575,rural,14650844
5585,2,1,19.055290340337283,72.85316923822471,urban,30121555
2919,3,2,19.104102641030824,72.84569863140057,urban,32569767
9626,5,3,19.07249212223952,72.89477188035144,urban,77139254
3542,4,3,18.929521384704998,73.02762405802245,suburban,25914182
4997,1,2,19.097824234525355,72.90234408330221,urban,39437128
1966,4,4,19.201921009760902,72.74143951234538,suburban,11534631
4061,5,2,19.170570614452032,72.7860489121958,suburban,17714788
1114,2,3,19.19198171714566,73.00524453962778,suburban,8713016
5892,5,2,18.98037892457174,72.96403726261802,suburban,36516884
8193,1,1,19.049188762100723,72.84990048352525,urban,52995448
9874,5,2,19.333311118223975,73.0546485943404,rural,25299928
3723,2,4,18.882141976652864,73.05300656851355,rural,4197453
7638,4,1,19.163351149075464,72.78147658271516,suburban,48015075
3167,3,3,19.341180020400763,72.6804931874824,rural,13900147
8480,4,2,19.05121539621001,72.87114035721191,urban,63946307
630,2,4,19.17235766272387,72.98066669163296,suburban,8917750
3483,2,4,19.11646918080457,72.88863926309871,urban,20662467
4778,1,3,19.02210965322369,72.76647396591233,suburban,25277092
7626,5,2,19.097034423851877,72.8667077646581,urban,64528283
8730,5,4,18.942230350843147,72.73344707547349,suburban,42279284
8194,4,1,19.072055529547374,72.88671475810129,urban,63514640
7140,3,2,19.006286727814196,73.02043328408284,suburban,38526733
5968,3,3,19.0426820335916,72.90397318334189,urban,52204944
1420,1,1,19.258872705866597,72.70617060873923,rural,1000000
8064,2,2,19.193149525529158,72.9846562740665,suburban,39279913
9184,1,4,19.037552401230776,72.87530180378842,urban,65197859
9823,5,3,19.061701864408853,72.92503686162402,urban,79014653
9002,2,3,18.91855640987308,73.07244413045899,rural,24565099
9430,1,2,19.124349618318433,72.91019016077271,urban,75115790
3741,4,3,19.133599824401642,72.98383550283435,suburban,13382170
1045,5,1,18.94535474323046,72.93320242355713,suburban,4135852
4846,3,2,19.074919506622262,72.84346476629479,urban,47920604
4310,1,1,19.09527151426943,72.90977672211399,urban,31632758
7706,5,3,19.196451989362764,72.97172837136401,suburban,45511366
9505,5,3,19.039768613171994,72.8537338583899,urban,68667389
2532,3,3,19.074953968525232,72.83383385988793,urban,13215468
8936,3,1,19.035568578156656,72.86744433717224,urban,75329027
771,3,3,19.120388629673457,72.9185413693277,urban,11308718
4011,1,2,19.072597485827842,72.84191585445107,urban,28535508
2271,3,4,18.899283851606235,72.67106809180864,rural,14564739
9954,4,2,19.134297559439037,72.760322251648,suburban,47753698
4861,5,4,19.15512967579781,72.74980516174477,suburban,21818936
7569,3,3,19.07510019702128,72.83735325555119,urban,58541241
1420,5,2,19.117846940010136,72.89456605235411,urban,11746280
8690,2,1,18.888942377127208,72.63613181794487,rural,18415687
3930,2,4,18.962465036026405,72.97508708957311,suburban,19367227
4935,3,1,19.099588209190735,72.8890725746064,urban,39711836
4260,5,4,19.018004730875578,72.93423735704464,suburban,27939775
2550,2,3,19.169024599653874,72.95522225591793,suburban,26430827
1665,3,2,19.255266189758842,73.13332116445943,rural,9895488
9067,5,4,19.038431930759565,72.8927806243363,urban,65600816
2533,3,2,19.222143597590012,72.80841761827367,suburban,26561657
6967,5,4,19.1866047949274,72.98679448673317,suburban,36835753
645,2,4,18.81375495824204,72.6559590421028,rural,1960150
4888,3,3,18.80462283448301,73.10626945600585,rural,9819546
8332,2,4,19.04015724913928,72.84375031279325,urban,63752113
9123,3,1,18.93930653460542,72.94005780956304,suburban,45687712
9396,1,4,18.992572535371096,73.0142455666739,suburban,50083179
8673,2,4,18.926355358265187,73.00140547463032,suburban,47763185
3132,2,4,18.911199160096,72.68973466171028,rural,6799457
4994,4,3,19.295543295860085,72.61995687677572,rural,20157635
8556,2,2,19.039016854456975,72.88916087487804,urban,62455533
8011,5,2,19.049031275376343,72.87563250717538,urban,68294477
9655,3,3,19.131111772772773,72.99576128120675,suburban,45784575
2328,1,1,19.090742289895864,72.85524063800598,urban,12224201
9630,5,1,19.053860297536154,72.90783605330908,urban,73062946
5305,5,3,18.954143768701517,72.76972713488014,suburban,26763840
1306,5,2,19.240106626925165,73.1561256956677,rural,1000000
7986,5,1,19.085049153382347,72.9195595131101,urban,60270354
8702,1,3,19.14286379076994,72.7590342613966,suburban,40537890
2368,4,2,19.057000896456994,72.82922923140676,urban,19652971
8378,2,1,19.099486746696915,72.82839803244562,urban,66226160
6190,5,1,19.11325336491822,72.83333012521037,urban,48135227
8327,2,3,19.09127647298719,72.86541841444232,urban,59185081
5929,2,2,19.25650109805751,73.16243875997807,rural,13995973
9576,5,1,18.87493391507851,72.68507703607142,rural,33599617
4064,4,3,19.209657076260633,72.75611495357042,suburban,17798593
1889,2,1,19.048792472518866,72.91298039832765,urban,10115401
7774,3,2,18.951033801654162,72.77597257102336,suburban,31470827
1324,2,4,19.082917302780736,72.91052763941786,urban,7973290
2765,5,1,19.100225954883758,72.91332449939459,urban,27133003
1436,1,2,19.17672827716587,72.76523509409817,suburban,2916486
6902,2,1,19.002767993982328,72.78329793197439,suburban,34333653
4345,4,4,19.11751462573581,72.82928360110462,urban,32300156
2296,3,4,19.047257315817323,72.85114505077614,urban,16380865
8745,3,1,19.274991902039268,72.6854320069369,rural,31735162
7714,1,3,19.214562026425476,72.99139778410725,suburban,37132496
1226,1,1,18.79643707248949,72.63289313162788,rural,1000000
3236,2,2,18.871750019425026,73.14619472101097,rural,1000000
2413,5,3,19.183658236950563,72.94217675027406,suburban,8620534
8157,4,2,19.056754252855274,72.90485979389992,urban,57380866
2966,3,2,18.961243363423776,72.80128297183565,suburban,19657634
9541,1,3,19.03909099232577,72.85189462365882,urban,71166733
7812,4,4,19.041782902244915,72.88940512477878,urban,61356795
8694,5,2,19.185878311897724,72.76908279398673,suburban,43571132
8406,3,1,19.207478453396458,72.73634472884503,suburban,40790710
5376,3,4,19.084777449016894,72.83553362212473,urban,46899015
7787,5,4,19.13801424383556,72.99313393129614,suburban,46004790
1392,3,3,19.201833208683443,72.97026774809906,suburban,16442264
5175,5,1,19.113205365383084,72.83598884711454,urban,36562558
2433,3,1,19.04489646425354,72.85539768659619,urban,17610535
1880,2,4,19.125528060706543,72.8693859820176,urban,16372641
1790,5,2,19.076170853047813,72.9046696750974,urban,23921575
2140,4,2,18.96235844146612,73.01184206919413,suburban,7869012
7990,2,1,19.223217768749322,72.74801876384137,suburban,43916241
9679,4,4,19.164127182294525,72.73475088079559,suburban,46467035
1718,3,4,19.088143363452563,72.90348306374338,urban,19768249
5516,4,4,19.08208338281117,72.84361667730857,urban,44289297
7381,2,3,19.057921546207844,72.8834944863709,urban,51554059
1454,5,1,19.027816782092717,72.87143507049633,urban,12528943
9675,1,1,19.101580287927593,72.84412340045164,urban,75910264
7791,4,2,19.132455895015692,73.01130291407277,suburban,25502728
1474,1,2,19.04365789724895,72.90833049805832,urban,16059388
4633,4,1,19.191812947148723,72.79428807303516,suburban,16610037
5870,4,1,19.010411183681295,73.01122555942088,suburban,28970415
4472,5,2,18.970298092335636,72.73935080848022,suburban,22973644
5795,3,1,19.03269230625233,72.84385789818599,urban,30973483
9605,2,2,18.92149432803678,72.62897657650635,rural,24214046
8728,2,1,18.894379714560653,73.05011096673302,rural,26968864
3520,2,3,19.121324141331865,72.89705045286247,urban,36821799
9487,3,3,18.967457117153494,72.95994868718051,suburban,52285877
4536,1,4,18.91258911782012,73.17742278320826,rural,16021161
5568,2,1,18.963854684317177,72.76892328047721,suburban,16685556
5733,1,2,19.05174274276747,72.85033904034597,urban,42025210
817,3,1,18.97104675428108,72.82067991854422,suburban,13688635
2896,3,1,18.969918639683964,73.01968120482103,suburban,19399235
2662,5,4,19.12708283006608,72.81696057843526,suburban,13254502
3245,2,2,18.798728641729078,72.58453263700147,rural,7671350
2091,5,1,19.193761313529645,72.80764749224107,suburban,16683640
6683,2,2,19.030751578268564,72.88890767846254,urban,55828055
4430,3,1,19.022381139598465,73.00162399564655,suburban,21867694
1812,3,4,19.13396108247767,73.01836223650368,suburban,8614787
9977,4,2,19.116443856733774,72.91786100561883,urban,78866504
4811,4,1,19.04570340638871,72.86575776279363,urban,42831788
7814,3,3,19.246193950025575,73.14394670152045,rural,20420180
2883,3,2,19.218880757539498,72.94852152148763,suburban,5470340
3739,1,4,19.124923682777272,72.8942381261821,urban,28425669
2639,1,3,19.032877393283073,72.88654243496953,urban,14136856
2204,5,2,19.00801572503188,72.82464972225807,suburban,22724619
7424,4,2,19.152610408305407,73.00657708988157,suburban,33254414
862,4,2,19.09929587803852,72.82932389919493,urban,7738971
3104,3,2,19.12748121334334,72.93063134575476,suburban,13130248
4786,3,1,19.063398778502858,72.88848458031168,urban,34839095
4238,5,1,19.124591388582697,72.86314095670144,urban,38148330
2969,4,2,19.131565890675716,72.80820998383342,suburban,21620044
5295,1,4,19.095937919014773,72.90672008240387,urban,43939613
6650,2,1,18.907374769149083,73.04794804830613,rural,23593750
1056,5,2,19.111716916430954,72.84869676086936,urban,7728773
9517,2,2,18.96168482546203,72.77608336338167,suburban,41975379
3308,1,4,19.045543535839126,72.8912246093454,urban,22030919
5650,1,4,19.030310053445834,72.92704722762576,urban,45157755
8061,2,4,19.128675890649273,72.82268434592842,suburban,47428106
3219,5,3,18.942837464423047,72.95341892117767,suburban,11490147
7006,2,2,19.12779773311762,72.93558793164837,suburban,33876481
4241,5,4,19.14543584694494,72.75827454369805,suburban,21758451
4498,5,2,19.211033419947228,72.94107993379994,suburban,20033085
2903,3,1,19.220708144990386,72.75049164575557,suburban,17272601
9280,4,2,19.17625002450184,72.73546194181613,suburban,52052772
794,4,2,19.209741760884096,72.97728437211886,suburban,16967294
5843,1,3,19.01121450739405,72.93236757528082,suburban,39341953
1636,3,1,18.791957885019436,73.12522970689149,rural,6790625
2564,4,1,19.088166145839335,72.86635392921384,urban,18964977
7509,5,3,19.1476861132796,73.02026145840098,suburban,42584123
5043,5,4,19.074109988120796,72.92731040885936,urban,30851389
1507,2,4,19.064392998838848,72.91311253148923,urban,16036234
5945,2,2,19.212234406031687,72.80443297896423,suburban,31406428
5852,5,3,18.77965698264262,72.66381547037967,rural,17385958
9939,5,4,19.175901783382898,72.98963003637475,suburban,47586795
1935,2,1,19.220294211822363,72.73618293710545,suburban,12823361
1071,4,3,19.029212514825947,72.89887741338305,urban,5170667
2882,1,4,19.003414203719434,72.94645526872057,suburban,19986327
9937,2,1,18.86343054662407,72.59020998863265,rural,30440277
5584,4,3,19.10621808294872,72.84138344112826,urban,46154837
777,4,2,19.0436577201565,72.87543517155245,urban,2983338
7559,4,2,19.16555899408728,72.97631723061288,suburban,35601508
2387,3,1,19.19173889355636,72.95673093818421,suburban,4798322
1765,3,4,19.168004627513096,72.78253589727323,suburban,14002420
7991,4,4,19.15260027035398,73.00445092470969,suburban,41455505
1540,5,3,18.969954663639935,72.7653468346756,suburban,6567697
9609,3,1,19.108601135049962,72.88924321252077,urban,72739972
8573,2,4,18.961427778535203,72.77792564942366,suburban,48394644
9577,3,2,19.095392758148762,72.86588355648958,urban,67803316
3252,5,1,19.049860588778408,72.83480616748236,urban,24395527
8713,1,2,19.142536083718035,73.02696829520838,suburban,34932154
5069,3,1,19.36080308409161,72.70211459646721,rural,8300297
6853,4,3,19.222051846703344,72.81858677485808,suburban,34035154
2853,4,4,18.93408280993037,73.02266833729543,suburban,20457546
7937,4,4,19.111593443236014,72.89291829541175,urban,65149398
5299,1,4,19.0480423108095,72.9007678544485,urban,45627791
1186,5,2,19.123838446445873,72.88029335146729,urban,14632230
8976,2,4,19.265104603861534,72.64167933983525,rural,20899799
5311,5,1,18.89475795358634,72.61982159785859,rural,23954747
9454,1,2,19.317852486372207,72.68180181053903,rural,29859491
5846,4,3,19.088344989530565,72.88632329891526,urban,55278055
5543,5,2,19.15980121877138,72.9572893667546,suburban,37828470
2928,2,3,18.97701166615012,73.02518197351112,suburban,14006870
5626,4,2,18.940826026083453,72.77713504310965,suburban,26400061
8720,2,4,19.146432466143704,72.99980458363011,suburban,32817018
9598,3,3,18.95175531411823,72.96860553813127,suburban,49381698
8313,2,4,19.04330536877859,72.90885700780747,urban,63499356
3856,4,2,19.051861648955892,72.8541354422567,urban,27787261
9207,3,3,19.118936809000235,72.89346356228668,urban,68200447
7766,4,1,19.037430755388435,72.8420585270132,urban,62515579
7040,4,1,19.053236743272027,72.88709956878267,urban,45333255
538,3,2,19.101282546990568,72.85514964434532,urban,12000121
3842,2,3,19.113064203741498,72.83861801788842,urban,34250572
9578,1,1,19.146759916804317,72.73065350788572,suburban,45175086
3344,1,4,18.79278330384143,72.62210973868939,rural,7137013
1598,1,4,18.85344397566501,72.64985309702828,rural,4496660
7527,1,2,19.068110459307718,72.87237636154643,urban,61331956
2323,5,4,19.037248375478637,72.89161725634376,urban,30454645
3655,1,4,19.04708969758891,72.83545332582237,urban,25569875
3593,3,4,19.37553785001062,73.06814444419443,rural,16349199
6158,1,1,18.95605096254028,72.74553178440782,suburban,28597282
4278,4,3,19.03653933074698,72.8367173823582,urban,32126282
3396,1,2,19.233043895498376,73.12661847179514,rural,6854873
1488,2,3,19.092280665655995,72.87826671632742,urban,18011773
4616,3,3,18.803373847189164,72.64569975462521,rural,9507773
6946,3,3,19.0745648532504,72.90676586612116,urban,54437587
4679,5,1,19.066736035368365,72.87122238947765,urban,35114240
2182,4,4,18.94110079547621,72.81693401646424,suburban,10088065
6126,3,2,18.817049529833184,72.61513690768744,rural,23343829
7924,2,3,18.858790327376074,72.68858263342,rural,22438700
1433,1,4,18.98902120524787,72.74780079114667,suburban,3571293
4098,3,1,19.049216921468663,72.86225847928841,urban,29955629
2480,2,3,19.19315740633102,72.79576691928382,suburban,13967080
3556,1,4,19.252080127408103,72.68882519714461,rural,9124579
9484,5,1,19.005627543985888,72.75080430593268,suburban,48681191
1291,3,4,19.166517924466792,73.02436063366595,suburban,5537244
5890,3,2,18.933234186746763,72.79779369017834,suburban,34934182
7135,2,4,19.165628335606748,72.98230788323147,suburban,38980032
2755,4,4,19.150812502904227,73.00705842504172,suburban,13957490
4110,5,2,19.02529564464812,72.98683406333167,suburban,22896368
2107,4,2,19.263570010672318,73.03338065140429,rural,2209810
5679,3,4,19.223627671597164,72.93535636146649,suburban,28741406
7073,4,2,19.161927441197605,73.02184396085882,suburban,32635397
1484,1,4,19.11502443124484,72.90628330250514,urban,12924308
6276,5,3,19.028799774282064,72.83424425023252,urban,49011067
4176,4,4,18.847138309232218,72.70825714702326,rural,11275950
3880,1,1,19.121463029856447,72.85717572875545,urban,30015616
9211,2,2,18.85266309292764,72.6700610554898,rural,27476467
9282,4,3,19.006615506934846,72.80170607098658,suburban,53432831
1550,5,2,18.944866377613966,73.00661896888707,suburban,12703935
4133,1,2,18.857084375980765,72.61836638412018,rural,14660638
6842,4,2,19.015929041981053,72.96703746416489,suburban,33773339
1459,2,1,19.284627752094877,73.07231378230443,rural,4162469
6559,4,1,19.062154041549842,72.89825896633792,urban,59819062
9384,1,4,18.974785331895237,72.73575077214846,suburban,45992323
6155,4,1,19.194770918864133,72.760460312243,suburban,31952770
4973,5,2,19.063155186704364,72.85824379697122,urban,40677913
3446,3,3,19.143239344421367,72.80117114846448,suburban,17791494
8225,1,3,19.209771296196,72.79927133965194,suburban,47115107
1026,1,3,18.885180729338874,73.04283904625427,rural,1000000
3724,1,2,19.113262415202225,72.85854917169851,urban,33810757
2375,1,1,19.15069878159319,73.0182397314065,suburban,14830949
2263,4,3,19.086057752799135,72.91930037609457,urban,18840624
9212,5,2,19.176855748890635,72.82740330404005,suburban,45777689
6297,2,2,18.933755840610807,72.82599775758202,suburban,31207990
9708,5,3,19.2049744726333,73.01150909936851,suburban,55577603
7599,1,3,19.002751624826715,72.98767047176862,suburban,43158083
5609,4,4,19.051526425799594,72.9084599763397,urban,48474222
7144,4,4,19.041426583529663,72.8282521478402,urban,55344503
616,1,2,19.059677521700586,72.87679739549951,urban,5574378
2933,4,4,19.19650803918953,72.74958847423957,suburban,18837781
5963,1,4,18.832023667952463,72.62783769165209,rural,14512519
1083,5,3,19.064236132296458,72.88934365009996,urban,15244895
9086,3,4,19.032557066035398,72.85723253500679,urban,70723386
4288,4,2,19.166641894475767,72.77435593171461,suburban,27535195
4667,1,3,18.954186812184602,72.78035733245837,suburban,15803686
8965,1,4,19.064031834215243,72.88023717061762,urban,65379338
1889,4,4,19.0263210389602,72.85874779564462,urban,14770971
8857,2,4,19.1126572977314,72.86105763945963,urban,69887502
6654,1,1,19.051318633333246,72.88205369624423,urban,48475181
5920,4,4,19.033873009844207,72.88086051316505,urban,57678475
9420,1,4,19.056366579824218,72.86601028898744,urban,65627977
2543,2,2,19.205136500433714,72.76150359813859,suburban,17476150
4697,3,4,18.968248368691505,72.75101412446799,suburban,30272775
3996,2,1,19.044532171055117,72.85779192219992,urban,33289040
1278,5,3,18.991176306903398,72.94645422900051,suburban,6820285
713,4,4,19.143396726878883,72.74687556729185,suburban,4797447
4262,2,4,19.277248704048077,72.63644833315558,rural,15529585
7231,3,2,19.061442778302087,72.8743074841535,urban,47990174
3617,1,4,19.132421321667014,72.98740905362125,suburban,14979827
6291,4,4,18.98264763523992,72.78543993820531,suburban,30254577
9283,2,4,19.083246534895448,72.86991060477766,urban,74039207
3220,3,4,18.92345674677639,72.6345556078053,rural,14534564
9405,2,3,19.20295515715939,73.025861563225,suburban,56578772
9627,5,2,19.003747994721216,72.77377325347781,suburban,40447845
6547,4,3,19.029454978128168,72.8679288276164,urban,46088090
8532,1,1,19.0547644734154,72.85407608456589,urban,62661690
501,3,4,18.930682718297575,72.95154541162655,suburban,5955609
6868,2,1,19.038531925790785,72.90833240734885,urban,56048086
2449,4,3,18.954515192547326,72.8147513804433,suburban,7582745
7232,2,1,19.100734300844355,72.85516163978346,urban,56987239
8333,4,4,18.927845792484266,72.9817570066621,suburban,29855166
1417,5,1,19.211880845451272,72.79575244541029,suburban,9657819
3674,2,3,19.05874412334515,72.90451972482231,urban,28705398
7514,5,4,19.143321294971596,72.96587857802609,suburban,39262394
589,3,2,18.94333733826504,72.9617718766307,suburban,1315228
2209,5,3,19.08398932423755,72.89819918837514,urban,18999081
3541,4,4,19.107289603718296,72.8624784945499,urban,30617608
605,3,2,19.10723008501491,72.87418810003714,urban,14426698
9578,2,1,19.036114226754524,72.91233074827159,urban,66080535
9119,2,1,19.308145217315694,73.1180704357921,rural,23850916
2395,4,1,18.970084851506076,72.9282583530678,suburban,15705658
6590,1,4,19.054475108032346,72.8778766920784,urban,50208196
9008,1,1,19.04648866025614,72.85739835684551,urban,68522546
6582,2,1,19.094664884806704,72.8706573351038,urban,47432408
1134,4,2,19.188713063058138,72.7453424308687,suburban,10458381
2425,1,2,19.082834003832605,72.90545878933732,urban,7939839
2556,5,2,19.19751231927694,72.98168434359819,suburban,9117262
7417,2,4,19.0667501981233,72.87101352119963,urban,67090687
3644,5,3,19.278326829341925,73.13256134523346,rural,4633631
1052,4,1,19.12274541207173,72.90559855019715,urban,5185423
9407,5,1,18.996183694783323,72.82344524307294,suburban,44831551
5883,1,4,19.199435904496983,73.02406226105276,suburban,26094719
4411,1,1,19.017727490979578,73.01921347577185,suburban,21128091
3889,3,4,19.198153144732387,72.93376596378278,suburban,25795903
9799,2,4,19.138702589713713,72.75814136519584,suburban,51832083
8942,4,4,19.221548813046727,72.82400823569228,suburban,44778122
2930,2,3,19.019049108266575,72.73978023647604,suburban,23503468
958,5,4,18.845754558146314,72.70798131618255,rural,1227481
707,4,3,19.16587036551758,72.95927518681391,suburban,5209180
1399,4,3,18.916808594024985,73.12470285910433,rural,4454746
521,1,1,19.116730728286033,72.90229165947555,urban,8366733
9101,5,2,19.154245567885823,72.76764925394764,suburban,41299178
1394,1,3,18.908440906438283,72.63190637867923,rural,1000000
1014,1,3,19.032724812569963,72.83830037321333,urban,12833258
7794,3,2,19.310841096114405,72.6949682208471,rural,31230378
5404,1,3,19.047454382525533,72.83934819743061,urban,39331447
8367,2,2,19.307836247324726,73.1570292707049,rural,16562499
4609,4,1,18.944127486246405,72.801066482561,suburban,17769316
7679,1,4,19.063703917457627,72.9129447667857,urban,63700265
2060,2,2,19.29667633852231,72.68752135289593,rural,1000000
1766,5,4,19.082766788436466,72.83560102702069,urban,16437745
4138,4,2,19.11900561945885,72.85484634956985,urban,32066860
9441,5,4,19.059562481784585,72.85103015537413,urban,70417121
3927,2,1,19.12630079605607,72.99695502368088,suburban,15248911
5280,5,3,18.804553318970434,72.72154838398235,rural,19289236
2427,5,1,19.059088694006036,72.91900698625058,urban,24343183
2856,5,3,19.015286851793245,73.00209205814697,suburban,21832444
5290,1,4,19.061819121525257,72.83561423959331,urban,42952596
806,1,4,19.186473650984674,72.9303439883074,suburban,4144101
8479,1,3,19.086420857579366,72.90095237472876,urban,65253997
4165,4,2,19.125133463422486,72.85370937135077,urban,38044850
7557,2,1,19.058238982137347,72.8618145346809,urban,49101541
1161,1,2,18.952841728814118,73.02088192682561,suburban,7036186
5144,5,4,19.36787170498372,72.59579254884272,rural,11782860
9003,5,1,18.98840542731655,73.02253213199988,suburban,47903137
3420,5,1,19.0428459859528,72.83224651878773,urban,22634589
9774,5,2,19.004551604212967,72.74982488757124,suburban,54555518
9446,3,3,19.14843562573467,73.00189214544714,suburban,50830131
6736,4,3,19.10818413938587,72.90711609759708,urban,49157006
6578,2,1,19.123257597070605,72.84272795646294,urban,47611752
852,2,3,19.11666129944146,72.86181026637219,urban,4758473
9594,1,4,18.98439401352047,72.78085549371133,suburban,48223084
7505,3,2,18.926523662988195,72.98769588030552,suburban,47717989
658,2,2,19.151502820208474,72.78785883381849,suburban,1000000
1456,4,2,19.058290198978668,72.92538671029644,urban,14439744
2571,5,1,19.098568355389723,72.87558813521827,urban,23909730
9095,1,1,19.33869570518147,73.0978163748624,rural,21902974
3953,4,3,19.080319340781035,72.89021852187612,urban,23747213
7175,2,2,18.778818887192216,72.72158107276091,rural,18562957
1455,3,4,19.135815475670835,72.81280040984291,suburban,2604565
6795,1,4,19.04915677122665,72.90261741112951,urban,54678466
2212,2,2,18.974580130740474,72.80587871148343,suburban,4307377
5203,1,1,19.22613225903622,73.15711100654867,rural,12886736
7063,2,1,19.12670098924922,72.76654960568204,suburban,31439240
9965,5,1,19.354390022653096,72.68989716311158,rural,34821710
6131,3,4,19.088611218063345,72.9099637747022,urban,55785150
1894,5,2,18.989792132909997,72.7844645409633,suburban,9304792
9961,2,4,19.248923963188304,72.6424472607461,rural,23507869
5232,4,2,19.256306918719385,73.06290155360179,rural,23873888
4214,5,4,19.021438803587635,72.97767709716929,suburban,22549241
1029,4,4,19.12844636611191,72.76460151347926,suburban,8269097
3458,2,3,19.057246084254917,72.84085185450192,urban,26515064
8404,3,4,19.030333978760925,72.89209030594358,urban,63823138
4091,4,2,19.081223438022906,72.8506294988392,urban,30342563
7395,2,4,19.109161730763176,72.90125063521523,urban,47410727
9631,4,3,19.053642878498678,72.90303630228647,urban,83332067
1025,5,3,19.05049942135008,72.89522674618664,urban,11467949
6977,2,2,18.90821824383892,72.62386408050003,rural,18880728
501,5,3,18.96875306457583,72.94494638668519,suburban,8979793
874,1,3,19.132087957439307,72.94424177868028,suburban,1802244
5148,2,1,18.9197984621219,72.61594812257597,rural,15444277
2865,4,2,19.10383977884117,72.91376319621224,urban,19583940
2025,1,3,19.025399233966173,72.81591300362254,suburban,8701308
2146,5,3,19.223786888479417,72.99377129310483,suburban,14872896
513,5,3,19.040614930548145,72.84298356943827,urban,7826225
5099,4,2,18.989724679768322,72.7563189802656,suburban,24775553
2778,1,1,19.111217759146164,72.92185514356899,urban,24624824
3655,3,4,19.114881646053085,72.91900269093969,urban,25259100
8821,4,1,19.02753392794183,72.92547923159499,urban,63105715
4314,5,2,18.871046432766448,72.59730783224524,rural,10105651
3716,2,2,19.170652574266224,72.93211643886241,suburban,17736063
8719,1,2,18.931672389923037,72.7466393387471,suburban,40883254
2613,3,4,18.973454182643547,72.75282453815238,suburban,11614586
9944,2,2,19.102186927586196,72.87620083799933,urban,80235993
4856,1,1,18.962208259708856,72.73121705498968,suburban,30643387
6043,4,3,18.984159534025355,72.73712508260587,suburban,30483127
5055,4,3,19.12524187018832,72.88278629993084,urban,42976762
7562,1,2,18.99157384589734,72.95173900631778,suburban,33911423
3874,3,2,19.09867286242109,72.85104761737355,urban,30131723
6930,1,4,19.086664088522568,72.91935923653645,urban,55162212
3966,2,3,18.78346795889082,73.02836152009705,rural,6001932
3581,2,4,19.209737802946524,72.98134452053516,suburban,21762618
1129,4,4,18.940667671716206,72.97196262199414,suburban,3160267
769,1,4,18.980456673394947,72.76242047973757,suburban,8754378
6224,4,4,19.103498828869775,72.9180992793685,urban,53239150
6397,3,1,19.154231120215872,73.02419896441742,suburban,37602167
3932,2,2,18.938183122878026,72.93809164352722,suburban,24674488
9972,5,2,19.15810190794326,72.95798221511745,suburban,61274936
6776,5,4,18.795769857871274,73.09049182119344,rural,22646612
6395,1,4,18.838479144981477,73.04845919534674,rural,10326237
7615,1,1,19.225354514772423,72.98421716870993,suburban,37584832
7156,5,4,19.365961985538565,73.06293416091923,rural,19038883
1075,1,1,19.177508015495544,72.79515662431592,suburban,1000000
7529,2,1,18.93312401374929,72.73650741040802,suburban,43230174
6599,3,4,19.051849519553514,72.8379342032172,urban,49796146
9999,3,2,19.01034236171409,72.97992517257407,suburban,43226663
3692,4,1,19.232310221338995,73.09597510779668,rural,7367452
3678,2,2,18.936830488404002,72.7691715954317,suburban,29350415
6552,1,2,19.162407047086493,72.9773238179217,suburban,39178134
3234,1,1,19.09876582273723,72.87015262645696,urban,28362606
6616,4,3,19.080366734155835,72.9200855339551,urban,54947762
4068,4,1,19.089199760494324,72.89195746256867,urban,27998679
2703,1,3,19.104462029238537,72.8392222896316,urban,16000290
1890,1,1,18.97371157083513,73.02364317362711,suburban,11157909
2242,2,1,19.05549261464221,72.88782079656048,urban,25728607
2425,4,2,19.00388805754347,72.98329451565237,suburban,8164102
1119,2,2,18.96802065393021,72.76746208163549,suburban,4969113
1774,1,4,19.064274642543868,72.85224582784005,urban,15496003
1456,5,2,19.05909223078336,72.87753459671914,urban,11243604
2439,5,2,19.263148835154364,72.61027483049422,rural,6073558
4453,1,2,19.0529305867146,72.83744351631016,urban,28690706
1468,4,2,19.026018003898397,72.88737188523815,urban,14444660
9735,5,4,18.894295438031953,73.02958737051523,rural,30998089
781,4,2,19.370299769347614,72.62420857885553,rural,3940153
6762,5,3,19.140473909826074,72.93502881546195,suburban,35026531
1558,4,3,19.12156622900195,72.85772027353536,urban,17351418
4793,5,4,19.071950494234088,72.86715236236019,urban,40828141
5678,4,2,19.33556854030893,72.6812052677071,rural,22355098
7480,2,3,18.77666266025668,72.66109046729837,rural,19020319
9700,4,1,18.975747193768917,72.7473813841864,suburban,53769763
1729,2,3,19.04304380161428,72.90310931582648,urban,13030402
9727,2,2,19.067561818636865,72.91907260089768,urban,77138014
5085,1,3,19.09041592857934,72.88413431117118,urban,45722684
8967,2,1,19.018954294517414,72.75465880948623,suburban,50553248
3240,3,3,19.090007192448716,72.85449095235707,urban,25109573
2789,2,2,19.368010898251168,73.07594826905493,rural,3609293
1739,4,1,19.124720115493503,72.90232462791238,urban,19552280
5870,2,4,18.98452131176738,73.02129164308887,suburban,27179941
625,4,1,19.034766121642658,72.89594510186286,urban,11385897
7973,4,3,19.143797204837885,72.73598604848067,suburban,34918812
9900,3,4,19.05663672241012,72.91658395822694,urban,78484366
5842,2,1,19.130288768700733,72.98256378527375,suburban,27388003
7851,2,1,19.211538297893572,72.9633073323801,suburban,30522184
7138,5,1,19.047054058840374,72.87915078780784,urban,52074724
7070,5,2,18.836484058424528,72.72277785250645,rural,19322511
3749,1,4,19.20903871156439,72.97213289502358,suburban,28036885
9610,4,4,18.782770956047138,72.68775866901103,rural,13158089
8095,3,1,19.25506912495084,73.09117590938324,rural,21533908
6794,5,4,19.301095294392237,73.10517108021511,rural,18737314
7027,2,3,19.077591552196083,72.87587127538778,urban,49427903
6257,1,3,19.046871949712628,72.92651915595037,urban,45518465
2469,3,1,18.796165491082018,73.16083645265337,rural,4386547
1391,2,3,19.141989703069175,72.77089079361004,suburban,3949763
4970,2,1,19.02987364886887,72.87728431032876,urban,39800526
7675,4,3,19.165612287999494,72.94891247296593,suburban,47739092
8820,4,1,19.124349751086946,72.90002433263618,urban,67569616
9706,5,1,19.155953708001494,72.98823550514808,suburban,46432871
7312,5,4,19.31762658635364,73.16212500342274,rural,20954389
8019,2,4,19.199333997545267,72.78236610012837,suburban,38596489
5112,2,1,19.09550750787549,72.90894050050514,urban,44655516
1698,5,4,18.960054861347455,72.729950800611,suburban,7590675
5738,5,4,19.20371602046079,73.01221015789811,suburban,32572287
6589,2,2,18.982795284605164,72.77125370816054,suburban,34374739
6757,3,3,19.11074578182241,72.83040685176793,urban,52724211
8205,2,4,19.005082458276718,72.73952934589983,suburban,35591218
4219,3,1,19.148698830360882,72.96282503303765,suburban,18604053
802,3,2,19.182018069616685,72.73223952972197,suburban,3158550
1486,2,2,18.79518193925169,72.68526297653762,rural,1000000
4940,1,4,18.976162480190066,72.82057954947436,suburban,19951115
5409,5,1,19.061567596810974,72.84371015557018,urban,40499252
3572,4,1,18.939920515472508,72.96628896437095,suburban,20145276
3624,2,1,18.936029205096222,72.947181069957,suburban,24798364
8625,3,1,19.086180413836654,72.90959605029437,urban,67388823
3791,2,1,18.93743572503486,72.99010180211555,suburban,19005421
4533,5,3,19.074127644951812,72.91618035361864,urban,37060985
5605,3,1,19.097408960254427,72.91471419414096,urban,41604826
1203,4,1,19.327111968458407,73.03430525147225,rural,2373085
8633,4,3,19.36370278108545,72.70871306901311,rural,27979090
1074,4,4,18.9720921499523,72.75199491654432,suburban,11270104
6204,1,2,19.139638216354324,72.77664439012187,suburban,18523812
8348,3,3,19.2787657933327,72.63095216947394,rural,27557945
5708,3,2,19.309788759628347,72.62455962337556,rural,14105264
7424,1,2,18.970885380744306,72.79662418544169,suburban,39165225
4328,3,3,19.15757037984904,72.7359501903518,suburban,23906762
3730,1,1,19.183934737285124,73.01892434709742,suburban,16913731
988,2,2,19.118769439975186,72.84987738576555,urban,10927964
7614,5,1,19.19775030377639,72.76677755000766,suburban,40548999
3673,4,4,19.15233793639183,72.75821909285618,suburban,19558827
2167,1,3,18.800886230554056,72.60839514122574,rural,3204461
4614,1,2,18.898421708539505,72.62004024180727,rural,6676427
4053,1,1,19.081720591068205,72.90295153234594,urban,30910270
8261,2,2,19.21149707930218,72.95159639006087,suburban,31207380
1500,1,4,19.108895470949207,72.91497941711951,urban,13492368
9542,5,4,19.054740938833852,72.83811538565976,urban,78161103
1888,5,2,18.891076511918335,73.16952492710219,rural,1000000
5950,4,3,18.984142620944397,72.82639156512658,suburban,29913611
4212,2,4,18.959130407052527,72.76871729312751,suburban,28359290
1867,5,1,19.037032287602447,72.86290611695654,urban,27199812
8689,3,4,19.207235813864017,72.81020887760835,suburban,43786264
9513,3,1,19.01385216996511,72.8107850669876,suburban,48664010
954,3,2,19.120529990444854,72.86065476781455,urban,8221520
3272,1,1,19.091821799355806,72.88656712559892,urban,25811246
4226,1,2,19.040962263650055,72.85251669013942,urban,38341511
7732,3,4,18.93298472273562,72.94618296236531,suburban,39391094
5306,4,3,18.781295827609956,72.70977410116966,rural,8269061
2690,4,4,18.89241017833359,73.06093422761069,rural,9561853
9608,1,4,19.32343267759872,72.61574847351339,rural,24596373
3375,3,4,18.787301531357127,72.70584817869229,rural,3465499
6092,4,4,18.874314078544632,72.69288768442297,rural,12742457
1940,1,3,19.174670347592627,72.74425603719526,suburban,8590134
9427,3,4,19.13893406322185,73.01001572280728,suburban,51103727
6559,2,1,18.987102187844744,72.81669703758546,suburban,35772404
7510,3,3,18.827661045420676,72.58037064574377,rural,26784627
7617,3,3,19.065519299993674,72.85241854759705,urban,55169418
9653,5,1,19.1243572001772,72.85302572694623,urban,72705470
3489,5,2,19.22956441343271,73.10457026203828,rural,13804761
9718,2,4,19.052138250342928,72.89116081164812,urban,78014885
6728,2,3,18.871359707765325,72.66736236675247,rural,16244581
6971,3,4,18.967092907144696,72.9399071029847,suburban,32465884
3363,4,4,19.097711782061264,72.8590242726184,urban,30092057
1677,2,1,19.14232101974384,72.76995758529375,suburban,12716197
5260,3,1,19.266646732093808,72.63449910350333,rural,13202221
511,1,1,19.09996596851956,72.87592434118709,urban,6589373
5752,5,4,18.980570308899058,73.00646451842313,suburban,30471469
4899,4,3,18.903169632870732,73.12740425990444,rural,11002254
8734,3,3,19.09699984605702,72.85336002234632,urban,70959608
9635,1,2,19.058487188106678,72.91736776491854,urban,71592142
5945,5,4,19.068165652682158,72.88679534697204,urban,40189626
7070,1,2,19.03666821941183,72.84558291721928,urban,50126977
9696,3,2,19.029588772882263,72.87013708117617,urban,62904593
8712,2,2,19.224892000449504,72.74031268473486,suburban,56453978
906,5,2,19.112109649195748,72.88711693563525,urban,15817554
9706,1,2,19.28131533205012,73.05373196016517,rural,20716013
4931,2,4,19.045305127639075,72.86944284172002,urban,35515556
5743,4,1,19.208580184215528,72.81477706974383,suburban,30572494
7042,3,2,19.00355975844084,72.77250826928777,suburban,43830514
7436,3,3,19.301479690588252,72.68240260834105,rural,25046166
9406,5,4,18.998236855099826,73.02570123756087,suburban,49762084
4646,1,2,19.100364343410824,72.89775465588983,urban,32487201
640,4,3,18.852416093777848,72.69187069074981,rural,4004075
5382,5,2,19.094097162372044,72.87369192705633,urban,45269516
6512,5,1,19.034192510736275,72.82949832295581,urban,51073543
1463,1,4,18.993212319153216,72.81267760739067,suburban,7163873
7651,4,1,19.14358326700849,72.96712827140117,suburban,37098622
9064,1,3,19.107542166001608,72.87547131531782,urban,75198106
4110,3,2,19.144113500960838,72.80061047764242,suburban,12963435
7394,2,1,18.98954054106744,72.96256727571696,suburban,38501121
7811,3,1,18.789003462174357,73.03216349096266,rural,21957770
605,3,2,19.124032149250308,72.89367239388241,urban,1000000
6039,5,4,19.06154106637331,72.84230975844532,urban,46318981
7287,3,3,18.929612739435424,72.92909863618732,suburban,31888074
2637,4,4,19.114013747144533,72.83021604898863,urban,16806429
4945,3,3,18.953482513590952,72.72781622387453,suburban,20972616
4030,4,3,19.16746789478434,73.01514007193563,suburban,27324434
1786,1,1,19.200944084678994,72.76892210081816,suburban,7677238
7552,5,2,18.8940282517692,72.715885463902,rural,26846333
4154,4,4,19.22831082403821,72.66452525314789,rural,6630721
7602,3,1,18.940430347950603,72.75269624624593,suburban,34769380
2859,5,1,19.29935320180256,73.0660802960864,rural,6228477
8605,5,1,19.090122927586442,72.90592288601928,urban,67720966
9136,4,4,19.13416820662596,72.75685353112544,suburban,49797579
6941,4,1,18.970102779907513,72.80626808042969,suburban,36982144
5547,2,2,19.301405732272297,72.65634348554198,rural,10844058
8727,2,1,19.014917443370848,72.80941075151426,suburban,47619676
5703,5,1,19.001752217233204,72.95404767827307,suburban,27103775
2298,2,3,18.89436063977216,72.61738669317728,rural,6651101
5791,3,1,19.158710921657256,72.79718711083156,suburban,22630567
5995,1,4,19.18839239016658,72.79835616752109,suburban,28619294
6784,5,4,19.060459281023316,72.88635556143421,urban,56589173
7785,1,2,19.12526340299878,72.85785943752161,urban,59270168
1800,2,4,18.78642109989375,73.07579786214271,rural,1000000
7369,4,4,19.171998378959906,72.74938404376562,suburban,40752565
9935,5,1,18.963287769593133,72.75163330556512,suburban,46795030
3597,2,2,19.036529260653783,72.85218050134849,urban,19170138
5116,3,4,19.093967237010087,72.91724373855004,urban,45401067
509,5,2,19.06816086070005,72.88374120350782,urban,1601006
6252,5,2,19.003161496327316,72.78647866859632,suburban,36939050
6795,4,3,19.091552554797154,72.92616989516752,urban,51868507
5315,5,3,19.10733034519857,72.84691645849263,urban,45750771
1572,4,1,19.183767859330676,72.93434117149485,suburban,4917187
3725,2,4,19.00877823239396,72.96125455376395,suburban,23627250
1816,3,1,19.075939331691682,72.92099092598292,urban,12161337
6199,3,1,19.147274883984853,72.79127908537461,suburban,30205705
7307,5,2,19.26139454389399,72.57872438463107,rural,10525465
7174,5,2,19.220050898049962,72.7886526526147,suburban,28974920
4183,2,2,18.908119050397595,72.59936552102369,rural,14488967
7727,4,1,19.370659188250894,73.09042868176783,rural,18413994
3773,3,4,19.08774461322154,72.84099129918363,urban,20404180
7500,4,1,19.033214557356636,72.91047833519096,urban,54790763
645,2,1,19.168467077462534,72.77587450878956,suburban,5740802
5510,3,1,19.019857575547306,72.79092238673482,suburban,22234269
3540,3,3,18.949456937812197,72.77759479997646,suburban,23367436
982,1,3,19.037543277967433,72.8340962772044,urban,5129838
3679,2,4,19.010113903585655,73.00490121268888,suburban,16837326
1749,2,3,19.040136780451064,72.83079886582507,urban,10252095
1130,1,1,19.328792290431824,72.59940773251355,rural,1000000
9353,4,3,19.04627989806151,72.88607678972254,urban,70885513
3352,1,3,18.81239514190617,72.68932569431794,rural,7429015
1487,2,1,19.057446040397377,72.8502575417327,urban,13812253
8122,4,4,19.122958932677086,72.9189581960387,urban,59165961
7827,3,3,19.07056677309515,72.84137780610641,urban,52161634
9341,1,1,19.3351860954981,73.06605516951923,rural,33984586
9660,4,1,19.06415290177382,72.88068498091668,urban,75328047
1600,4,1,19.135744032982043,72.98487464730486,suburban,8476162
7152,4,2,19.359780359088962,72.58958874660817,rural,24954251
9132,1,1,18.979345059142585,72.80221037294368,suburban,40139806
7921,3,3,19.119179720195206,72.84355337048974,urban,55145378
5516,4,3,18.856126701605344,72.68041075459462,rural,19230808
1269,1,1,19.28686366719844,72.5849305483443,rural,9752335
1843,2,2,18.97673241609065,73.02284874716618,suburban,1659205
4858,1,2,19.212359952192145,72.82182352256747,suburban,23389313
7280,1,2,19.254129672053907,73.1746902552097,rural,20793422
7102,1,3,19.292654892169246,72.68140782626412,rural,21508670
2849,4,2,19.151052473992554,73.02423174124277,suburban,13211629
6199,1,4,19.323991236809633,72.7070828765602,rural,12044221
1741,2,4,19.080250794350953,72.92564461245314,urban,3763018
1625,4,2,19.068340221683343,72.84724478749767,urban,24066300
9882,2,4,19.0606018999441,72.90139656060936,urban,83361218
7264,5,1,19.09191065209959,72.90553474076178,urban,53249688
5601,1,2,19.13334702922042,72.98573687753448,suburban,27466232
8343,4,2,19.13679019194816,72.9371335258913,suburban,39904794
572,4,2,19.057518245584422,72.89355792103609,urban,4633300
5972,1,1,18.971461548694965,73.026306665834,suburban,27704977
5689,3,1,19.09380727815617,72.85386746261032,urban,37672159
2972,3,2,19.265286224322573,73.16003657008535,rural,6733253
1207,2,3,19.344392267307814,73.09517963098052,rural,2013481
2304,1,3,19.059268645823963,72.84381491942884,urban,9484065
7204,1,4,19.343274922463827,73.13277679844857,rural,15295597
4213,5,1,19.088138539876187,72.91511355069949,urban,26554453
5551,3,4,18.956263570460003,72.97881119129845,suburban,22929123
2975,3,4,18.792935487562115,72.66427926767885,rural,6173496
4110,1,2,19.10429998382182,72.9093226965281,urban,30210457
4755,2,3,19.224979752016164,73.0025758515873,suburban,22378899
7897,1,4,19.046543393498077,72.83121951503252,urban,70130355
2235,2,2,19.04499135699417,72.83384395106862,urban,18888170
8758,3,1,18.975838295881374,72.8248793786867,suburban,45994933
8479,5,4,18.791173863932,73.13998640188622,rural,25175945
2928,4,3,19.00333532262435,72.98080858164053,suburban,8494447
7926,3,1,19.300072969353806,73.11126137443765,rural,21354894
9033,2,2,19.26098842028225,73.1334159168866,rural,25100354
5749,1,1,19.08294513674875,72.85478290279487,urban,47003178
5791,3,4,19.166508411672275,72.93730368118814,suburban,24366908
3317,5,1,19.21286774712103,72.93426023469075,suburban,14708018
9924,2,1,18.967890555881127,72.95094300741293,suburban,43822833
4374,1,1,19.10155905808711,72.8550291512911,urban,29565554
4711,4,3,19.226915211678573,73.14761710868045,rural,11903511
1161,2,4,18.961762228814223,72.95639748254213,suburban,1000000
3874,1,2,18.958468840821425,72.97273245881468,suburban,22638489
9708,4,3,19.01223720004338,72.98574795944417,suburban,44700146
707,1,4,19.05438869621231,72.90121425353472,urban,9479476
3165,4,2,19.144312219873278,72.7938584308905,suburban,14663534
2993,4,2,18.82697847205294,73.06827854403559,rural,5647333
7313,4,2,18.919628986257916,72.60201272301211,rural,25212225
1132,1,4,19.03748451522064,72.85147106302753,urban,12283941
3583,4,2,18.981433029576017,72.74872129197635,suburban,20814592
4219,2,2,18.971649175164025,72.936737252205,suburban,12475209
7623,5,3,19.04376389933773,72.84881915588906,urban,65787641
2179,5,2,19.062682843410894,72.90383476987009,urban,26126076
736,4,1,19.200398642990024,72.96919729764853,suburban,2855572
7946,5,3,19.154069162002394,72.97823557765302,suburban,36573159
4943,5,3,19.122825461481334,72.89144709350239,urban,33461743
7270,4,4,19.06106864904974,72.89704534536945,urban,55403964
6599,4,2,19.059623013582062,72.89024734534166,urban,46052079
9055,2,1,19.05037665716957,72.85439887012315,urban,67484380
2868,3,1,19.01847744109589,72.96971411522132,suburban,11993404
785,1,2,19.104879494381063,72.90873485448377,urban,1000000
648,4,2,19.125244444950717,72.8364755725837,urban,3067939
4537,4,4,19.299970515266875,72.64949381368965,rural,13470964
7049,5,1,19.052635851558886,72.83463723199395,urban,50340413
7621,2,3,18.99462411897316,72.72930721709358,suburban,36077465
5395,5,4,19.285287044142,72.59625920018824,rural,20276203
5780,4,4,18.99457959225358,73.00038118479875,suburban,26296659
1512,4,3,19.14583909514873,73.01388075459644,suburban,3816537
3285,5,4,18.927097728168796,72.81423303237209,suburban,18539983
4225,4,2,19.05712133718037,72.91571322377189,urban,39306222
5076,3,3,19.151529652004303,72.96304609976742,suburban,28336912
6282,1,3,19.20354009826492,72.95147032839589,suburban,27513270
6757,1,1,19.069510873269092,72.86684581239616,urban,47710625
2908,1,3,19.143760920430537,72.9410597559896,suburban,12106255
840,3,4,19.236176672982687,73.04259664350445,rural,1000000
3317,4,1,19.121283918965652,72.83623842495199,urban,38781000
2996,5,4,18.944398517325713,72.73849478466812,suburban,16826021
6462,2,2,19.155389439983185,72.99543777282574,suburban,41229829
5799,4,2,18.80900342557638,72.60311498280066,rural,20064898
8074,3,1,18.822955759717004,73.0479358586427,rural,10213299
2189,3,1,18.96471130834874,72.81152680633235,suburban,8784417
3767,1,4,19.04547462862762,72.86975887478525,urban,28873957
4906,4,2,19.114784097781538,72.88089144245347,urban,39619081
8953,1,1,19.1008492891734,72.84511445282915,urban,67755691
1942,2,2,19.015402180194478,72.95166173576322,suburban,1525099
9097,1,2,18.97118979811778,72.73957566796356,suburban,35830106
4937,2,2,19.303819728176745,73.02839203039774,rural,13241482
5935,3,4,19.017623080007247,72.7578005914521,suburban,28596985
8935,1,4,19.006703880146816,72.98695994386898,suburban,51033012
4607,1,2,19.134879930181,72.7636587227283,suburban,22663417
1060,5,2,19.05465544077091,72.89644888619944,urban,14397174
9285,3,2,19.14597195170088,72.75202711862883,suburban,50121611
6048,5,3,19.170186712380165,72.95216220782116,suburban,31781079
2326,2,3,18.88848837910164,72.72751409363505,rural,11683752
8129,2,4,19.03025266419622,72.84873907402172,urban,59891910
8825,3,2,18.817632566580528,73.12755875208737,rural,24505318
3638,2,3,18.959994525892093,72.73464251104242,suburban,18280523
8193,3,1,19.067568822767665,72.90064338901142,urban,58665063
8764,2,1,19.09277230031779,72.85035105424696,urban,60799649
8342,4,2,19.042306727749672,72.90612470040409,urban,58072897
7221,1,3,18.93037553447612,73.00445834675429,suburban,30034687
7502,4,1,19.086499542413705,72.9206098860692,urban,57334281
4725,3,4,19.19504356945449,73.01858847502011,suburban,25607293
3478,3,1,19.348334782361594,73.05721187014302,rural,2572656
7873,4,4,19.177758613404297,72.95952517805618,suburban,41125390
6407,1,1,19.224030437872816,72.994346609549,suburban,29566939
6597,1,1,19.125908258587195,72.86689667366711,urban,54302793
6156,5,3,19.15147370287341,72.94608843926869,suburban,30334500
9484,2,1,19.086608077750217,72.87494227360325,urban,80143422
4759,5,1,18.867912197773148,73.05294088451888,rural,18064251
8786,1,4,19.03452431370791,72.91420477588876,urban,64977284
6401,4,4,19.021309734790204,72.96576460617317,suburban,31026136
9825,2,1,18.94850195005329,72.79642630211721,suburban,53242076
5417,4,2,18.97285087011355,73.01932770072295,suburban,26060886
8929,5,1,19.26344765616992,73.13564895139405,rural,26488682
3030,3,1,19.039185179650342,72.87764723703138,urban,21501251
2460,4,3,19.048875643448834,72.90752618539602,urban,17863744
7545,5,1,19.219107217205266,72.82726666835173,suburban,32791614
1548,5,1,19.16995533460762,72.77139207116477,suburban,15865347
6272,5,4,19.21518834905153,72.9914170099468,suburban,30886865
3029,3,4,19.104328780987835,72.84796517712873,urban,25279701
3464,3,4,19.222517232409682,72.8271160084266,suburban,20525436
7637,3,4,19.239259587038244,73.08883992952731,rural,29326223
1463,2,1,19.194959849559194,72.74914305303261,suburban,3968830
1036,3,2,19.2636979026929,73.16108798644024,rural,1000000
7840,3,3,19.009994768229316,72.74504888157922,suburban,40272775
7679,3,3,19.089721911680794,72.8558805223114,urban,61930545
8467,4,2,19.08665938312734,72.86195350691483,urban,63007697
9234,3,2,19.19359464706423,72.98217999594559,suburban,49238238
1345,2,3,18.96420914567992,72.94909816837271,suburban,7001059
6277,5,1,19.15608783178609,72.95493909529489,suburban,31215617
3536,4,3,19.127199667906268,73.02461406601613,suburban,25355211
6447,1,2,18.809975915919058,72.68902216664333,rural,15376375
2994,3,1,18.969282949772186,72.97011441737796,suburban,23542915
3219,5,3,18.97661562858536,72.76195414181103,suburban,17834536
2384,5,1,19.056145520649867,72.916569156616,urban,15984527
4849,4,1,19.201895906111602,72.98137540361756,suburban,15285229
5679,1,2,19.298933076981132,72.64272394037184,rural,20652057
7110,2,4,19.08800400367229,72.85960015309209,urban,59680855
6930,5,3,18.868176173368646,73.17264893948109,rural,24259759
7654,5,2,18.910211698213093,73.03419740291825,rural,30004747
6988,5,3,18.986177075753208,72.93715156440696,suburban,45947844
5237,5,4,19.084330152905487,72.90280266936134,urban,31615840
7025,4,4,19.12359681166158,72.88963522472925,urban,46147532
4350,1,4,19.037165080668096,72.83655242432458,urban,31953500
1189,5,4,19.103754686365036,72.8927334128536,urban,16794702
5675,2,3,19.142191439470658,72.80236400273165,suburban,30415629
9148,2,1,19.082615578180565,72.88620000625026,urban,71156685
5578,3,1,19.00499913287121,72.76479420183423,suburban,26029170
5948,5,4,19.114525222546384,72.9013717324818,urban,43226768
1679,5,4,19.0836375651009,72.89502593072469,urban,15216664
9574,5,1,18.977488853748614,72.80501017568824,suburban,48073293
6906,5,2,18.846106605024886,73.1168477466721,rural,18053832
9091,5,4,19.224501567827264,72.7690689015,suburban,50060323
7407,2,1,19.165614753804483,73.0214293280051,suburban,36491525
9300,1,2,18.92607313148037,72.81926824731435,suburban,48002364
2138,1,1,19.17754493601747,72.95323529133677,suburban,9565895
6171,3,2,19.3188756814996,72.6931657574833,rural,20794469
7428,2,3,19.098122942688207,72.85746967126964,urban,51488427
1882,5,2,19.357940930309177,73.05255108469365,rural,1000000
1903,1,4,19.04048986133661,72.83811788387595,urban,13356614
9511,4,2,18.880952686480413,73.17757681195032,rural,31178331
3792,4,2,19.04730021918473,72.8548616799078,urban,28662170
9511,4,4,19.318869452670832,73.13950185446119,rural,37931750
919,5,3,18.924704602709177,73.12547756881992,rural,1000000
5017,5,2,19.07776546818899,72.86562085614038,urban,39437063
3802,3,3,19.345616629619187,73.07928211931501,rural,1000000
8357,3,1,19.057009517456763,72.87166479171232,urban,71567592
8370,3,1,19.047405738800276,72.88845712462056,urban,63567248
6193,4,4,18.93757907974881,72.98724601241621,suburban,20229090
1267,5,3,18.806469685066265,72.61549420656883,rural,1562239
2544,4,4,18.965584652933465,72.75471571396821,suburban,1001930
2049,3,4,18.989372612091582,72.938277607055,suburban,17584643
6640,5,2,19.134587765042316,72.94456061251236,suburban,30656257
4216,2,1,18.79620922496832,72.67431769655781,rural,10591736
4981,1,4,19.193603407331626,72.76383359228403,suburban,20865428
8398,1,2,19.027417028962862,72.92061530385604,urban,62236944
7048,3,2,19.10892261803363,72.92148672196518,urban,58228998
2793,4,3,19.10535878838567,72.91555914074543,urban,21041738
5337,2,1,19.005692195180053,72.95962290668771,suburban,29591698
8258,5,3,19.036916674587808,72.90065792552846,urban,50515867
7293,4,3,19.03961708926871,72.83295091660791,urban,50355515
8138,3,4,18.809682969491742,73.1633994754598,rural,23069436
8493,4,3,19.108535221283198,72.88726216778308,urban,62365426
6507,3,4,19.214774633791475,72.9773703482358,suburban,38995655
6042,1,3,19.036341504276944,72.90861807067014,urban,50096860
9592,1,2,19.09013894160113,72.88576460682212,urban,79494109
6856,4,1,19.098581053086114,72.91172915307989,urban,53704285
8933,2,1,18.93971159331595,72.9452380962944,suburban,40626653
7880,5,1,18.923575023572962,72.70792363133117,rural,27120621
2885,3,2,19.09810358225503,72.87527675090026,urban,18041660
4768,5,2,19.101790353558403,72.876353584782,urban,36949940
1171,1,3,18.970440254709004,72.93880665865936,suburban,7775865
663,2,3,18.950187346780044,72.79694384083194,suburban,1000000
9156,2,3,19.00403185494269,72.7463160323964,suburban,57825785
5092,5,3,18.83462783927236,72.69187668453056,rural,18933597
5295,1,1,19.02097311488254,72.82313885182215,suburban,21803691
5298,5,3,19.01594674676768,72.98331076729225,suburban,33165839
6536,4,2,18.85925813267478,73.11681007753808,rural,26945516
2855,2,2,18.961179828011744,72.80161434131792,suburban,6757023
6387,2,2,19.117770966991923,72.85929383472232,urban,55244883
8461,4,4,19.027706541656606,72.91761541866485,urban,59320894
6327,1,4,19.11835487329535,72.83279464404131,urban,48091711
9237,2,4,19.026495659185922,72.90934047829928,urban,71364995
5219,3,3,19.05614633544831,72.9191582167296,urban,37488270
1093,3,1,19.047674357326954,72.91381546161266,urban,6127863
5339,1,1,19.236296640458757,73.0667955270971,rural,9958148
7894,4,3,19.260679498149692,72.70774805238875,rural,21070833
3993,5,3,19.01421992082385,72.81795438914206,suburban,17234931
6664,1,4,19.321299275989546,72.6210880439332,rural,23307310
3172,5,2,19.080091152595912,72.8670417786761,urban,19223440
4700,1,2,19.27982506427517,72.60066459072839,rural,20549952
516,3,4,18.935457098627488,72.73129645442684,suburban,2182987
3691,4,4,19.078967411870085,72.89088208073649,urban,19873330
892,3,1,19.042384894677646,72.8330347033925,urban,11695026
9116,4,4,19.112776391411533,72.88125235107555,urban,68858866
6772,5,2,19.083077421636006,72.8831914345428,urban,47636313
1071,1,2,19.101496070483268,72.8422501944682,urban,6789369
4131,2,3,19.087404844077152,72.87464795115777,urban,28593410
6672,2,1,19.115695815950772,72.87966209378963,urban,57279735
9812,4,3,19.120293497407417,72.863025299418,urban,71820076
7677,4,1,18.780965794041503,73.15897369221376,rural,14532676
8933,3,3,19.061370993331902,72.86529233574527,urban,65361371
4397,2,1,19.10327520864583,72.8857631351169,urban,28930527
8623,3,4,19.16615875854693,72.99130549614122,suburban,49350800
2779,5,2,18.92256492311623,72.71422057983237,rural,10000844
9480,2,4,19.049193380526333,72.87039904392273,urban,65289283
7951,5,1,19.346547484893883,73.08036485524994,rural,17892367
9406,1,1,19.074336185295174,72.92736285954247,urban,68521742
1275,3,3,19.060902099565492,72.92382545187674,urban,1964225
7369,4,1,19.03613451311364,72.84500996579054,urban,51413227
2747,2,4,18.95358779298543,72.77757875510294,suburban,15574614
7588,3,1,19.11235583450289,72.85280848760611,urban,67242278
578,4,1,19.194282917043974,72.76693987633662,suburban,1000000
8580,1,3,19.06901039006099,72.83288704307107,urban,78629580
7599,2,1,19.18341861272725,72.73181216808815,suburban,39257812
4426,5,3,19.050025798842245,72.85930677899641,urban,30304560
9547,1,2,18.9494161112109,72.96002769224683,suburban,54761319
7840,4,3,18.961144198553296,72.8230594711039,suburban,42620068
7583,2,1,19.166803022866944,72.79214000376601,suburban,42097027
6730,2,2,19.036855501311965,72.86378400194498,urban,55586316
9723,1,1,18.80630108420129,72.6656233697304,rural,31814704
5440,2,3,19.00964205906827,72.82072886365314,suburban,21670731
3771,4,4,19.059137259614598,72.86273372330682,urban,34892297
3956,1,2,18.79434682257817,73.13386570233632,rural,9227819
8288,5,4,18.957799651583233,72.93827922447916,suburban,46316269
9099,1,4,19.216913628712792,72.80407798731686,suburban,41828182
8150,1,2,19.066939643149734,72.89607669678645,urban,58585698
3211,5,4,19.009439700018678,72.77384457493436,suburban,15224653
2168,4,4,19.079616716535813,72.85205939560572,urban,22457162
647,3,4,19.17124665287688,72.76090306328256,suburban,3607050
6920,3,4,19.009471099691474,73.01702691154178,suburban,32660171
865,5,2,18.941620343139412,72.77644520815822,suburban,3856375
5031,4,1,19.09228240675202,72.87857161406168,urban,46023157
5830,2,4,19.27288079495005,73.1730363631428,rural,18211016
6010,5,2,19.064118718517225,72.84437235930591,urban,49912979
9254,3,2,19.20395354185933,73.0266944287811,suburban,47537893
9464,4,2,18.9344136927665,72.81516292944121,suburban,53531173
6993,1,2,19.200533891244305,72.96235962292637,suburban,29070353
5939,4,3,19.090343535393934,72.88705071402588,urban,51401257
7011,4,1,19.117893670149368,72.90432431342093,urban,54668103
8004,3,1,19.08003648725739,72.92045658418397,urban,56635902
1746,3,4,19.185273063133323,73.01266848356607,suburban,9197294
4339,2,2,19.117919485894955,72.83446020312792,urban,31967157
9051,2,3,18.967618033205323,72.7808607408829,suburban,47108092
2876,5,2,18.98000893963798,73.01144666894224,suburban,20136685
3509,1,4,19.072275108162977,72.84776825429012,urban,21667586
9654,2,1,19.051171661592473,72.89374200833439,urban,81897094
2327,3,4,19.037693593825068,72.84648218109947,urban,10854894
7479,4,4,19.078803455957132,72.8320773027963,urban,54733070
9069,5,4,19.13869269994204,73.01403529389668,suburban,56999327
4785,2,4,19.1607776105047,72.96249913153112,suburban,17101053
7410,4,4,19.0234158860928,72.98572955130854,suburban,35689749
9061,4,4,19.104788706718168,72.92287505158227,urban,66330722
2696,2,4,18.872625861943497,72.6620249789816,rural,1000000
4247,1,1,19.12272716223442,72.91677923537368,urban,31392502
9343,1,1,19.092705300327005,72.9133723571671,urban,72598367
6478,5,2,19.017479556910857,72.78998730571482,suburban,36440157
6107,1,2,19.252620835739144,73.12227388568037,rural,13229490
1269,5,3,19.08927803099918,72.89411381070086,urban,2491179
1280,3,3,19.13638216052562,72.76121395090867,suburban,3673571
6803,2,1,19.323716034737274,72.67877403357053,rural,13885088
4483,4,1,19.1684069296831,72.77183629445649,suburban,24444942
9214,5,3,19.06558248536173,72.8651278657257,urban,69148597
1021,1,1,18.81554082190208,73.13366142709522,rural,2056264
9627,5,3,18.96279444077168,72.79624528702065,suburban,40108270
8069,5,2,19.175699764353364,72.9470493210629,suburban,45068306
6284,1,1,19.139253139571924,72.94551533312462,suburban,33616666
5083,1,1,18.810478295889308,72.60908280967938,rural,6520615
6446,2,3,18.93934125426285,72.75543318640379,suburban,28240166
5441,4,4,19.09686054847469,72.88565964587464,urban,41600577
6767,2,4,19.1369394771574,72.7566063788048,suburban,39515370
7628,2,2,19.057249113328687,72.90128197690464,urban,56667686
2961,1,1,19.081045455343133,72.88364062385435,urban,24338278
1185,1,1,19.16276046787857,72.93937850413401,suburban,5380694
2660,4,3,19.102883165333605,72.85484415504969,urban,26586251
7531,5,4,19.12622530543356,73.02740174211316,suburban,40053125
5841,2,4,18.82769252766944,73.16673830068625,rural,9142914
538,4,2,18.946096938491554,73.02533717121489,suburban,1667311
5375,2,4,19.309685613301756,72.67314456042769,rural,19687732
1756,5,4,19.110182616819056,72.91303546101507,urban,17464654
8197,2,4,19.352878238353757,72.6381163395875,rural,16479324
2696,3,3,18.879299291585653,73.0282041282773,rural,16467423
7665,4,4,19.053699828001406,72.86066778953854,urban,56848588
801,1,2,19.110348122484705,72.83292511571227,urban,10865889
8027,2,4,19.118762033145746,72.82783619224385,urban,68308022
6881,4,2,18.78512463277619,73.09591377366252,rural,24607744
1146,4,3,19.32712420508618,73.1620784638582,rural,1000000
9289,2,3,19.095135790403067,72.92563627201893,urban,76139120
9353,1,2,19.0019299176287,73.00974494569228,suburban,47291967
4830,1,3,19.068633759999017,72.85587658684973,urban,30444124
7503,2,1,18.98139882515659,72.82719109675718,suburban,37185273
4037,4,1,19.292794109590655,73.12253602755592,rural,6019537
5058,1,1,19.08437856184705,72.85700318295923,urban,40347832
7079,2,1,19.368110647390363,73.08649547356117,rural,22771675
8974,2,1,18.842823059049802,72.61536069951786,rural,30224554
4582,2,3,19.267451601109332,73.15144667789001,rural,11608673
4683,4,2,19.066848830457992,72.92079012795824,urban,32480000
9152,1,3,19.034953509712285,72.88925702007779,urban,63282131
4254,4,4,19.06021887162438,72.8347823398293,urban,37622095
2224,3,1,19.147374450861083,72.99049332130173,suburban,16338952
1876,1,1,18.966775118461065,72.73201495787828,suburban,10982823
9206,4,3,19.060559707933386,72.84152076463617,urban,66966350
9394,1,4,19.1725064433913,72.96699504361784,suburban,43744475
2153,3,3,19.124986805450842,72.86875846563238,urban,14877127
2566,5,2,19.040878398352994,72.9187609549643,urban,14082449
522,2,1,18.9466457724333,72.97882742066557,suburban,4677958
2960,4,3,19.070816582759974,72.91788811753051,urban,23672363
6426,3,2,19.044464344776355,72.90837835211235,urban,56803436
6751,3,1,19.027819063282717,72.91975719931422,urban,46822323
9996,1,1,18.85095540805307,73.06171217395118,rural,27042920
7795,1,1,18.970045353125524,72.95214878705599,suburban,32141657
3800,2,4,19.154116928145204,72.81889759708098,suburban,17910105
6779,1,3,18.969551426371186,72.97295900255396,suburban,37510440
9053,4,1,19.184965012790002,72.77506464905899,suburban,46246277
7853,4,1,19.045708564648503,72.8418791041429,urban,55793000
4227,4,2,19.195329558221975,72.9805598412167,suburban,14462862
6772,5,3,18.946166100472716,72.79512053402392,suburban,33745294
6495,4,2,19.13344076014902,73.00214040838252,suburban,34532458
9976,1,3,19.206237962929688,72.73925240419835,suburban,53179925
1014,1,1,18.941551010987272,72.79313454010384,suburban,1000000
948,4,4,19.120430081989984,72.91915745363262,urban,5441754
6519,3,2,19.308274601165785,73.08268381779091,rural,28975881
5843,3,4,19.058341113242736,72.84306350828945,urban,45613232
8533,3,4,18.830076098749178,72.72130672854006,rural,29752899
3020,2,4,19.106766381569464,72.85722161956929,urban,17752270
3581,5,3,19.119131547907354,72.92328246666168,urban,30939084
1928,4,3,18.94441836992349,73.0264643318992,suburban,13945319
4467,2,4,19.082919955213896,72.91131668152705,urban,35248219
6945,3,1,19.299920788368215,73.08870800102497,rural,10755393
9614,4,1,19.19176595108489,72.75261041783038,suburban,44026265
2659,2,4,18.95142782047367,72.76024403291113,suburban,15219917
5632,1,2,19.039493458433647,72.90624432289353,urban,34685863
3047,3,2,19.029077915138767,72.92695000917614,urban,36736959
3479,2,3,19.10884584899397,72.89479106079814,urban,33020891
3149,1,2,19.222660677185445,72.76645297185438,suburban,7268960
9005,3,1,18.97006178259855,72.79997958143431,suburban,46723673
3583,5,4,18.980041484414997,73.00516007463888,suburban,19998792
1537,3,2,19.297202043623763,73.07299582066128,rural,9004983
3989,5,4,19.150839085443533,72.95379938154083,suburban,9692969
8104,5,2,18.874617910323636,73.03540995094087,rural,25502848
8044,5,3,19.089857220786662,72.90909855866774,urban,57076227
3134,4,1,19.122193668139236,72.9023220421475,urban,27375682
4483,4,3,19.068885160941683,72.8576119279205,urban,30571092
2278,5,4,19.03896299901709,72.89046864344462,urban,26838934
8402,1,1,19.1769883314109,72.99547015164441,suburban,42704309
5610,5,1,18.993635583189008,72.95690953494987,suburban,20596038
5689,2,3,19.008877018513665,72.76685278829756,suburban,15990292
7878,5,2,18.971047242409828,72.93409139757532,suburban,43590088
1624,4,3,18.909046204691965,72.67569119691748,rural,1376900
1197,4,4,19.34996289210924,73.06155311770708,rural,5960099
2679,2,2,19.086351179081415,72.89644506996001,urban,17979498
5751,2,3,19.055482361602145,72.88798141163615,urban,50520563
9735,3,3,19.103605656800664,72.86245529390762,urban,79843330
2429,1,2,19.078535383993312,72.84236332736724,urban,20923066
1513,1,2,19.023635319892982,72.72956320251892,suburban,2397636
726,1,2,18.998109794927817,72.73037548668269,suburban,1000000
7821,4,3,19.08452978879405,72.89763233950934,urban,59745560
2328,1,2,18.95500734333046,72.75136641197071,suburban,5542001
8409,3,2,18.984716858021713,72.7981869682167,suburban,46041538
6088,3,2,19.067259899684643,72.88931734854133,urban,45785668
2523,1,1,19.043849767997443,72.85820267438879,urban,18337355
5466,2,4,18.830124376712426,73.11459869863359,rural,12182395
6391,3,2,18.946876903034962,72.7311388947714,suburban,31811515
1580,2,4,19.095846736641164,72.91375062588145,urban,14115865
5536,4,2,19.109999244482527,72.89957216420262,urban,40776443
3063,3,2,19.076025620937397,72.85502068882307,urban,23462657
3792,2,1,19.11372157539354,72.90536554422374,urban,26843784
4086,1,1,19.351686042793773,73.04881839772209,rural,7397535
4931,4,2,19.068488503789965,72.91153519723007,urban,39138820
7341,5,2,19.115288667271464,72.85618927142554,urban,44720462
7143,5,2,19.094642916726578,72.83548142061527,urban,63023874
4459,1,4,19.166957327196876,72.9763669107752,suburban,26067734
661,4,2,19.11519722368371,72.86142832358244,urban,7735495
1093,4,4,19.078773888994192,72.89244482223675,urban,15034069
3890,4,1,18.99313127710532,72.7291461786826,suburban,13165325
6497,4,4,19.15564028288666,72.9784946230999,suburban,25267585
6854,5,2,19.077450391890334,72.89603323448233,urban,44675299
1163,2,1,19.0345521092793,72.91471172048072,urban,11530650
9824,4,3,19.18537458684466,73.0266602898577,suburban,50578034
1041,2,1,19.350724752664735,72.60890554276182,rural,2277656
5933,4,3,19.059530563508343,72.91617962030442,urban,51357640
5593,3,4,19.077845429507224,72.86782814874672,urban,32276975
1367,3,1,19.116549643225085,72.83703445244771,urban,5371653
9123,3,1,19.173312278290226,72.99293740979753,suburban,42540828
5969,4,1,19.15242764544089,72.77136870954656,suburban,34063446
6756,2,4,18.96751145926733,72.99614622259773,suburban,34717862
9898,5,2,19.209284895027178,72.7827310463015,suburban,63921324
1669,1,4,18.92250720189996,72.67065269431286,rural,1000000
1330,5,1,18.842658570950892,73.06418076415605,rural,6314515
2151,4,2,19.21418658623375,72.94878843535821,suburban,16352253
1636,3,1,18.93846428142715,72.96382719150886,suburban,15580794
3310,3,1,19.048096950244354,72.87023148680512,urban,25210586
9167,2,3,19.0028699926922,72.76110725593658,suburban,39547379
1519,4,1,19.204806044596292,72.79642718839328,suburban,11552290
5737,5,4,19.151952332297714,72.73425260697535,suburban,31820828
1783,4,4,19.043346249631796,72.854976565921,urban,18652408
1159,4,4,19.134290196412408,72.93048159955978,suburban,14561317
2510,3,2,19.15971229225256,73.02407734552604,suburban,11575795
9090,5,3,19.205391265273693,72.79610285578072,suburban,41827369
2233,1,3,19.12296368190013,72.90795765987458,urban,20122046
2625,3,1,19.189062089144535,72.99741210372238,suburban,14718761
2671,5,1,19.08532074088249,72.8378900450807,urban,20736894
8766,2,3,18.916270080994792,73.12769101662109,rural,19875431
3971,3,2,19.20081737929781,72.93857787302326,suburban,22076458
9528,2,4,19.081115841391064,72.89265555210213,urban,77384330
6124,3,1,19.029485238337813,72.92379742145157,urban,39018602
9191,4,3,19.182259184874397,72.77136368870055,suburban,47271185
8829,5,2,19.118935017818366,72.84972985918174,urban,71554910
2597,2,4,19.36566482328589,73.13819319340702,rural,14696675
5568,3,1,19.149984314873834,72.78640198545286,suburban,28698884
6897,2,4,19.09613297304887,72.8487210393957,urban,60948854
3257,3,4,18.94232994857263,72.74312846761109,suburban,20880266
4420,3,3,19.118109391051572,72.90899824268972,urban,39019349
8686,1,3,19.25924354889403,72.60789847005346,rural,19868246
2400,1,4,19.039760644701843,72.92556978847911,urban,31084980
3110,1,4,19.229748919515515,73.10602508671607,rural,8189844
7400,2,1,19.205043810254626,73.00116725691463,suburban,37431757
1949,4,2,19.32364464831056,72.62271017215204,rural,4790988
9238,3,2,19.085568497513464,72.91233680534576,urban,77025586
5517,5,4,19.057287902114584,72.88002063269687,urban,54282026
8499,1,3,19.025152027897448,72.99644363997768,suburban,45601393
6552,2,2,18.977899874628623,72.94872052162805,suburban,31030052
2596,2,4,19.0743220551698,72.87018336066107,urban,29684883
9395,2,3,19.068514951352437,72.84858061599289,urban,65453414
6904,5,1,19.12072045897482,72.82805071518108,urban,50333300
3831,5,2,18.936845455000267,72.75400980768606,suburban,13253847
7962,1,1,19.073219198630355,72.92658500815084,urban,58090455
5605,5,3,19.09036982369843,72.84043767238187,urban,49758675
3478,1,4,19.071764223885644,72.87452030965729,urban,26216617
3339,5,1,19.20622633328831,73.01931629328261,suburban,17765509
3884,5,4,19.057403728695284,72.85754381268852,urban,33977446
1185,5,2,19.375407218737852,73.11158406750371,rural,1513048
8031,1,1,19.068603284944484,72.8999723150409,urban,55114305
4783,3,2,19.268987846345624,73.16446790352339,rural,4522598
8236,1,2,19.206372549731608,72.95328168833426,suburban,47105297
8210,3,2,19.066515840440005,72.83084394229746,urban,59821498
2119,2,2,19.067300825375906,72.88270216417554,urban,13764839
7368,2,2,19.010823838608683,72.94609131051926,suburban,29823866
1931,1,3,18.99172702875666,72.97177405380035,suburban,8805084
9567,3,1,19.011992395629726,72.80958054247299,suburban,51313123
5213,3,4,19.04227186893105,72.89429143330084,urban,39200291
9935,3,4,18.863220792984833,72.58246449710455,rural,30220440
5498,2,3,19.350558329904615,73.1014173846654,rural,4671467
662,1,4,19.152366021893958,72.96846968525493,suburban,4276413
2474,4,4,18.989755053598607,72.73603280908628,suburban,11466183
3791,3,4,19.167882937940274,72.75158684464219,suburban,12494285
8961,3,1,19.03440896517867,72.8981070034567,urban,60352174
1131,4,4,19.07425719536768,72.84108538932377,urban,6618627
1405,1,1,18.999528943605313,72.82319645026935,suburban,1000000
2514,3,4,19.264310966050104,73.085015509607,rural,8777405
8396,1,4,19.099233955203662,72.88823519865596,urban,66190689
704,3,1,18.958162269774007,73.01426391206188,suburban,4275464
1081,5,3,19.355107902253877,72.70472466267807,rural,4940936
6175,3,4,19.076232530492756,72.86357392940161,urban,40618793
9532,5,2,19.039166896827997,72.85647502346058,urban,76504862
5847,1,2,18.928457123833436,72.96239267554965,suburban,31767458
3143,3,3,19.02664014218573,72.89964148797903,urban,26501854
8517,2,2,19.06735500655454,72.83801400628953,urban,64380775
2797,2,1,19.12285567383047,72.90544332125852,urban,17920517
1374,4,4,19.098615008943273,72.92348723348417,urban,14287654
6060,2,4,18.86487798732243,73.13548003104387,rural,14736471
1189,5,4,19.19571205474521,72.92910790921877,suburban,12556217
4500,2,4,19.168525891860284,72.9289092694806,suburban,24629170
1171,2,2,18.9737208250935,72.76553934024129,suburban,4896141
8427,2,2,18.89884821303092,73.11969250560759,rural,21968351
1671,3,2,19.028590022821028,72.88173673621151,urban,13163666
6091,4,1,19.104498173199882,72.83461008777854,urban,46596976
9635,1,2,18.864024070213024,73.07667669095451,rural,26508478
6842,4,2,19.25387035898097,72.67994593802834,rural,13806632
1949,5,4,19.059065330605996,72.88083474405856,urban,18938103
3039,3,2,19.029303533723088,72.92619024361751,urban,24870964
4459,3,3,18.943505329212883,72.76425990552534,suburban,16759399
6785,2,3,19.033486996137277,72.88219736307907,urban,53211205
5932,2,4,19.154506443620345,72.76542105524969,suburban,30032064
4760,5,2,19.10986513982793,72.85583770607127,urban,34046038
2861,3,3,19.0837863524491,72.90543633188388,urban,26301035
6664,1,3,19.17507729863223,73.0107643664939,suburban,39456459
4170,4,1,18.815915335227928,73.16914731372815,rural,7940047
2253,3,4,19.162633644241197,72.93605496771909,suburban,13045116
8600,1,3,19.081245072563487,72.83173457587324,urban,71381520
2438,1,3,18.813168195954304,72.60330732563826,rural,1000000
9062,4,4,18.971426591382937,72.78244199650983,suburban,56159743
6476,1,2,19.065869681906815,72.89324431252346,urban,49686184
7088,5,4,19.087536225640093,72.86491610998185,urban,60075550
9116,1,1,19.034688993756607,72.82984155386707,urban,59927496
6804,5,1,18.983176225946462,72.97582015748235,suburban,28544425
7845,1,1,18.984558835008855,72.79958401252665,suburban,33897748
8375,2,3,19.049799048042402,72.8368360611115,urban,58643774
9586,1,2,19.03730430336861,72.8596154459897,urban,60715212
7133,5,1,19.02726764175585,72.84972032866813,urban,49680174
1097,1,4,18.947247685906767,72.80423828075698,suburban,1147531
3562,1,1,19.120908055999454,72.88994701163517,urban,19781509
2836,1,3,19.032002594943567,72.8339243966495,urban,29190986
1072,5,1,18.834181681145125,72.64668067969026,rural,5758934
8021,1,2,19.148431547497335,73.02060429144856,suburban,35724546
6671,4,1,19.070032539814783,72.85271554119204,urban,54877154
7597,4,2,19.13936980423019,72.78743683158893,suburban,40960430
2590,5,2,19.030871139567754,72.9267978815943,urban,13043791
7066,2,4,19.0052187279798,72.7868232639601,suburban,38126936
5124,4,2,19.184478220310805,72.97605552654011,suburban,24470003
2133,3,3,18.971732187270852,72.7878822215353,suburban,14841667
2017,4,3,19.023497887221303,72.98180290208747,suburban,6108374
4148,3,2,19.069600833308584,72.9068125316858,urban,35431203
2037,5,2,19.14024607462604,73.02128103487725,suburban,16768964
3637,2,1,19.06749050708667,72.82829748407259,urban,29968430
7485,3,1,19.104974482667448,72.91578958034123,urban,48399030
597,3,4,19.252210713853316,72.59027116867752,rural,13013086
4250,4,1,19.17312908510342,72.74789651892021,suburban,24803712
9035,3,3,19.310606939887794,73.07567585147147,rural,24939371
8674,5,1,19.100653658381404,72.82783928445191,urban,70315598
8603,5,4,18.96804473103512,72.74123139736216,suburban,55136017
5913,5,4,19.0592899456798,72.88644858528644,urban,40391657
5166,4,2,19.001312975346888,72.74295131426693,suburban,32154409
1110,2,4,19.08416137198199,72.85031211475993,urban,9007251
2227,4,2,19.0301386336991,72.84507002660138,urban,16952945
2354,5,3,19.030619893760882,72.87456038996133,urban,19012274
5555,4,3,18.967336260908194,72.93216752076854,suburban,18701673
2824,5,1,19.074552502681037,72.9076179932201,urban,25983031
9869,1,4,19.320201376837357,73.04340653301558,rural,15818080
9783,1,3,19.117745023478975,72.86019568278495,urban,71406542
6274,3,2,19.087601779188137,72.87693271501847,urban,46324961
7019,2,4,19.120202376862984,72.87857485329488,urban,52088461
2249,1,4,18.78200512794319,72.69779861742047,rural,1000000
1281,5,2,19.104134524009613,72.90606107355934,urban,16559919
8048,4,4,19.099218327395672,72.91366114646654,urban,53528851
7323,4,4,19.196254617294382,72.76409148555278,suburban,33129399
2605,3,3,19.072708774332934,72.86831614932044,urban,18812441
4367,4,2,18.96397882002962,72.9683663929233,suburban,21221788
7693,1,3,19.036652961620867,72.92014722752438,urban,60123828
5476,4,2,19.12847389075379,72.93824672618057,suburban,29076957
2613,1,1,19.052292626690438,72.86828489004021,urban,29697738
6379,1,4,19.014255261840614,72.81460930631526,suburban,34052144
4470,2,4,19.201910874410032,72.93812528657247,suburban,24130683
9759,3,3,18.965068867664453,72.75636372773198,suburban,46372191
7764,5,4,19.152998682753346,72.76133208306435,suburban,42240814
2077,1,4,19.258842935151826,73.0889943520579,rural,2294213
9703,3,3,19.07357931965362,72.85768642634335,urban,72274614
2774,5,3,19.10918686148238,72.9158643755181,urban,39252937
5369,4,2,19.169325042377267,72.9651688020727,suburban,35679714
7244,3,1,19.02020255539421,72.99683231605677,suburban,32260650
2926,3,3,19.065744192725717,72.84516158500074,urban,26948947
6046,3,2,19.128881837514086,72.7639754400513,suburban,32226954
7352,4,3,19.07238895871213,72.86633555216575,urban,54307082
3051,4,2,19.143488479594748,72.97853686684607,suburban,26862895
6911,3,1,19.319622143430475,73.06548274917947,rural,18354349
507,2,2,18.944565494024353,72.7574807755036,suburban,9079037
8587,1,2,19.038328981175503,72.8501039643327,urban,61542383
3055,4,4,19.183553151620366,72.74197986531271,suburban,21842561
975,2,3,18.942809003774506,72.93203979460844,suburban,11715738
5916,4,2,19.115909117752107,72.83337490901528,urban,41324304
9176,3,3,19.1676280893777,72.98136103232967,suburban,44954356
7739,2,2,19.303502848405568,73.16059336819417,rural,20554336
7210,5,4,19.11998372812575,72.87611097983945,urban,65106602
5500,1,4,19.06705669452939,72.89427878190324,urban,50127052
5154,1,1,19.067676057760103,72.8318944596001,urban,36910587
8578,4,2,18.954007854782954,72.95579839412828,suburban,41922780
6563,1,4,19.229093161479035,72.5879958097134,rural,18938149
2785,5,3,18.981210080747694,72.73264235471012,suburban,7435044
5723,2,2,19.03386093235263,72.88289360472467,urban,50258647
7471,2,2,19.134819865345406,72.93720878783736,suburban,33602888
4025,3,1,18.99705784566354,72.75983297998876,suburban,20893062
3322,2,3,19.00376733087956,72.97948202986532,suburban,23968963
5443,4,1,19.060721234958972,72.87998362250205,urban,45094383
7030,5,2,19.003160566191436,72.99371881301813,suburban,34691766
758,3,1,18.977519010212937,72.99919957812894,suburban,1000000
782,4,2,19.113458641531896,72.89091927812407,urban,7593248
2398,4,2,18.930150708394127,72.7992878187225,suburban,11287546
4635,4,1,18.834976611517146,73.13947683488202,rural,25670246
7129,1,1,19.081119718799183,72.91391807919497,urban,49775135
3700,4,2,18.84474545906179,72.63782016085742,rural,7508106
5610,1,1,19.04056385518401,72.88305032333488,urban,37405165
7667,2,1,18.928255176973384,73.00641859957324,suburban,36279259
1112,1,2,19.090330880272962,72.86249086734873,urban,11641341
1187,4,3,19.04296151944784,72.85015516016428,urban,6340886
4190,5,1,19.025367791045735,72.99504804208983,suburban,24136081
9304,5,1,19.152891135119805,72.81851496003557,suburban,42188324
2807,2,4,19.155205122941698,72.78261236392223,suburban,19259434
7633,4,3,18.992026729465497,72.73694452206507,suburban,36839955
7009,1,1,19.20455180467299,72.76511662997756,suburban,32401576
6406,5,2,19.348668240467052,73.11696141043944,rural,25525056
3091,3,4,19.13287282015724,73.00296395594523,suburban,14197683
7683,4,4,19.066550779174353,72.84228271841958,urban,62041714
5748,4,4,19.041731859396126,72.90747524500959,urban,48986559
9266,3,1,19.108901713396147,72.88370025406388,urban,77366120
5608,5,2,18.996487219019432,72.73442991833322,suburban,30942730
4104,3,4,19.10566421194518,72.82802829202883,urban,30916610
1169,2,3,19.071031960087538,72.914794908632,urban,7383113
4864,1,4,19.059823328323272,72.90035511768723,urban,39075804
7829,1,4,18.960232517487135,72.81247816336457,suburban,35321262
1783,5,3,19.03725267903128,72.90049140965719,urban,18724164
1423,3,4,19.12509683367791,72.92349814318118,urban,13306372
1625,4,4,18.9459758256943,72.98115174242298,suburban,3429084
2029,4,3,19.198810839034408,72.92854015242783,suburban,5273098
8938,4,1,19.085705913207885,72.82835345401429,urban,69145634
4211,2,3,19.21689056507735,72.7787337286775,suburban,19497256
8504,2,1,19.06538211695976,72.91277764106401,urban,68692039
6774,4,1,18.786921068935385,73.0451352470716,rural,14594712
4364,5,1,19.083822711821654,72.88625027576646,urban,38972534
8333,2,3,19.342917818284374,73.0611267030179,rural,27160793
7288,2,3,18.87809710768238,73.04187685174648,rural,14981960
726,1,1,19.012352852937486,72.76621001510952,suburban,1932326
764,1,3,19.08301038425902,72.88652970579773,urban,13548525
1145,5,1,19.21638965101219,72.99033765963256,suburban,8628466
8044,2,3,19.029099257994083,72.89811461366452,urban,60925512
6069,2,2,18.922027988292044,72.6182933633188,rural,20881372
3490,3,3,19.18713077653926,72.95865380720883,suburban,15718263
3004,5,3,19.334526877713394,72.59200694295949,rural,6619773
9846,5,3,19.21807030012036,72.81368178907955,suburban,51614385
1087,3,1,19.221944515817903,72.81296291182439,suburban,12643126
9677,3,1,19.159745748235842,72.96654777501841,suburban,44259953
4579,1,2,19.092118893255556,72.92456869644629,urban,37100316
3848,5,2,19.144547950335642,72.98202608693259,suburban,18893655
6799,5,4,18.934114389107425,72.9287619232477,suburban,42000356
4331,3,2,19.29796014715588,72.63386905291496,rural,15424231
9933,4,1,19.21125266696955,72.77150120548816,suburban,49762998
8881,4,2,19.3233357062091,72.67310267901534,rural,28818274
9672,1,2,19.34715593391411,73.07115738787765,rural,23703181
2215,4,3,18.965135699120918,72.79232960419026,suburban,9107293
6950,4,2,19.090549269236146,72.89836834077587,urban,66888959
5933,4,4,18.943766186549293,72.94367549422181,suburban,29123181
1598,2,3,19.16708406144275,72.74165497016237,suburban,8842913
7596,1,1,19.028902897220473,72.88503440436229,urban,55230161
2826,3,4,19.058466627907244,72.9261462004948,urban,16553879
9587,4,1,19.241668018207307,72.72060457009948,rural,23574740
6916,2,4,19.04768736952238,72.88561911163654,urban,55068196
7480,4,3,18.97544366263553,72.79269241951665,suburban,31626189
7263,2,4,18.890939435780854,72.7000779402823,rural,17467208
2174,1,4,18.94800536169987,72.74999859869382,suburban,13623055
8450,4,2,19.214423794633404,72.97748047471785,suburban,44075843
9622,2,1,19.217576851770946,72.98882252520482,suburban,45448154
9415,5,3,18.969553597228483,73.02691494226961,suburban,46125519
6549,5,4,19.054127971605954,72.92299544259173,urban,46765729
1589,2,1,19.37321931672187,72.6930249560877,rural,13613928
5078,4,1,18.93767972823012,72.93167535732341,suburban,21191160
9627,4,2,18.995471928696883,72.76023873735082,suburban,54163678
655,1,1,19.175877924798954,72.96914128307887,suburban,1000000
9762,1,3,19.123411491773854,72.83392363277939,urban,78046339
2458,3,2,18.78757278962777,72.71528471997172,rural,10850214
6844,1,4,18.94974258775697,73.00540369819397,suburban,29062906
6279,4,3,19.02991124880611,72.84099660480241,urban,46016378
6644,3,3,19.366432474732964,72.71548079174062,rural,24045394
5563,1,3,19.209564593775788,72.76357342467772,suburban,21449551
4330,2,2,19.142571048707165,72.73928295801072,suburban,23698199
9546,5,1,19.130997172844282,72.77228866179098,suburban,45855627
9331,1,3,19.10923868335497,72.86230730917748,urban,75219287
7159,1,1,19.197462928918636,72.77374765784738,suburban,44208686
941,2,1,19.111799943118044,72.87474044259245,urban,2867902
6540,4,3,18.94144004658555,72.96404268280376,suburban,36645740
6425,2,1,18.98045226223434,72.7778644218623,suburban,36834460
7858,1,2,18.804750438218107,73.11240184121903,rural,10915481
5128,4,2,19.177418549491595,72.8052284917118,suburban,31815535
6870,3,4,19.112836282094463,72.83331727989022,urban,55000436
1448,1,1,18.908358558212036,72.71815122216236,rural,5935397
8679,2,1,19.17926156163936,72.92968747310226,suburban,34310747
6615,3,4,18.986624052870937,72.75033548175442,suburban,37538533
959,5,2,19.094496743638622,72.87504955353167,urban,8991104
8068,3,4,19.2584222892563,73.15476723009539,rural,17491606
5146,2,4,19.279443783079245,72.59029826792195,rural,17223004
892,3,4,19.215813095638453,73.02752347235611,suburban,8766513
2287,2,1,19.331653627643014,73.07177290993573,rural,4467425
7874,1,1,19.113662683161376,72.85177467924157,urban,61112082
1638,4,1,19.299374370986275,73.03820834909384,rural,3554643
5241,5,1,19.183276832772147,72.8031799454072,suburban,20722499
7918,4,3,19.124065637262987,72.88926142918042,urban,60769199
6862,4,4,19.16806831241064,72.77771545382146,suburban,41750062
2954,4,4,19.133502276007288,72.98697077433005,suburban,22405619
4174,2,1,19.061915319130346,72.88431139525115,urban,28222029
1877,2,2,19.033267594943716,72.92209911714316,urban,16058711
7201,5,3,19.05537116877842,72.83487787906721,urban,57015754
3097,2,3,19.04295042725741,72.83724739144826,urban,26776341
641,2,2,19.043860450435968,72.86937540548267,urban,6135902
3159,2,1,19.099805089393552,72.8549348347455,urban,28174071
5096,2,3,19.069592662194164,72.92057572878883,urban,37317211
9531,1,3,18.881626739101105,72.6084920370103,rural,31889275
6161,5,4,19.143832174625725,72.97331528734763,suburban,30276976
6642,2,4,19.116302807379427,72.83277522911236,urban,51973986
6126,5,1,19.315590884921576,72.63706559057758,rural,21010618
9287,3,1,18.952743578512912,72.78081024554878,suburban,47653813
8972,1,4,18.943307501406494,72.95998993519908,suburban,32887717
923,2,4,18.9999239220232,72.80754865364777,suburban,6875740
7499,1,4,19.222363151207983,72.97179284693297,suburban,40501883
4749,1,2,19.026893857756804,72.85653525685512,urban,37472531
2250,3,3,19.02739376787101,72.86515146176586,urban,23179474
5257,5,1,19.132293850143895,72.93162515911503,suburban,34064933
2467,1,1,18.93531587105571,72.96863865833024,suburban,7885867
4588,4,2,19.128926546113576,72.74993099440299,suburban,15387190
4678,3,4,19.109843942319735,72.91593663448721,urban,30876434
8289,4,3,19.20459738423823,73.00977490244114,suburban,42558244
3446,3,4,19.152488494258264,72.9920231002661,suburban,21219114
5894,4,1,19.226800484137858,72.65617614403477,rural,16577667
8380,4,2,19.027388365969134,72.88983603361082,urban,57834161
5575,1,3,19.32387978593253,73.05141613673584,rural,16282450
7730,1,3,18.78135010986663,72.59507161583004,rural,20263848
2031,3,3,19.160984626802417,72.81529193190232,suburban,12005105
3490,5,3,18.996253722255794,72.73367166529178,suburban,27951872
7655,1,2,19.10725193405763,72.86278248135199,urban,62058050
4993,1,1,18.904456035067685,73.11703002134085,rural,12064644
9835,2,3,19.06845735692456,72.89686467955588,urban,68525928
1433,1,3,19.200668188565174,72.74939383364253,suburban,13200063
1960,5,1,19.105164077755973,72.83024764262694,urban,8010574
3223,2,4,19.194040436673887,72.80413660429495,suburban,15116132
785,4,3,19.016869829339328,72.94693922635932,suburban,1000000
764,4,3,19.288308519584522,73.1668648098033,rural,1000000
7316,2,4,19.14640588420985,72.7719186646185,suburban,36656047
2262,2,1,18.82941271871378,73.09100698635807,rural,1000000
540,2,1,19.16915590711711,72.98493491824384,suburban,1000000
6327,3,3,19.096404098743864,72.89317342089657,urban,44465366
8759,5,1,19.065700103277408,72.85530321027906,urban,61377084
1487,5,4,18.964589562517972,72.73338483507891,suburban,4127330
8304,4,2,19.105911661834558,72.88199917728082,urban,62963692
8289,4,4,19.178555969517387,73.0238684147576,suburban,50067281
6217,4,4,19.109051782774852,72.87914772488757,urban,46102316
3698,1,2,19.001014663274493,72.7582509728542,suburban,15329062
5874,4,4,18.941876990438992,72.807863639376,suburban,30134916
5290,2,3,19.17768806739737,72.7705396704764,suburban,29882147
7683,4,3,19.049001234001516,72.90358310690355,urban,62655874
3024,2,1,19.099031741671496,72.9116208814629,urban,13875838
9777,3,1,19.119292980728023,72.85852611189027,urban,69329864
2979,1,4,19.111959495657057,72.89430117912762,urban,28785070
5654,1,3,18.93022295761082,72.80049258439766,suburban,25113735
1278,5,3,18.955570655130728,73.02054107740383,suburban,12437235
1992,3,2,19.098703955779335,72.86643091980574,urban,20172625
1160,2,1,18.9542232665298,72.74759044235692,suburban,1000000
1848,3,3,19.19368107982861,72.82298687483093,suburban,1760173
9991,1,4,19.073829465548293,72.92385692715497,urban,74104305
8351,2,3,18.96528101166229,72.76687727437647,suburban,43791003
7656,3,1,19.03535877897809,72.85533162851004,urban,57318960
2544,1,4,19.1916079438969,72.95922362560344,suburban,11630517
7868,2,1,18.93673550602029,72.98563539050399,suburban,38951821
4016,2,3,19.057086258573264,72.83530583764994,urban,30751530
9750,1,3,18.970387006655287,72.8103731803624,suburban,48433947
9668,2,3,18.96826859735435,72.93363756419312,suburban,36872499
5077,1,1,19.087633766723613,72.86124983181939,urban,37018182
1227,4,4,18.974682333140606,72.73676377053174,suburban,5595791
7968,4,3,19.15958728624698,72.74572431586873,suburban,35540217
842,2,3,19.13379583441404,72.94579449542375,suburban,1086456
1947,2,3,18.932670720742227,72.95018120907783,suburban,1387116
7081,1,2,19.24660521506345,72.62649835572327,rural,21036066
6817,2,2,18.91853143656176,73.15143452108133,rural,12929488
1026,5,4,19.01514775964399,72.74430960491378,suburban,6359779
7248,4,1,19.328563767564795,73.16438730647668,rural,17669424
905,2,3,19.03880564975868,72.83383464098952,urban,6886486
8486,2,3,18.994155898204035,72.93638308301375,suburban,47574451
4240,3,1,19.027449901782315,72.87207633015095,urban,29344035
2346,2,1,19.04384602898536,72.86452680438671,urban,17947343
1978,5,4,18.95849659252293,72.79260362289493,suburban,14929505
1271,4,1,19.22507507328395,72.75581852772737,suburban,7399686
6025,3,3,18.968062434900244,72.76568173684812,suburban,26698243
9270,1,4,19.017973540947477,72.76278106486434,suburban,38610278
693,1,2,19.02045559597681,72.79794867539484,suburban,1000000
2507,4,4,18.93436861577737,72.94799253925531,suburban,14660800
1685,1,4,19.088616881708862,72.87989119302769,urban,13580040
2894,5,4,19.08359324540358,72.87129481480403,urban,28093480
9802,2,1,19.072716931093215,72.90557975558471,urban,72776346
4505,4,3,19.004007781517434,72.96735293028313,suburban,20102325
7929,3,1,19.044998570118604,72.85707735950419,urban,53369831
2761,2,3,19.0451566924286,72.82974954963582,urban,15678433
4236,1,1,19.152982992504167,72.93234674459623,suburban,15697760
7216,1,4,19.16226820700676,72.8256278782931,suburban,42924281
5375,3,3,18.946441098623048,72.96884138024184,suburban,21480752
9421,5,1,19.09389939148077,72.90207217479808,urban,67203564
4878,3,4,19.145230042366613,73.01144376228217,suburban,21624948
8315,4,2,19.00236898334262,72.75905357056136,suburban,47739294
3951,3,1,19.271775375771433,73.09895135038585,rural,12957481
8116,1,1,19.143309480395953,72.82154294763528,suburban,39124498
3300,5,2,19.088526289727728,72.91931195834337,urban,19306638
8833,5,1,18.97178151893764,72.95376113708082,suburban,44916451
5910,3,2,19.114495305275085,72.87558580785281,urban,49342539
1955,4,3,19.09973219894423,72.82916493485956,urban,22883310
7392,1,2,19.07481389226644,72.86027226231666,urban,44443971
6308,2,4,19.022966872738618,72.75013271929276,suburban,27256754
7296,5,2,19.159318024299115,73.00827984839074,suburban,37469976
5296,3,3,19.12634979563683,73.02214476320384,suburban,32446138
5593,4,2,18.942942447793666,73.00934153840814,suburban,21053615
1825,4,2,19.07340026812148,72.83171989784985,urban,9264694
5476,1,3,18.990544832711155,72.75460211566305,suburban,23775067
9905,5,1,19.137712793074233,72.7769876449065,suburban,43149438
1659,1,1,19.193582893132117,73.00361377468026,suburban,1000000
5150,2,4,18.941458779170514,72.9499906464282,suburban,35736880
5487,2,4,19.06200953574213,72.92391123570017,urban,40318435
5197,2,2,18.98197204765852,73.02367139331336,suburban,21494965
840,4,1,18.95415361379313,72.97685637119218,suburban,1000000
4328,5,1,18.97334518124816,72.79833669370731,suburban,21963700
2468,1,2,19.205433065526538,73.0078395854325,suburban,7760576
1203,1,3,19.236663342236632,72.62523840231107,rural,4753886
5982,2,1,19.113043031245084,72.90573384384498,urban,39329370
6876,5,4,19.140532814198977,72.76752842694616,suburban,35409524
2300,5,2,19.182813757982437,72.97910421761553,suburban,11718153
5963,3,3,19.04959068444212,72.90450081386426,urban,48220185
5412,5,4,19.027868978556356,72.90559100627055,urban,41514578
5148,5,1,19.178679873653916,73.02132226523848,suburban,28643895
1355,1,3,19.092348456510898,72.86892571944202,urban,11649337
3366,5,4,19.07350859085607,72.84812154276516,urban,31627521
682,5,2,18.91111485140128,73.11451450899533,rural,4100575
3612,1,3,18.99982334822708,72.96966528102453,suburban,16131137
6170,5,3,19.116789781997007,72.8415631227662,urban,56207910
4992,1,2,19.002311683127033,73.01955304517858,suburban,20793845
6323,3,1,19.191611563405985,72.9916525883218,suburban,38453873
2017,4,1,19.296224701851067,73.15593769272209,rural,9228897
5502,1,3,19.14915674782789,72.978935041144,suburban,29867556
1856,1,3,18.839844125368224,73.16582587791407,rural,2049897
4129,5,3,19.0490018339715,72.85791446128489,urban,29789183
4128,1,4,19.009793131870296,73.0204790371464,suburban,20924550
8710,2,3,19.07097051448837,72.90796407807775,urban,67127623
6632,2,1,19.07729734728103,72.83967554822216,urban,49633065
9824,3,2,19.16978487094427,72.76464759567214,suburban,51842903
7088,1,2,19.09053518527829,72.83961807192324,urban,57759673
3811,5,2,19.156434452516184,73.00105646449633,suburban,15902106
6548,5,3,18.91892203774066,73.0340343662105,rural,16809721
6746,4,3,19.08080461541633,72.84323390505178,urban,46093160
1487,3,2,19.080829158169696,72.92514873435009,urban,14033077
3821,5,4,18.962909977960337,72.78278588439504,suburban,28364266
5115,4,4,19.257923372847824,73.08984896462404,rural,8364778
8865,5,4,19.176453989205076,72.7356027530789,suburban,41695070
4241,4,4,19.02034962792704,72.73606227954863,suburban,15248490
3552,2,1,19.06390279739767,72.88078916245182,urban,24684931
7074,2,2,19.12358804705482,72.88122684416287,urban,43271170
1226,5,1,19.170774330654847,72.76933615204824,suburban,12837992
4260,3,3,19.107794459875645,72.8445968136312,urban,36955086
6306,1,4,19.346489002235632,73.15386485897059,rural,17272134
2375,3,4,19.191723345916728,72.97178770008479,suburban,17179252
7493,3,2,18.952242502784774,72.81541797519257,suburban,42210427
4533,1,4,19.00659181210337,72.74357881630941,suburban,22128110
5943,2,2,19.171077853957517,73.01030557504885,suburban,22739036
1489,2,3,18.93464069184547,72.9353806996098,suburban,3729464
4244,1,4,19.33201218553644,73.05882397802073,rural,10456892
9111,4,4,18.863153562302028,72.60855115725941,rural,22815320
1093,3,1,19.29993050492717,73.09233314278282,rural,10519976
2274,5,2,18.787539269658087,72.6800298319015,rural,7010564
1435,2,2,19.01112202644777,72.7842756607901,suburban,7953812
4308,5,4,19.225546523851058,72.79152481432666,suburban,27849521
831,1,1,19.05744515267304,72.8604241768387,urban,8063549
8422,5,4,19.090450879428232,72.87731567244946,urban,64995407
3202,5,2,19.102845972826564,72.89783032844976,urban,34148754
6389,3,2,19.051130872392527,72.90612556898859,urban,51611644
5554,1,4,18.94125381330852,72.98753901897541,suburban,24862056
4368,5,3,19.104294812273455,72.88723959068733,urban,36452970
4700,2,4,18.790075100403,73.11775377203608,rural,9516921
701,1,1,18.872561248938336,73.16012949958917,rural,1000000
2997,2,2,19.073350271421745,72.88144133318751,urban,27780650
2342,4,2,19.081474910676977,72.89288898304852,urban,17297076
9601,5,4,19.301869343638074,72.68917727785401,rural,25324475
5158,1,3,18.827371200824672,73.15642817205655,rural,13743583
8044,2,2,19.321558534235425,72.62057393823855,rural,27220432
8218,5,4,19.347836617731037,73.02807631622635,rural,14346605
1270,3,3,18.83396472944718,72.64762353604421,rural,1000000
3655,2,4,19.142722685702328,72.75922185181976,suburban,7542884
2128,2,4,19.07120537425759,72.86101093639964,urban,1000000
886,4,4,18.978606379650053,72.98985692265119,suburban,5983517
6531,3,2,19.074343505764023,72.86002238276036,urban,44115005
6939,4,3,19.29919128183881,73.13102054961058,rural,23868822
6901,3,1,19.16742820747234,72.77141601829913,suburban,28799754
4508,2,1,19.146908465954446,72.81366077161368,suburban,25721436
2966,4,2,19.030834290643806,72.88604825267096,urban,25632214
2782,5,2,19.143590936599754,72.789960520767,suburban,11026987
2356,3,4,19.189038996634174,72.74266543385332,suburban,9800225
8480,2,4,18.844624260698993,73.12806256089831,rural,24698988
2498,1,3,19.03828446609621,72.83719272359711,urban,21933382
5976,3,4,18.911270425137683,73.06677255727949,rural,24537450
9928,3,3,19.243202236798513,73.16796743617842,rural,29606585
5169,5,4,18.9288355646167,72.82344999549116,suburban,27348091
9842,3,4,18.945626592455852,73.01791058646025,suburban,49712320
4818,3,1,18.947211092922434,72.93282868793428,suburban,23112452
7564,5,2,19.03785322409496,72.91917888632983,urban,56725789
7946,5,3,19.032116934938845,72.83771495266991,urban,57434198
1931,4,1,19.36556156039443,73.04380888727485,rural,6584759
6124,2,4,18.947072921193772,72.82367180114679,suburban,26813681
7961,2,1,19.07943883835136,72.92741754037668,urban,61269662
2319,4,3,19.2138830160099,72.79669745666287,suburban,12421666
1630,2,2,19.16479059962381,73.0011178815905,suburban,11239120
7063,3,1,19.040779706137528,72.90241074085836,urban,55425415
3158,4,3,18.98019843817549,72.93537787236865,suburban,13393347
4000,4,4,19.084531126395024,72.87663693252688,urban,27167174
9066,2,1,19.093334316714728,72.87823676828204,urban,74213128
2620,1,2,18.96115798520115,72.74095114546347,suburban,10108311
4520,2,3,18.960039950214572,72.98908560694207,suburban,29578868
3759,1,2,19.04319724109755,72.86126776435589,urban,15618053
2323,4,4,19.195310896735812,72.78515238932982,suburban,13810722
1974,1,2,19.101926928413057,72.82825688606238,urban,19424731
2742,3,4,19.093899448024533,72.876622651049,urban,23121829
3743,5,4,19.063676258124637,72.86175366115737,urban,32230745
7490,1,1,19.043287549531517,72.86112520827487,urban,59369092
5660,5,4,19.065141847211038,72.87144489194249,urban,49759566
3634,3,2,18.82515490419837,72.65966434708655,rural,12495897
2570,5,1,18.962026200262162,72.8087402920506,suburban,20361614
859,3,4,19.03392491864414,72.92227217549234,urban,5765832
1641,5,3,19.114655048122927,72.8361796225451,urban,23194175
2135,5,3,19.083407601584746,72.92374018188609,urban,13478095
4500,2,4,19.200714278994617,72.97688121939707,suburban,27496693
3861,1,1,19.05390370750813,72.90132379546714,urban,31306418
7083,5,1,19.104057527324386,72.88056933243514,urban,66745871
8335,4,1,19.01390512984833,72.73431316263735,suburban,43805470
506,2,2,19.140053877902744,72.93337275836289,suburban,6516353
3767,1,3,19.054414261772955,72.85602497094146,urban,20782134
7064,2,4,19.134722159275043,73.02303858352714,suburban,39824304
5428,1,4,19.03738345918759,72.91535987676508,urban,42879673
3106,3,3,19.094295605596315,72.86024411318286,urban,28824222
6406,5,2,19.213125055441513,72.9875022187782,suburban,28408775
3773,4,1,19.172926792448727,72.77763489598382,suburban,17177840
8111,2,3,19.164769269194473,72.77092479308718,suburban,41673717
1413,2,4,19.086011775996813,72.84243781917804,urban,11675065
2511,2,2,19.12669961854765,73.01279878555087,suburban,13875525
1942,2,4,19.057496593963982,72.90777311229424,urban,16838788
6046,5,1,19.220536429908982,72.75289549116481,suburban,28539037
2329,1,3,19.165137829359104,73.00363985524348,suburban,10006876
9267,5,1,19.125860006394966,72.87885609071382,urban,67969423
6968,3,2,19.208252481834194,72.82303683572226,suburban,49094851
1429,5,3,18.98884865966525,73.02525238452819,suburban,10229919
4199,5,1,19.05680207377626,72.9207412259613,urban,42501952
1554,3,1,18.8799982647434,72.69393998512781,rural,1000000
6244,5,1,19.33780083394998,73.09852668239714,rural,17564779
2400,1,2,19.046270707954186,72.91904158339797,urban,16160201
7480,4,1,18.812673788521206,73.08293125112812,rural,23281112
7569,3,4,19.012679782358624,72.94079824931933,suburban,40271802
3915,2,3,19.01652194921546,72.82729203931507,suburban,14711187
942,1,3,19.24157764616482,72.59824452601336,rural,3056969
6718,4,1,18.977757363564358,72.785152846699,suburban,35778084
5152,1,2,19.0486194624845,72.85749658614203,urban,40672603
8439,1,4,19.2411465755726,73.0946675136667,rural,29651996
8333,2,4,19.11902237343916,72.90160731706268,urban,68544068
9870,4,3,19.09830637335532,72.85849989620941,urban,84456506
8097,1,3,19.114829329751004,72.922395569668,urban,62930097
4958,2,4,18.786160559518695,73.03352045397867,rural,17952936
7091,3,3,18.829516234141206,72.68344022596753,rural,19282977
9949,2,1,19.055118745881856,72.84936116581811,urban,76425530
2809,5,4,18.85337815243352,73.07617210696556,rural,11649550
6768,2,3,19.070007673131478,72.86871495546727,urban,49780734
1410,2,1,18.832120680483726,73.03986720068767,rural,2809906
4840,2,1,18.949160117819513,72.97510258347278,suburban,17393577
4509,1,4,19.083933911079576,72.8972236454245,urban,41076524
7128,4,1,19.11843449555031,72.89433453434248,urban,61519224
2669,2,4,19.069182600772557,72.83017711756332,urban,15270493
2672,2,1,19.09882993156318,72.9241866011601,urban,26510716
6168,5,4,18.978976487646403,72.79372313622117,suburban,37696804
6813,5,4,19.098843720568468,72.82776904744821,urban,55448022
8815,3,4,19.35908175840978,72.59474557104825,rural,26354334
8536,3,4,19.138237876617563,72.76051942053864,suburban,46515957
7289,5,1,19.176754715143268,72.93706299719811,suburban,31405591
1285,4,4,19.0578069325118,72.91079914147376,urban,23580155
6639,3,3,19.34599191893126,72.57792891867884,rural,7135342
6844,4,1,19.019819890722044,72.78339967348512,suburban,28011115
2916,5,4,19.252774957259867,72.63810497879577,rural,14377765
9488,3,1,19.232499121659455,72.66126428728727,rural,32081541
4654,2,1,19.052802423781998,72.91490431818755,urban,44187058
6119,5,1,19.042109864764644,72.85309018050063,urban,48695997
2436,3,1,19.24954916225491,72.71021800491943,rural,1981080
4307,4,4,18.884321125239502,72.61932139707983,rural,12830002
7651,4,1,18.96241265192661,73.02051761961722,suburban,42891209
9993,3,3,19.032898639242024,72.91222025352792,urban,73021144
3736,4,1,19.17118235152807,72.96271457268799,suburban,14270881
2852,3,1,19.121020787309924,72.83711354975881,urban,22642306
2432,3,3,19.102807703025025,72.8480508030758,urban,16329070
9056,4,4,19.1640136122827,72.74031769837367,suburban,45578548
5416,1,3,19.032745664795044,72.87850485501367,urban,38198772
5998,2,2,18.947035809835857,72.77481194122345,suburban,32652933
1446,5,3,18.85924383874137,73.16635180520595,rural,1579167
1939,2,4,19.335482975976287,72.60980952388259,rural,1297699
8230,5,3,19.313230483890496,73.0840872789778,rural,28171575
5357,5,1,18.895593566254398,73.14487407105871,rural,9995900
840,2,4,19.057241860722172,72.85618733382631,urban,3284804
882,3,2,18.918705445412815,72.6583762326141,rural,3540831
8991,4,4,18.922677105087665,72.71081728242802,rural,23131859
638,1,1,19.315037148600936,73.1349871421073,rural,5606630
858,1,2,18.94562312167026,72.97568710601104,suburban,1000000
5431,1,4,19.035215341720082,72.84820315833599,urban,40932136
3956,2,4,19.103335788161033,72.85009084411888,urban,26742016
2127,2,1,19.035252982752148,72.88742032822522,urban,24047700
9995,3,3,18.84380952257574,72.6365159106525,rural,23455631
7126,1,3,19.17601973458645,72.97707739205687,suburban,44908550
5504,3,2,18.84591774126804,73.12029503036209,rural,15484768
9826,1,1,18.93889067991978,72.82526319073409,suburban,47439191
7152,2,1,19.16438502951981,72.76730958044395,suburban,25114400
6916,4,3,19.097768791171767,72.82973314429735,urban,62273198
3670,4,3,19.066588943876916,72.91082635997425,urban,32320024
4335,4,2,19.00097992822206,72.82242491216198,suburban,17048105
8517,4,3,19.22365334605268,72.8212841438465,suburban,40998401
2651,5,2,19.085511656494667,72.85270677128781,urban,14243705
9929,1,4,18.984976876636278,72.74464928470006,suburban,45443466
7405,4,2,19.097929993698145,72.87814855132676,urban,57146282
3334,5,2,19.361743653862142,72.58175569995596,rural,16972365
9690,5,2,19.084464705911547,72.90228425407376,urban,87773587
3067,5,4,18.9941325858128,72.95037403505233,suburban,20206160
1807,3,3,19.069261539121957,72.82785908265159,urban,7365149
9348,3,2,19.20977182985251,72.76773358387089,suburban,58555182
3160,5,3,19.022986030682294,72.79855175689583,suburban,9085914
4230,4,2,18.93265088299644,72.95880034863022,suburban,26197558
6707,1,3,19.292276798488565,72.62954828762952,rural,18258296
3662,2,2,19.077597259627098,72.85707794465503,urban,34822755
1640,3,3,19.032111436235645,72.84163781861916,urban,10054559
8958,4,1,18.99693255055268,72.7300746216024,suburban,50489295
2208,4,4,18.943233665751546,72.8044493948904,suburban,19579733
4130,2,2,19.06997828384907,72.86639732448182,urban,34297418
3711,2,4,19.130488030508975,72.98115273742243,suburban,19251007
7038,4,2,19.106191868071797,72.89683071428448,urban,59929849
975,2,1,19.061273700664355,72.89241363822126,urban,15015115
8184,4,1,19.14930370065591,72.95422500649566,suburban,39731581
9668,2,4,18.806448260009702,73.05930370202692,rural,24380242
1707,2,2,19.14604671144215,72.79919625749376,suburban,5658888
2460,4,3,18.96149953289267,72.77502710555443,suburban,2124697
1057,5,2,19.25899151559995,73.0290722803589,rural,8362836
1382,4,3,19.037485395849508,72.8523305224424,urban,12471433
5261,1,4,18.99543138475388,73.00238020922909,suburban,24699597
6367,2,4,18.898360184521128,72.63801682840705,rural,15699758
7463,3,1,19.064889720279016,72.85229529140278,urban,59583520
7666,2,3,19.09389827729148,72.88878912001415,urban,55570379
8429,1,2,18.914313176229378,72.62769805396493,rural,27697323
5847,3,1,18.81299465645334,73.05630763128198,rural,14173924
7769,3,4,19.080331273909753,72.87587335278923,urban,54782188
8625,4,1,19.06463653710565,72.90230333144298,urban,69641174
2954,5,2,19.08247515636283,72.89872718538942,urban,20489399
4994,4,2,19.041325496231913,72.90059882951456,urban,39086059
2446,3,4,18.97984718918997,72.93107679356847,suburban,18106190
3308,3,1,19.12857563917406,72.9733874521991,suburban,17390742
7142,5,3,18.777882566013012,73.15797561754353,rural,20975595
4325,2,3,19.076111654903126,72.90840874993508,urban,31537655
4036,5,3,18.88596955288059,72.64360257982302,rural,13034135
6568,4,2,19.043134191152273,72.83496134313684,urban,48001385
4302,2,1,19.081821838297163,72.83746391348802,urban,35694496
5199,4,3,18.954199690331404,72.7355531521274,suburban,25043910
2470,5,1,19.073093857851024,72.90157745930598,urban,20042401
6306,2,4,19.054683966103305,72.9197764519633,urban,43588993
6642,5,3,19.35926983383049,72.71213684664055,rural,22331316
3319,1,1,19.12364584829794,72.92334750247711,urban,22215057
9594,3,2,18.983771439553404,72.9327563324106,suburban,43328930
864,2,4,19.055341010738868,72.92137229869006,urban,5204523
4758,3,4,19.105466192505432,72.89265937841334,urban,41726665
3619,1,4,19.154450384751353,72.99782685794418,suburban,20860152
2363,2,4,18.920355352377218,73.10396518814305,rural,1000000
615,3,2,18.949699402697377,72.74113261176456,suburban,1000000
7584,3,2,19.170947301020366,72.78065995803556,suburban,45655217
8516,2,3,18.814491961456223,72.64938482221906,rural,29954655
2884,3,2,19.19103107718956,72.8065103441106,suburban,8700331
4435,3,2,19.06323843379163,72.8623926540257,urban,39455551
8242,2,4,18.98528681751375,72.94605910703045,suburban,34682998
5942,3,2,19.011429022713127,72.76243512257757,suburban,26105177
2990,3,4,18.985303896168098,72.9586183399095,suburban,10680258
7480,4,1,19.175807734477313,72.98773750015243,suburban,41804677
9634,4,1,19.08907136701211,72.91215476825538,urban,74253138
8161,1,1,19.214671715561465,72.75397496994393,suburban,42181369
2224,4,1,18.929870760849006,73.02243980863472,suburban,1463085
8682,4,1,18.974256092859807,72.9527618358336,suburban,48763912
3267,1,1,19.357679026807443,72.62792185986652,rural,14915669
1637,3,1,18.897049294314414,73.08136947843413,rural,5102829
4617,3,4,19.127689873885124,72.99182642771889,suburban,34064704
3920,4,4,19.15947044862708,72.93531677692009,suburban,25739521
6345,1,4,19.140183682948503,72.96478011059698,suburban,40977819
5278,3,4,18.944301401234856,72.74146180815116,suburban,25645682
4406,5,2,19.29738075446838,72.6004524084473,rural,14173199
4137,2,2,18.968134927158477,72.78430266320062,suburban,17266430
3453,2,3,19.074054085728985,72.86418474936961,urban,20103037
6429,2,2,19.160354644996925,73.02706643420079,suburban,27765101
776,4,4,19.000361625246732,72.96309240898427,suburban,6962720
2499,2,4,19.217099048662316,73.00648642501979,suburban,6085969
1727,2,1,18.940099138931615,72.73564716035531,suburban,8437007
6837,5,1,19.071836603103744,72.86621976665765,urban,42978482
4235,3,3,19.06418769946135,72.89292836517022,urban,32016673
1195,5,2,19.066180306031775,72.88933303059173,urban,13012111
4652,4,4,18.98777206362722,72.79658718172756,suburban,21337622
8401,2,2,19.106375705601376,72.8878051036229,urban,62521078
7970,3,3,19.372099659952493,72.60280156604304,rural,21870550
8037,2,1,19.050237633509408,72.89509091114552,urban,59221611
3341,2,4,18.81700309590321,73.0973263969688,rural,9855322
4708,4,1,19.081723831786327,72.85308292523595,urban,28805658
9233,2,4,19.119999831763046,72.89058842480338,urban,64657289
1588,1,1,18.99680690383308,72.80612693116655,suburban,2443473
3863,3,1,19.096779328024176,72.88741322315086,urban,29382945
524,3,3,19.318145153776882,73.11828035042384,rural,9296325
6644,1,2,19.11974144100075,72.8756278464263,urban,53187775
6168,4,1,19.023967209985443,72.96253613423883,suburban,23465434
4736,2,4,19.280507568657182,73.11893937275536,rural,13889319
8568,2,2,19.11302005312279,72.88873091184682,urban,62517329
2735,3,2,19.0555371876259,72.85882051739243,urban,19860061
7795,4,1,19.072566817651616,72.85250918060018,urban,56767458
8892,4,1,19.025565807223906,72.82504425518208,suburban,44529979
8948,4,1,19.038422167660862,72.82993636746471,urban,59764040
4247,2,2,19.211926927003486,72.95511373136429,suburban,20460353
3675,4,3,18.899088637371257,72.72069125416344,rural,12837151
5397,1,1,18.907256471802985,73.03155753536055,rural,10596771
5537,5,2,19.027346757242146,72.87132859448104,urban,41288714
7927,4,2,19.05488360484778,72.85964179849378,urban,55600831
9105,5,4,19.026389904311404,72.92413460803829,urban,68878299
2514,2,1,18.974303689751647,72.77044878669584,suburban,12738298
1881,4,3,19.10575217910498,72.88849091163092,urban,15443979
1598,3,4,19.340329715823998,72.66038970584557,rural,6942273
3926,2,1,19.20831339074822,73.01423105241734,suburban,23700099
4155,1,4,19.08026601869601,72.89606424304861,urban,29322214
8438,1,1,19.017640126336804,72.73474031832573,suburban,40183174
9601,5,4,19.090545741731674,72.84552427480904,urban,69434152
687,5,3,19.052443468995545,72.83980012166812,urban,5392726
5909,3,4,19.05239987218539,72.87693967652919,urban,46639484
2592,3,4,19.10936295994573,72.88107234150205,urban,25173108
2630,1,4,19.15044635982311,72.93216210748908,suburban,13033916
5742,4,1,18.983984010263335,72.72926461331829,suburban,30703651
9049,1,1,19.106836281927336,72.82892350228805,urban,61302730
6147,1,3,19.342669299935608,72.69850800339869,rural,17546748
5685,3,4,19.170742157231572,72.98486038505777,suburban,24948483
6276,5,2,19.071689168141116,72.83139446859516,urban,57352230
8413,3,4,19.030099934815965,72.8934738130774,urban,73985983
8047,3,2,18.930830162652782,72.74996070812952,suburban,47913624
8323,3,2,19.234380611013858,72.72094697758143,rural,20036156
7855,1,4,18.9284189496066,72.96756610664411,suburban,42129077
6965,4,2,18.82022863415771,73.11851429888242,rural,7323495
1997,1,2,19.0029588429381,72.78221103375309,suburban,15033826
3055,2,4,19.181176130764225,72.8030554860374,suburban,15606544
5909,3,1,19.20128810010423,72.92897888942521,suburban,20778434
3451,3,4,19.12784179881152,72.76460109531193,suburban,21316834
1738,2,3,19.08384111510548,72.87513430508668,urban,12821998
9665,3,2,19.353864549903292,73.12659993054358,rural,25413467
5227,3,3,19.03755218059792,72.83268986374574,urban,43345133
4465,3,2,19.02314714910702,72.94242059854736,suburban,28378577
6186,2,1,19.175402175574117,72.7524747743838,suburban,31865691
9742,1,2,18.989303695802953,73.01654975485496,suburban,36478715
4201,3,4,19.118172915498917,72.90953050442008,urban,34602596
3280,4,2,18.95717641214021,73.01906778940275,suburban,11760342
7898,2,3,19.22139362487255,72.9301788332037,suburban,41934603
2088,5,4,19.18157405361394,72.81652022481796,suburban,14126421
2868,2,3,19.211215928391493,72.97831169548465,suburban,12620814
6289,1,1,19.014246889049502,72.96895034639002,suburban,30295660
936,2,3,19.077613543606493,72.89104378188698,urban,1000000
3328,5,3,19.325244420407248,72.72750561801324,rural,17907821
2056,4,3,19.231259575048394,72.59801012804026,rural,6829177
8070,5,4,19.062706344187635,72.87273712489467,urban,64575036
7980,2,1,19.110930439725358,72.82911662609622,urban,61577036
9996,5,1,19.037861827437986,72.8962163122141,urban,67824752
682,2,1,19.22238925227076,72.99197864212971,suburban,7237296
7690,4,3,18.84802033568201,73.17394707133722,rural,19479605
7187,4,4,18.98864923702718,72.78935744451613,suburban,37631214
6065,1,4,19.333837479009755,72.6246240716567,rural,12430608
7741,4,4,19.081948463776357,72.86337451985223,urban,54126037
8151,3,3,19.150020152585395,72.7381447713986,suburban,38101867
6075,5,1,19.05427871624714,72.92087203966084,urban,46366366
2089,5,3,19.045734639645612,72.90225047847166,urban,17851488
9351,2,4,19.191274714446426,73.01974844283723,suburban,43743484
659,4,3,19.096529521793965,72.8591571660697,urban,6267902
7055,1,2,18.976443098872945,72.73325042386529,suburban,32435866
9703,1,1,18.946566817617995,72.80251896495461,suburban,40391522
8744,1,1,18.891166307836652,73.03666264872453,rural,23858192
7346,3,4,19.112986914322516,72.87980559686322,urban,56386376
2807,4,3,19.19751031785571,72.77204046370765,suburban,11071096
1728,1,4,18.799285221266448,73.06261856422299,rural,7333673
7726,3,3,19.321227160128437,73.17446612459125,rural,20910317
6090,5,2,19.215763501074417,72.7430887949013,suburban,32884702
7419,2,1,18.936634463993812,72.78995782721748,suburban,31874022
6085,4,1,19.204096564324267,72.8142456334365,suburban,27362049
9727,4,3,18.965142754912666,72.7856934401133,suburban,47958133
6546,5,1,18.930149393038086,72.77744186911862,suburban,27149842
5445,4,3,19.198462709182376,72.97342649252342,suburban,18617275
8427,4,4,19.200696916862295,72.75392141106471,suburban,49562864
7516,4,2,18.9427083480219,72.98906491964202,suburban,34964894
8258,4,3,19.09120391441687,72.85106095262906,urban,63122025
5586,3,2,18.999476704592,72.74289906931969,suburban,29348196
9956,3,4,19.05168826583582,72.92050510370852,urban,75051452
7661,2,4,19.049879884650235,72.83942673655426,urban,52781900
2384,4,4,19.031822387807125,72.85191132408326,urban,25021638
2309,5,3,19.064524654067725,72.92045483801094,urban,17244134
3667,1,2,19.262323699955903,73.08251980174263,rural,11979676
6852,2,2,19.15620740879873,72.75926318483205,suburban,41200552
9509,1,1,19.04564449526592,72.90110589009691,urban,65068709
6556,1,3,19.128703883335668,72.9569334825073,suburban,36953769
2937,4,1,19.071821825498763,72.89568692319762,urban,24532635
6968,5,1,18.980059500581397,72.98713241122863,suburban,31523671
9580,1,3,18.9886728350104,72.73430287342454,suburban,49440050
6451,1,1,18.83872236738583,73.03845363204432,rural,17706375
5776,2,1,19.0444419326794,72.87602145218729,urban,41145287
9359,5,1,19.007151684550145,72.9980855245649,suburban,57625535
8318,5,4,18.78300438854061,72.69839361658501,rural,26730746
5228,1,3,19.363544352609424,73.06488294709762,rural,7884876
3124,5,4,19.064867466566028,72.92375308172527,urban,27903075
6238,2,1,18.928863614186547,72.80889200949308,suburban,29853922
4732,2,1,19.045342101283357,72.85034406203312,urban,30611551
6293,2,4,19.01758734959766,72.8120463053502,suburban,31219473
5023,4,1,19.07092527300518,72.90679442371689,urban,41514054
6071,1,3,19.275799522223995,72.58240631490484,rural,11108999
9510,5,2,19.032293595440244,72.89783748988182,urban,66755294
9798,2,4,18.937246111502713,72.74814998083659,suburban,42014631
2724,1,2,19.152964136130503,72.92904515293047,suburban,6972650
8889,1,2,19.29734542959639,73.07933688492054,rural,27243765
6591,4,2,18.95311853026187,72.75761117637718,suburban,35679797
9162,5,4,19.08453036886146,72.8425774478584,urban,67047382
6861,5,1,19.038160184388836,72.90628558362592,urban,52603942
2448,2,3,19.095374590209556,72.90449289006317,urban,13067205
7594,2,1,19.14124622742042,72.73623814106296,suburban,34372832
6818,1,3,18.93899630318023,72.7924620708694,suburban,30259620
4296,5,1,19.154676896056554,72.80955519857862,suburban,24634167
734,5,2,19.120974534803977,72.86048711615825,urban,13813287
9620,2,2,19.187209898568213,72.73852791242601,suburban,42249221
4107,3,3,19.162219914086975,72.72861608728242,suburban,16769644
8543,1,4,19.304488402234327,73.14720582481053,rural,24760949
1022,5,1,19.196204325214243,72.9543498896706,suburban,1000000
6404,4,2,19.05341944633683,72.92438164258398,urban,45337877
5388,4,3,19.11519352592397,72.84907544564638,urban,46807208
6332,3,1,19.037702677311845,72.86411526045146,urban,54900696
7622,2,3,18.966766351989993,73.01441446285811,suburban,33304953
6342,2,4,18.95088466318269,72.76779927872984,suburban,27712674
1816,2,4,19.033402837637333,72.88730268785292,urban,18333246
1624,4,1,19.079906410576694,72.91230881077341,urban,18823921
6121,2,4,19.05826058508551,72.83166908573499,urban,45688312
5923,4,1,19.289556240363655,72.58232265440934,rural,12790120
3087,3,1,19.029377217364228,72.91516789038982,urban,26769395
9715,1,4,19.07316894896213,72.8641768031818,urban,75612181
6172,5,3,19.06067395408028,72.8872144253039,urban,48827027
1878,3,3,19.179059941844077,72.76203727558318,suburban,18921437
3874,4,1,19.140394457484174,72.95342360087584,suburban,21615007
2019,3,2,18.826511222795656,72.66043990618779,rural,1000000
6277,5,1,19.026769103597733,72.85888874031886,urban,51152747
8435,1,3,19.131484695692667,72.97592841330875,suburban,38525843
6593,5,1,19.05453986613823,72.91247541615552,urban,50698615
8918,4,3,19.33168465941299,72.70891065059678,rural,29929004
5855,5,4,19.041167980730556,72.8931790920275,urban,50947522
5468,3,1,19.04027144847281,72.86695113660156,urban,27400460
9583,2,1,18.969340572976183,72.9327374171424,suburban,44873868
6074,3,4,19.058040882505225,72.87393200857719,urban,44945544
4572,4,4,19.111848729392143,72.8464273088354,urban,36398719
2757,1,2,19.160747095050255,72.97527762362802,suburban,8796308
9088,5,4,19.188574777872088,72.9533602434776,suburban,45753507
4924,1,2,19.17651540948512,72.93633048834612,suburban,23766777
3737,4,4,19.182924350379878,72.79384026457933,suburban,11549403
4393,5,3,19.005929845782564,72.96827095288823,suburban,22876026
2505,3,1,19.183749112093967,72.99893248939263,suburban,17282350
2516,3,4,18.961301738131624,72.99660092212548,suburban,6863149
9888,4,3,18.92745139423873,72.953800056908,suburban,50920875
2272,5,4,19.038633364142186,72.87626843258695,urban,20227298
8853,3,1,19.03561617036309,72.85471465968982,urban,58449952
4476,4,4,18.977731907122863,73.023459561593,suburban,21538209
2251,4,4,18.951625976586346,72.78877498384243,suburban,11974869
9467,1,1,18.938454419809236,72.73668026192036,suburban,52206121
7930,3,4,19.04617927956079,72.83680807727707,urban,59336173
7670,5,1,19.117477550404015,72.83325461081216,urban,61395983
6969,3,2,19.0555890059438,72.87639617670378,urban,50333211
9631,3,4,19.028197669287348,72.91839122586782,urban,75312802
3720,3,3,19.154712099487224,72.82484952010795,suburban,24037750
1039,4,4,19.157139318081754,73.01537649074854,suburban,1000000
1961,2,1,18.9596874098945,72.80359098504627,suburban,10241971
5684,2,1,19.151765119242505,73.02280838812652,suburban,30571499
9047,1,3,18.884798910874274,73.16166633148248,rural,24074630
734,3,3,19.316012616785628,72.62994599427566,rural,1982881
2048,2,1,19.12777387409086,72.73391589482887,suburban,13619528
7980,1,2,19.28304696656533,73.13001397560853,rural,14680966
4713,4,2,18.95269286298325,72.78187578178368,suburban,26283116
2173,3,1,19.26778109536482,72.69712662793052,rural,11468896
7208,5,2,18.877051090251076,72.66591970309993,rural,19424752
8482,4,3,19.32133648060619,72.66144111643517,rural,21566091
2600,1,2,18.949579903114824,72.809656896551,suburban,9239694
4248,4,3,19.0109683930877,73.00819336919473,suburban,23823729
3673,5,4,19.144600623293353,72.78746210617632,suburban,27604501
2315,4,3,19.039599365083586,72.85161553989306,urban,29869300
4341,1,4,19.112739847253827,72.83829423874799,urban,41166528
8516,5,3,18.780119061834817,73.02844976805315,rural,23597976
7511,5,3,19.11165119848381,72.92109576481268,urban,54569533
4993,4,2,19.140398559345677,72.75787915035477,suburban,18300512
1174,5,3,19.061261149387445,72.90089263575071,urban,13860764
8588,4,1,19.060597322616307,72.8590374728281,urban,81057609
9078,3,4,19.24340819282036,72.7177342858508,rural,28250007
2658,5,4,18.79467878375822,73.02937977880714,rural,9790961
3161,4,3,18.94913757701117,72.77091116958727,suburban,16531007
2564,3,1,19.09122696690251,72.87325584890948,urban,23551878
3753,5,3,19.16427104278763,72.73356680115948,suburban,17064773
5479,3,3,19.191127140362504,72.80797011601015,suburban,29772577
8203,5,2,19.07565374900826,72.90349700524607,urban,62667117
9431,1,3,19.092777713132232,72.8791814429428,urban,74049984
1901,1,3,18.957963544221286,72.82529431532663,suburban,9252759
3759,4,2,19.047163223400695,72.89334091395612,urban,32861102
4423,2,2,19.0146026747863,72.81625391640753,suburban,18087653
4714,1,1,19.117023281015353,72.88815587576919,urban,41080947
3727,2,2,18.989803806377086,72.74892222589807,suburban,23347197
3245,3,4,19.088008051791295,72.8764042794363,urban,25022576
6591,3,4,19.22718901680023,73.06646937596375,rural,16834710
4366,2,1,18.959759014764725,72.80283791782131,suburban,15330196
6318,4,3,19.06134302982899,72.84201987379254,urban,43775671
2722,5,1,19.221837023288273,72.73435806883728,suburban,12306601
3292,2,2,19.3501048030292,72.65444394759255,rural,8510795
4563,2,3,19.010884286908624,72.81447258622225,suburban,24514288
2024,2,1,18.936218050815896,72.97429121627536,suburban,18335371
8724,2,1,19.092745895150365,72.84620097426111,urban,63713850
6698,2,4,18.993104573531784,72.81409393494914,suburban,31189305
4525,4,1,18.927474927530426,72.7730621673434,suburban,22542179
3066,1,3,18.951390743186636,72.80527408975695,suburban,10408405
3303,5,1,19.287848181698635,73.11688824682183,rural,17060291
4209,1,1,19.05142035445899,72.87478888007278,urban,40983722
6655,2,2,19.101153391120473,72.83643849995046,urban,54790465
1219,1,1,19.30293401874893,72.70604304449515,rural,6165334
7016,4,3,19.202782276131543,72.80400525889551,suburban,35404969
5079,3,4,19.059480411008174,72.84677848635579,urban,43406087
1472,1,4,19.072532339507084,72.91530750821053,urban,18203961
4218,5,4,19.236339959176117,72.6785642800675,rural,11789635
7895,4,4,19.06175808686956,72.83478239947327,urban,68724206
4902,3,2,19.05919989687805,72.90979593861366,urban,38183747
5052,4,3,19.122803752250505,72.83167791973978,urban,39342309
2707,2,2,18.84060742735474,72.71190448504598,rural,2255403
4926,3,4,19.227183833901208,73.0299112438561,rural,16036212
7419,5,2,19.13344353226973,72.95821816742871,suburban,44606228
9335,3,1,18.927475288255252,72.94384028618862,suburban,35449932
8886,5,3,19.08191488284903,72.87293806905326,urban,71385007
9180,2,1,19.1184700158264,72.90310339091242,urban,73184523
2704,5,2,18.81132095964771,72.6872645852346,rural,8347275
5845,4,1,19.074742369847545,72.85759120412044,urban,35998324
3776,1,2,19.016518222483796,72.94033592249723,suburban,12121256
1602,4,2,19.146365333436496,72.95192618092106,suburban,8987369
5743,4,3,19.071571634548754,72.8786573190826,urban,37261199
7114,3,3,18.995112079187365,72.73697035800794,suburban,49472891
9933,2,3,19.20474769280334,73.02012378324208,suburban,55833797
9207,1,4,18.983212551628437,72.97102104017146,suburban,40835815
5723,5,3,19.026890586655163,72.90929721077781,urban,49805113
9084,3,1,19.03715593215539,72.92724805979218,urban,72550600
1130,2,3,19.203295849191118,72.76969899823935,suburban,3767869
9671,1,3,18.848691054291013,72.68853368887133,rural,32070322
7183,4,3,19.10895292493825,72.86576444239594,urban,45689676
777,2,2,18.85839142949138,73.15414471066703,rural,1000000
732,2,2,19.185461785309105,72.9855215681373,suburban,1000000
6190,2,3,18.801533803786388,72.58626649079964,rural,25154051
8159,4,2,19.07161470509984,72.87790637296708,urban,58746700
525,5,2,19.098312403083305,72.8945060290699,urban,9984878
7968,3,4,19.04828349492069,72.83408953485994,urban,58105795
6910,5,1,19.12092541298168,72.85380697597337,urban,59329910
9152,1,2,18.830210497296413,73.15196570041157,rural,22515119
4264,3,1,19.089543341365694,72.83849002411493,urban,27193108
7099,1,2,19.222993144437567,72.93351582750506,suburban,34672934
5602,4,3,19.079681924206003,72.90674817786635,urban,48541424
7506,5,2,19.01388714829276,72.78361920261449,suburban,41916509
3983,2,2,19.057201071569335,72.90557879160653,urban,23472077
2494,3,1,19.026546094503185,72.9026083641336,urban,11860593
9182,2,3,19.107039843012313,72.91783622438422,urban,66740600
1572,1,4,18.963311819676953,72.79435446717278,suburban,2833725
7207,2,1,19.122973608228744,72.91581868264359,urban,50137309
715,2,3,19.072352590909944,72.9220063007111,urban,4211821
8105,4,3,19.108295487540648,72.91780898616598,urban,65831988
3106,4,1,19.328446585186388,72.5990518934807,rural,6376994
8850,5,2,19.016798341545933,72.73117830233394,suburban,39645752
5281,1,3,18.982010049041666,72.74850962408073,suburban,21321482
3813,4,4,18.936694008756394,72.96775737507768,suburban,22425088
8263,4,2,19.02916888495413,72.87397253766697,urban,63346587
6439,5,1,18.95359292296709,72.95781787176263,suburban,29872567
2795,3,1,19.04793977684853,72.90497878058716,urban,25428663
6185,5,1,19.019948843865887,72.99823830550005,suburban,36330816
2196,2,1,19.13015960693871,73.01304695872918,suburban,14549951
2446,2,4,19.185931896961613,73.00090306915244,suburban,11873997
3283,4,4,19.099085687081462,72.9039281684578,urban,22574226
4144,4,3,19.08491515305646,72.86426378309078,urban,32391555
5741,5,4,19.001685785028368,72.73740967633472,suburban,26868651
6920,5,1,18.990233724490178,72.93893107290724,suburban,23079636
8057,1,4,19.093066734598718,72.84499333699584,urban,60178422
3145,2,2,19.1040122273061,72.92000302398748,urban,13735826
7089,5,2,19.370547727261826,72.72630117410377,rural,17225427
6853,3,3,19.20001944191296,72.81929497677362,suburban,32079920
2432,1,1,19.33100682118693,73.17120282389916,rural,11831253
2257,5,4,19.038773328192697,72.8749347053262,urban,13925585
5585,4,3,18.929190110626152,73.0248379215258,suburban,29612697
6137,5,3,19.057934714797145,72.91850319856447,urban,47102439
1616,4,4,19.199484149085208,72.73046835713424,suburban,11262201
992,4,3,19.047509605031376,72.90367268594127,urban,6339473
9311,2,1,19.03085652315601,72.90948327787414,urban,62587082
8388,2,4,19.086155676244463,72.92331009626365,urban,64778009
6974,5,2,19.222003245546908,72.93278151090244,suburban,36295789
5458,5,2,18.977579295268132,72.73975064750539,suburban,29434324
9967,3,4,19.22243700263518,72.98950841171114,suburban,48793019
3243,1,3,19.229765995925778,72.69426102639193,rural,6656159
8366,1,3,18.9333725176657,72.95979036673083,suburban,45306025
7660,5,2,19.165489824834115,72.79687287506314,suburban,43556675
5951,2,2,18.859658976138558,73.16476998027755,rural,11637184
5758,3,1,18.998266461277694,73.0119565577502,suburban,28196694
9048,1,3,19.090817141918134,72.85274613689364,urban,62660433
7686,5,1,19.261822261551977,72.71904399556772,rural,26154220
6602,2,2,19.117498309518275,72.83734871070496,urban,52646710
9561,2,2,18.977565615172324,72.99751217796933,suburban,54733012
9577,2,2,19.043127095025373,72.87147786791255,urban,76577076
9975,4,2,19.000851980498624,72.95328230899666,suburban,52102458
1119,2,1,18.967288378558155,72.82604225283144,suburban,18488370
1382,5,2,19.04468301352328,72.92441185085127,urban,14439341
9488,3,4,18.96772708407497,73.01450954688303,suburban,50773976
4142,5,3,19.20700156993238,72.96917824613053,suburban,13160338
1796,2,2,19.102124520238824,72.90390110976153,urban,18561006
8936,3,3,19.125588790686407,72.90579372617982,urban,80633193
3395,1,2,19.040526724792713,72.85995447417858,urban,27398518
7093,1,1,18.858240962406327,72.70870207914354,rural,23142167
1429,5,3,19.17866985379126,72.73325504309042,suburban,14019134
5866,3,1,19.30443486256074,72.71698622706008,rural,25515652
9211,5,2,19.110952607676417,72.92676759778259,urban,74426791
3712,3,4,19.06751791358983,72.90870860837249,urban,21906448
2909,3,4,19.088758576633065,72.92360592736718,urban,24785964
8699,5,4,19.04981372354441,72.8821835743008,urban,72161835
3923,3,4,19.16687958183426,72.7735284024057,suburban,24020637
7476,2,4,19.30066192440736,72.6339793779913,rural,20151248
8094,3,1,19.100298725480762,72.89835229631605,urban,60248018
5658,3,4,18.793931359782277,72.66382151722851,rural,13927174
4167,5,2,19.072146112902168,72.8414609172062,urban,33042273
6473,1,1,19.323117022028274,72.72063027138032,rural,17846649
6736,4,1,19.03428428984875,72.82803664340716,urban,54782633
8777,3,4,18.781916416414763,73.17711910220395,rural,26313659
2968,4,3,19.049895584994548,72.91880990368087,urban,22213620
6717,3,2,18.787544510438586,73.15587633367561,rural,12099733
4119,5,1,19.033470216089604,72.83654389275368,urban,34892205
2136,5,2,19.115661978771264,72.91528268474573,urban,16926112
8655,3,3,18.98256027508188,72.79488453805236,suburban,52163181
4083,5,1,19.106698794825554,72.90086849420518,urban,37498526
4509,5,2,19.18756029380507,72.80454889555553,suburban,25815427
3826,3,4,18.817389877790344,72.60730702213235,rural,6258692
8648,1,1,19.14472970477113,72.75965297378227,suburban,35817732
2717,3,1,18.969670713272897,72.76621850473444,suburban,13756335
5467,1,1,19.10657169507169,72.85570962452616,urban,42056445
2869,5,1,18.971870327107784,72.94005239386219,suburban,7147436
4138,1,4,19.21054479383332,72.95765057189995,suburban,22792686
9635,5,3,19.23651376673004,73.11394646628675,rural,29395604
6222,1,3,19.09405948446206,72.89551264010342,urban,34157178
4944,1,2,19.187398740713164,73.01535605018631,suburban,19569805
8118,3,4,19.11622695826246,72.83139253688462,urban,58623988
4447,1,4,19.03727569879214,72.86892055625185,urban,28154769
2176,5,2,19.085399301868858,72.83093756366394,urban,20680486
1696,3,4,19.082743447142427,72.85843983164831,urban,23757121
3287,1,4,19.114714680781184,72.88102845916687,urban,27881786
7932,3,1,19.084789390821744,72.92226218111149,urban,63896934
8427,4,1,19.34062565399819,73.09344098992202,rural,20187387
3818,3,1,19.09079238685594,72.84771992166506,urban,32549084
9358,4,4,18.91270237392588,73.07438547739184,rural,27400867
7189,4,4,19.051732379876995,72.8407759200336,urban,56279603
2676,3,3,19.047902259846225,72.89559729120057,urban,18818733
4243,5,1,18.964605194330648,72.75886850027037,suburban,14395099
9292,5,2,18.935914387306674,72.78252296426719,suburban,52264353
4922,5,4,18.93111920239979,73.0256277267945,suburban,26646097
4324,2,1,18.93151868074242,72.77354926136596,suburban,19893318
9671,4,3,19.057509285596655,72.88359405898824,urban,84066033
2951,3,1,18.96549638793448,72.78373829300803,suburban,10022731
1128,5,3,19.168669611871355,72.80035763530024,suburban,10734079
8278,5,3,19.123056927815764,72.91013132831429,urban,74878778
4196,3,4,19.3183339377028,72.60311866191448,rural,13320004
4174,4,3,18.932814921977418,72.96630676833604,suburban,15985710
4429,3,3,19.035862802372026,72.9242315425719,urban,39594975
3265,2,2,18.778230939607624,73.14606263718969,rural,4459111
4869,2,3,18.851514987362847,73.09300503994818,rural,10024548
8807,3,2,19.178779140554877,72.93304450695005,suburban,40254917
5456,4,2,19.068405013516415,72.92043665840372,urban,51027800
1192,5,1,18.817359280901,72.68420856247042,rural,1020947
3662,2,1,19.125567543376235,72.90491263550541,urban,23499519
1605,2,4,19.050966147414936,72.83444450481772,urban,19571729
3508,4,4,19.09569165453014,72.85800164568111,urban,20893303
2661,2,4,19.148133081262774,73.00119374151494,suburban,13995982
8845,2,3,19.298211901214028,72.58630161008445,rural,21070056
4199,4,1,18.93665804393801,72.80864470576503,suburban,24671081
4286,3,3,18.91032197994594,73.0733869996808,rural,10276986
9756,5,1,19.12228562460923,72.9037386354551,urban,68281990
4700,5,3,19.078104826278295,72.90577797987923,urban,38787652
2413,2,4,19.181348695121372,72.82734914953286,suburban,10401873
9908,5,1,18.836161483098344,73.06756225362545,rural,33574731
6020,3,1,18.998619090519437,72.9900627749518,suburban,30770715
2272,2,2,19.09803283013295,72.86996748209617,urban,28913783
3280,5,1,19.061334785920533,72.90842312916804,urban,24176225
7923,1,1,19.076606324943654,72.8655400561191,urban,65863922
3371,1,3,19.113815471556062,72.86452516321995,urban,24230833
1160,1,4,19.111900028294336,72.87811986984626,urban,9035575
6742,1,2,18.89479893538175,72.63577727178334,rural,21884490
1632,1,3,19.01128448678238,72.81904706286022,suburban,3677964
1199,2,1,18.95234453579978,72.74390007776243,suburban,11316260
7970,4,3,19.053014827370994,72.89379729329454,urban,65556978
6797,4,4,19.049035405991493,72.88997621139683,urban,57437716
8312,2,2,19.21472109930417,72.8236106317398,suburban,46149888
5057,2,3,19.35006318161877,73.14194931744406,rural,15857156
2679,3,1,19.20302738889139,72.72824046439595,suburban,16534996
9565,4,3,19.27874011770025,72.63561172205998,rural,34719122
8775,1,1,18.7804901835115,73.16272095992386,rural,22947610
1922,2,2,19.104127375449345,72.91866869429718,urban,14424593
3680,1,2,19.050360026365656,72.88564818569289,urban,30651079
4816,4,3,19.174171631925255,73.0048591354843,suburban,25573851
7196,5,2,18.95510203602918,72.96799930890118,suburban,42048542
1114,5,4,19.036712143160834,72.83960563245532,urban,20433964
5070,2,3,19.022748012406783,72.98099731715968,suburban,21058822
770,3,1,19.013327159817432,72.98888580002216,suburban,4764729
2968,1,3,18.90393589229047,72.66708761000581,rural,1967863
4107,2,1,19.027675602555203,72.84239478838984,urban,30351611
3575,3,2,19.125582837432475,72.90105448971491,urban,27421269
789,1,1,18.979586972078074,72.76471985879084,suburban,1210448
8620,4,1,19.210230458555365,72.96017014354612,suburban,48248020
7114,5,1,19.189805509649865,72.93488969165146,suburban,38789956
3752,3,1,18.861088726150644,73.0833293490887,rural,6983122
7915,1,4,19.01417133512469,72.82377392026129,suburban,44587369
7271,2,1,18.98749970318949,72.751252419117,suburban,35441252
778,1,3,19.064375714353538,72.85123252120462,urban,3985340
1080,2,4,19.19996065329466,72.80498298895726,suburban,1000000
5458,5,1,18.94411224488633,73.01923905354646,suburban,20729247
8945,5,1,19.290384261729944,73.11349788121142,rural,24023434
4776,1,1,18.794760106013882,73.16098609771404,rural,11328742
8497,1,4,19.207071109890737,72.81302020640584,suburban,46961677
5276,2,1,18.94454076264368,73.01548714276764,suburban,15455478
1324,2,1,19.076915981351846,72.89320926951244,urban,20294399
4332,3,1,19.0269552776617,72.88497835676925,urban,29847149
9391,3,2,19.073319838107395,72.92393060446949,urban,69942058
5945,3,3,19.116170929860274,72.90746039294335,urban,44440057
1880,1,1,19.131699418452026,72.78749711577167,suburban,5882742
7034,3,3,19.02896607435643,72.85128137917529,urban,52792552
3656,1,2,19.214750719011814,72.81472192327006,suburban,16464780
4807,5,2,19.184058575628466,73.02234646154278,suburban,24368784
6134,4,1,18.928522749527904,72.75234768463038,suburban,38860760
9075,5,3,18.931338356041014,72.78503667215467,suburban,43082752
6310,1,4,19.070819591776743,72.90909739543825,urban,57475993
9033,1,1,18.788345967522666,73.08135231649396,rural,27000687
6434,4,4,19.11583273233044,72.83240436645288,urban,42688806
3609,2,2,19.34358030411708,72.65956733626486,rural,4618518
4582,2,2,19.070692129183684,72.86956906755016,urban,30915557
3740,2,3,19.20166186181878,73.02049475222442,suburban,18286286
6528,3,4,19.10927337857825,72.90089445357123,urban,57452492
2349,2,4,19.059068078555647,72.88643138145265,urban,23297503
8997,3,1,18.95931843249843,72.82535006281095,suburban,40319640
3249,3,3,19.225263817584747,72.99142564270701,suburban,22543501
7180,2,3,19.051002403940075,72.84864816021008,urban,49851580
9827,2,4,18.98583585910348,72.94702656906077,suburban,45337571
705,4,2,19.062406328442698,72.88839996926458,urban,12758955
7852,4,3,19.040639918208612,72.83213432738629,urban,66052532
5091,3,2,18.920805077290446,73.0678076378654,rural,18794141
3950,4,1,18.84511169595648,72.65934197194237,rural,10972400
7714,3,3,19.209354283415095,72.77720530070034,suburban,38625552
4311,1,3,19.05557643540737,72.92503392661966,urban,27062453
5641,3,1,19.1236977320758,72.85316716355472,urban,43409177
9001,3,3,19.25108541931924,72.65334677806742,rural,22890026
3208,4,4,19.067013768726902,72.8806357227494,urban,25873836
2491,1,4,19.26082930677773,73.04493940123156,rural,17755215
8963,5,1,19.11925979967824,72.84147492766203,urban,70975486
3773,5,2,18.82027779136528,73.09338450310706,rural,5330477
5038,5,2,19.111310921839245,72.87334916945372,urban,46545332
9212,1,3,19.0843312014068,72.872005628694,urban,76803083
9668,2,2,19.017875041833044,72.98719046869002,suburban,55672840
4222,1,2,18.912986509089855,73.11707176016284,rural,8286812
4051,4,1,18.894721941761812,72.61053956946422,rural,10567770
3332,3,2,18.961331790194485,72.73272930537927,suburban,10403438
6179,3,2,18.984288813979042,72.7701502302629,suburban,39178112
7079,4,2,19.188037768618177,72.96810975251671,suburban,36975964
652,4,4,19.134904435982445,72.7532556843823,suburban,1000000
6254,3,4,18.798882453084993,72.61624591342672,rural,25520661
3300,2,1,19.146121111706375,72.79850073434405,suburban,13249457
5810,2,3,19.206982700031514,72.82166667448416,suburban,27252392
3110,2,1,19.163620976237972,72.94603771545881,suburban,10405878
1604,4,3,19.17380024793583,72.79605043579488,suburban,3311162
7861,3,3,18.872626765347334,73.0791791101201,rural,24768197
4699,3,2,19.08004379343144,72.87211153944524,urban,33590768
4354,3,2,19.045632478412724,72.82899662608982,urban,26356068
7763,1,1,19.141092954061293,72.93198346014985,suburban,43622212
2414,1,1,19.048509685391238,72.86974553325247,urban,21034578
7865,5,1,18.993055012663,72.98150148106866,suburban,49635461
3572,1,4,18.854102909279923,72.71840479085914,rural,7420925
9698,2,4,19.147323116627753,72.97019675112209,suburban,49322223
906,2,4,18.876839929274016,72.59464614381574,rural,2114874
666,2,4,19.12085165097696,72.91336717755091,urban,6919671
1008,2,4,19.35076717340203,73.15724877663145,rural,2159986
2161,5,2,19.01088319060213,72.8142627573439,suburban,11191413
4164,2,3,19.058771121953225,72.91072168829506,urban,23446071
3989,4,4,19.000803785636876,72.80327783210078,suburban,23127032
1180,4,1,18.911461234679493,72.67365800114571,rural,5994285
3024,4,3,19.110730086412943,72.87915012776256,urban,23250355
2620,1,4,19.190647356412196,72.81479656617938,suburban,25523194
5760,3,4,19.274367823118766,72.62167417432353,rural,13955396
4857,5,2,19.0768648861616,72.8784535258734,urban,36188731
1863,4,2,19.137724942355845,72.96672755564232,suburban,12850542
2792,4,2,19.139510650709894,73.01945041305606,suburban,15981812
2038,2,4,19.068095983505906,72.88234984185257,urban,9123460
3908,4,2,19.14104966077367,72.80595167068623,suburban,24955095
8242,2,4,19.06448461181744,72.9192521994993,urban,60902037
9252,2,3,19.162756902496515,72.98008352403863,suburban,52710375
9791,3,3,19.099597320105207,72.88372808490668,urban,77287773
2403,1,4,19.06999074579834,72.92241864655583,urban,17696105
674,2,1,19.215065084414185,72.99365112723446,suburban,9133911
2730,2,4,19.082478179493307,72.91039371517154,urban,19197549
4787,3,3,19.06694601641852,72.8363744191348,urban,30902054
4660,2,3,18.776877711570634,73.05254472812399,rural,5300772
7606,5,4,18.901534491586276,73.07832192769682,rural,24672744
3671,1,4,19.316165337282385,73.1771690021629,rural,17576143
2067,5,4,18.948155688670667,72.81490080755935,suburban,11497645
1651,4,3,19.321786523017355,72.5967027156696,rural,7619295
8119,1,1,18.87475793230371,73.05301253063347,rural,23945118
6533,4,4,19.153036043241812,72.78322871085939,suburban,32180994
9060,2,3,19.081286920376268,72.92098498007688,urban,60825886
5446,3,4,19.118645041464703,72.87386010198938,urban,43548985
8734,5,3,18.967761738726665,72.80466857262871,suburban,49486417
2407,4,4,18.88425250093823,73.14519604819715,rural,9005619
3990,2,3,18.994695773791022,72.93808629267009,suburban,18838989
3035,5,4,19.15048323381282,72.94253947577576,suburban,14843652
4673,5,2,19.0511093157064,72.87810834561195,urban,34529620
1793,4,4,19.064592303655555,72.8352490281022,urban,12513928
5269,2,3,18.972397141710413,72.74892525484113,suburban,26517324
5296,3,4,18.779818962162235,73.04257253122168,rural,14014911
7371,4,1,19.076569266989733,72.87985951775453,urban,59989068
3472,5,4,18.84813500980257,73.07649782418615,rural,5841230
4422,5,4,19.08918445066425,72.83217650853831,urban,35859491
5497,1,4,19.18487860453018,72.7552409281789,suburban,26971347
7532,2,1,19.004264306054036,72.94903869127229,suburban,35305995
1492,1,1,19.23945789788096,72.70269681977082,rural,4318480
8612,3,1,19.052623540752418,72.8583401829248,urban,61523912
5787,4,2,19.125522125335614,72.92686877376562,urban,51067653
2740,5,1,19.04470488468371,72.8490032158097,urban,24945569
1976,2,2,19.299785955584067,72.70538234993934,rural,7226272
6926,5,4,19.06593897048051,72.86016228910499,urban,54684063
889,1,2,19.10826051708098,72.9105117699993,urban,5463733
1499,1,4,18.92721105330163,72.80539118859184,suburban,3530588
2355,4,2,18.972215407032607,72.98684594313323,suburban,8506064
8625,2,1,18.78460538054325,72.61867831134491,rural,15531197
9350,2,1,19.299450198450277,73.11995807960812,rural,26418505
3263,4,2,18.960205229462247,72.96424476166877,suburban,20763075
4163,1,2,19.233565655305892,73.16634017906557,rural,3991888
5486,1,1,19.183993079068554,73.01486518812389,suburban,32998088
1981,1,4,19.10601254875114,72.90808160796364,urban,7867026
7756,5,4,18.917023094212063,72.66587844114039,rural,28191430
4231,3,4,19.16823535090689,72.77318327518206,suburban,17833446
7762,1,4,19.010877062326877,72.96889812061485,suburban,44384411
951,3,3,19.011037391680468,72.97892540633765,suburban,9467058
3593,3,4,19.011376559340835,72.75213807297877,suburban,32101601
1382,2,3,19.11806499288277,72.86646627233054,urban,8413106
4908,4,3,19.140981097643262,72.75190295413194,suburban,14540842
4568,5,1,18.867996774763377,72.67430642548517,rural,4040267
3777,3,1,19.160083462746602,72.82476558590217,suburban,18560899
9066,5,2,19.115672374181376,72.90723307962153,urban,71222168
8451,2,4,19.230278179580633,73.15988904894024,rural,20349467
5190,1,4,19.04508914654155,72.90294119552155,urban,41646567
5095,3,1,19.058287355017704,72.85303184231368,urban,44075983
5059,4,1,19.042131840678156,72.87636219069003,urban,42723773
7791,2,1,19.035339399954946,72.90626131291138,urban,58937442
8660,5,2,18.97893254233336,72.78300235831811,suburban,40614442
612,1,4,18.944213613969143,72.97698370590383,suburban,6870434
5631,5,2,19.34020773279266,73.03713478236511,rural,23616355
3697,4,3,18.839639906366937,73.09678663441088,rural,7462221
639,3,3,19.27089147615205,72.68266991635286,rural,1000000
1924,4,4,18.993380288119337,72.80718179374577,suburban,17106294
3449,5,1,18.98388287449964,72.7833136305513,suburban,20233425
3668,5,1,18.836646620410622,73.11628334006156,rural,11832497
9208,4,2,19.207884243289797,72.80821471809251,suburban,55545048
6543,4,3,19.008657047997932,72.75099233424642,suburban,24913075
7489,4,3,18.950470384724795,72.76236015945707,suburban,37280494
7736,1,4,19.0561499775851,72.87842651595902,urban,61009822
6761,5,3,18.995505496856865,72.94843039044062,suburban,45907804
1387,2,1,18.951221632478465,72.96222200605543,suburban,6381857
3604,1,1,19.188753861844525,72.92807857336324,suburban,15067930
549,1,1,19.055048749919433,72.8494908621706,urban,5549677
4451,1,4,19.000841060592915,72.73346351534245,suburban,25583168
4060,2,2,18.79884369226638,72.69556742717705,rural,16225585
518,4,3,19.359318438247087,73.10205570286737,rural,7893991
5321,5,4,19.032302885287127,72.91934355221764,urban,33039158
6840,3,2,19.067544531634223,72.84323704874218,urban,49008644
8558,3,4,19.19433826894352,72.74800973167058,suburban,47651933
3106,5,3,19.22471959744187,72.75799731126838,suburban,18024468
8346,2,1,19.04112937956954,72.86695314146783,urban,65606998
9143,3,2,19.048056566055863,72.87711532235981,urban,67066303
6932,1,2,18.808716093726453,73.12671955834259,rural,19246216
4265,3,4,19.137894392458005,72.7319843077632,suburban,20882804
2938,5,4,18.9982165454125,72.99225022218386,suburban,18978172
6858,1,1,19.224415276531737,73.02461642606278,suburban,35444551
8819,3,4,18.982468643261665,72.81103303402436,suburban,46869492
6441,5,3,19.02772565055468,72.84732488389955,urban,52212185
8144,2,3,19.025747060320523,72.94575359125716,suburban,40625935
5355,5,3,19.065332431109344,72.86462965649267,urban,51040051
7047,2,3,19.209095286393385,72.99519963046457,suburban,40652930
7696,1,1,19.07053410906777,72.8549229675476,urban,58462921
6411,5,1,19.138268453803335,72.99490273956852,suburban,37725039
6981,4,1,19.007626063573824,73.01557527445125,suburban,45705011
3261,4,4,19.040408063214095,72.89198633249018,urban,22357233
4956,4,1,19.07800527415372,72.83051835473128,urban,35407588
6861,4,2,19.065924320472664,72.9061787992943,urban,53985381
6193,4,2,19.18154237534221,72.79949588737375,suburban,33618298
6288,2,2,19.049777903804387,72.85297360069326,urban,45528431
701,5,4,19.061463934628026,72.91715378612562,urban,11665418
6660,1,4,19.17676253954255,72.75948209407743,suburban,32638237
1017,4,1,18.947670370310764,72.94496001186512,suburban,11300617
8237,4,3,19.1008337149226,72.85096169944772,urban,60673775
2488,1,2,19.158534983088764,72.7566871760137,suburban,7577863
4302,1,4,18.894771969649607,72.62217908418046,rural,10096874
6308,4,2,19.237252502393318,73.09458616028873,rural,17867044
7662,2,1,19.093627678583207,72.92731959123749,urban,53659802
6741,1,4,19.32840379404751,73.12072311694958,rural,18549725
8899,5,3,19.13206681403782,72.82025631038469,suburban,43517127
6133,5,3,19.27979969215244,73.04220462706206,rural,28378946
6255,2,4,18.958564551259236,73.01576149636867,suburban,30964654
6809,3,3,18.97198549375159,72.79808844352036,suburban,36676901
4617,2,1,19.18094514944575,72.73502889939779,suburban,16283268
8845,4,3,18.978996272505988,72.80842404446493,suburban,48383781
2018,3,2,18.940642065593316,72.7365683472214,suburban,6005761
6663,4,2,19.10717805232658,72.85575080747256,urban,56560672
3100,5,2,19.02663049463192,72.9132239057523,urban,17840235
2695,1,4,19.014058775759338,72.82593888766371,suburban,13809006
4054,4,4,18.86909300155626,72.71611697438416,rural,17500965
3349,5,4,18.985440726979167,72.77870763862305,suburban,19581446
2242,2,4,18.97484932476534,73.00437313906174,suburban,10689188
1806,4,4,19.223052960073517,72.97037239246013,suburban,16776350
4349,5,1,19.05549557117227,72.8283975935285,urban,30677923
8019,1,4,19.102761704389764,72.84554356485413,urban,55170910
4695,4,3,19.131245483812386,72.73529910774023,suburban,19329035
5678,5,1,19.24139972023074,72.61116347714236,rural,11568637
3055,4,4,19.116530166518256,72.88206940674664,urban,27382864
2805,1,3,18.95565879294719,73.00392392789611,suburban,11875151
8119,4,1,19.09068336203056,72.8824559252778,urban,67855720
9780,4,2,19.073919545419557,72.9273125019565,urban,77556000
3142,5,1,19.059756078042216,72.83652687704446,urban,27648281
9869,3,4,18.949496303499636,72.80631756221305,suburban,41510633
6909,4,1,19.035580151660056,72.88962838608168,urban,56458387
5257,3,1,19.120400740390323,72.8999704712607,urban,46878071
3494,2,2,19.00454652217734,73.02481380452889,suburban,17751834
9251,4,1,19.291492247973704,72.65298244694408,rural,22006138
1771,3,1,19.03288914007192,72.89737282944355,urban,6747244
2313,2,2,18.989806912430726,72.81986746808975,suburban,16906890
9301,5,4,19.084985831914306,72.90305180075889,urban,73299124
2961,4,3,18.88994218466431,73.14193113839441,rural,1453761
4620,5,1,19.16908293972145,72.9848956472748,suburban,26290166
6624,2,2,18.798990553743838,72.66097249083978,rural,17646164
8975,5,1,19.10442314768025,72.83013288205782,urban,77404740
4896,5,4,18.967163401337473,73.02615286134127,suburban,21913459
9783,1,4,18.942755960523755,72.81707859068693,suburban,50615008
1316,2,2,19.086953815313795,72.84999082494295,urban,16903512
7804,5,3,19.093426868961433,72.91335235620797,urban,63540544
7831,3,3,19.137232776084765,72.73605618567106,suburban,38926604
582,2,1,19.127346440623132,73.01773191216634,suburban,1000000
2420,1,2,19.029769179698036,72.85711663235081,urban,16983571
8317,4,3,18.988689249318387,72.96258904720665,suburban,40431056
2593,5,4,19.061810445922386,72.92335788098949,urban,18765942
7571,3,3,19.125499262530475,72.85938188707063,urban,64039519
8467,1,2,19.17688007532065,72.77192941597,suburban,47017191
8867,2,4,19.06342089941953,72.84429935019588,urban,71585045
5785,5,1,19.020543945826887,72.81706513343502,suburban,31911158
5437,1,4,19.05403750066205,72.83538229832111,urban,42540240
869,1,3,18.963647030045564,72.93523071512614,suburban,1000000
2318,3,3,19.188157050587122,72.98683952441986,suburban,15607699
2601,4,3,19.29507167516554,72.6623347538141,rural,7394472
3990,4,1,19.09978447104368,72.85598000475622,urban,25818128
2279,4,3,19.16927802835838,72.74842573156391,suburban,17642862
8174,2,2,19.11513229730499,72.87546309520941,urban,61504643
1864,1,1,19.17808657970021,72.98061054421522,suburban,12318921
7794,2,4,19.2099939506938,72.95885325285454,suburban,41399457
4176,1,3,19.06389745614921,72.85654063832494,urban,27645907
2926,3,2,19.221078072481493,72.95429156794387,suburban,18621339
8764,3,2,19.115947906255922,72.83634786043561,urban,63715880
8589,2,1,19.052026605142647,72.87161111940006,urban,57049184
3462,2,2,19.08551073781597,72.86046728963734,urban,30883357
1359,3,1,19.1756233996921,72.80781688135694,suburban,8280146
4638,5,1,18.985218319172034,72.74277403127316,suburban,24825434
2924,4,1,19.070381541788205,72.88691749893425,urban,27803502
9756,4,4,19.138317000407696,72.81202048232937,suburban,44940809
4517,3,4,19.053341877913955,72.89616969289285,urban,31126037
9060,4,2,19.03574269699772,72.9098846660318,urban,64272710
8842,5,4,19.224822811091897,72.79033090547922,suburban,43423580
1634,5,1,19.17027119798398,73.0171187748639,suburban,10855432
5666,1,1,19.091345932116383,72.89293682728035,urban,53170571
5619,2,4,19.064238500829795,72.84963336421171,urban,42425145
6194,4,2,19.261952402212255,73.14776961818208,rural,18520316
6636,5,1,19.082382414627435,72.85838406029784,urban,45132097
5985,2,4,19.05252478124683,72.87827376655311,urban,43707513
4664,2,3,19.215786150627977,72.76589080809627,suburban,12845967
2846,1,2,18.96593162207371,72.75792842201272,suburban,24898206
5539,2,2,18.93340183647918,72.97789390204392,suburban,17893188
5397,2,2,19.30474482548823,72.68027164697527,rural,11981520
8752,3,3,19.033383496411556,72.89951749820025,urban,66542743
5541,1,1,19.15492752631704,72.78878020368045,suburban,36058470
4401,1,2,19.082644734941187,72.8374078063904,urban,34618301
1837,4,4,19.205961191282384,72.95331305991095,suburban,3458111
1684,2,2,19.3024972212296,72.69198817364722,rural,2013765
4926,4,4,19.147126160649496,72.8179662200436,suburban,26806018
2051,5,2,19.225729751073747,72.78749077347587,suburban,8179422
2129,2,4,18.843623346180642,72.62771253809994,rural,1062416
2026,5,4,19.053480586742197,72.8787443423029,urban,14194517
1861,3,4,19.214114343422686,72.9319888035885,suburban,6189958
4870,2,3,18.918348168123735,72.65917659853261,rural,8859331
5783,4,3,19.200472319142833,72.81384679947394,suburban,25634864
8110,4,3,19.07300649216918,72.92750364579791,urban,61203934
2493,2,1,19.061604683565676,72.87045274273629,urban,23403694
1369,4,4,19.069244674281457,72.83577008213571,urban,6195719
1514,2,1,19.103417214529,72.85301015244262,urban,8043627
1102,1,3,18.95563329431171,72.97520898788356,suburban,5252669
1190,4,4,19.0313971636495,72.91669656844167,urban,13658591
9185,2,1,19.05038567694197,72.89470953875009,urban,77097061
989,2,3,18.946198088793384,72.77369612827168,suburban,8316588
7364,4,1,18.928209662551893,72.95554397132707,suburban,38030213
7740,1,1,19.010377586631527,72.96662221315223,suburban,38053434
8286,4,3,19.02577595269263,72.80167414596036,suburban,42400099
8524,2,4,19.124634552309036,72.90386533179519,urban,59254308
794,1,2,19.026370479632202,72.85006465848237,urban,8156910
5988,5,2,19.09301242412837,72.86755521131649,urban,45328626
4527,3,1,18.94281574369558,72.77721392216243,suburban,23321980
3412,4,1,19.08570373975945,72.89151689006236,urban,22846440
5244,2,1,19.002990114617283,72.96502894392063,suburban,25713681
2373,1,4,19.084763651468823,72.87362584620759,urban,14258682
3758,1,1,18.81189257764714,72.69674263030676,rural,11332835
3317,5,1,19.144074543305738,72.76630207747516,suburban,16584749
9136,4,1,19.202544324844897,72.73328020273692,suburban,46731987
4141,1,3,19.2032033867582,72.95638060853803,suburban,18007800
4958,5,2,19.170754903454895,73.02708836945772,suburban,29249654
5807,2,2,19.006093158942775,72.73326571222168,suburban,30501231
9433,5,3,19.329634833084146,72.60947705320781,rural,23412603
2541,4,4,19.208128038712278,73.0113246863,suburban,8932009
1179,5,4,19.28657466039087,73.12779302810958,rural,7803573
6238,1,4,19.061064246462443,72.8573507990292,urban,36254668
6168,1,3,19.277556082565773,72.6450074905956,rural,23300793
8197,3,2,19.103897081901685,72.84158519584503,urban,59175152
8533,5,2,19.03928386567841,72.84746591393561,urban,69540501
562,2,1,19.18369274349725,72.9562568375804,suburban,4435711
8329,4,2,19.119164911097812,72.9124202179977,urban,62379327
7852,3,4,19.111219053310478,72.8854641833326,urban,62226297
7415,5,4,19.112646614729048,72.90555658253406,urban,58639119
8826,2,1,19.221323680291107,72.93413684050219,suburban,47481885
4144,3,1,18.899745508891417,73.1670627230762,rural,6768406
5470,1,2,19.16861125176953,72.77642889385238,suburban,30099672
8503,4,1,19.365366499370587,73.13715482514664,rural,14022613
3778,5,1,18.993962195583617,72.78099648047255,suburban,23135755
7796,2,3,19.104593411007258,72.89612709184614,urban,59608087
9514,1,2,19.03252468358881,72.8316507219454,urban,73861658
3574,3,4,19.012958905688603,72.9858391099198,suburban,21808434
8812,4,3,19.120269082654705,72.89717596400435,urban,75361697
8052,3,4,19.055397261734544,72.84384962938158,urban,62768313
2137,3,1,18.941046676067163,72.7817375896311,suburban,6243847
5603,2,1,18.96948563934092,72.93844563461367,suburban,36910289
9616,1,4,19.06370181897164,72.86385502975457,urban,74898096
1144,5,3,18.824930283054666,72.63286993863483,rural,7207697
2532,2,3,19.211809950277157,72.97735825257753,suburban,10510129
3261,4,3,19.19341292291127,72.93910905827734,suburban,15468721
2568,3,1,18.848178784813456,73.16418573108635,rural,6305625
741,4,2,19.084164273990226,72.83803486475249,urban,10241663
3168,2,1,19.183334580841997,72.7679357562834,suburban,16871499
1302,2,4,19.233234390049237,73.09764730507926,rural,1000000
5559,5,3,19.225129907867867,72.94683826787593,suburban,36851887
695,3,2,19.011374943836937,72.74358255654322,suburban,1000000
2687,2,3,19.221962526604916,72.75815032490993,suburban,14794227
2830,4,1,19.154097332990816,72.80417624725256,suburban,15401280
5341,5,2,19.115579100257687,72.90319419696144,urban,55123003
4106,4,2,18.80078126929752,72.61049243485482,rural,8710830
8968,3,1,19.339670739023948,72.69616572222947,rural,19272194
560,5,3,18.87768959585228,72.57833002060057,rural,4440539
4427,5,3,18.99672062441528,72.80377840144911,suburban,21639650
6796,5,3,19.036922108838752,72.9230559881733,urban,58790700
3091,1,1,19.055431267864314,72.85724006110385,urban,27971766
9258,5,4,18.91909008564394,73.06460262768104,rural,32165172
6621,4,4,19.06296063902242,72.85500199214363,urban,48310799
1700,4,3,19.03007438378392,72.85775813736056,urban,19173441
3354,3,2,19.20383309382631,72.97157922853096,suburban,28610687
7524,2,4,18.995520786585203,72.77225624235061,suburban,36194935
9928,2,3,19.18907973198662,73.02664545137252,suburban,48387732
7472,1,4,19.14287367556974,72.80978924547111,suburban,37001909
636,5,3,19.13014187120534,72.77994784222575,suburban,3646908
1529,1,4,19.227734613303905,73.08244083007779,rural,4024713
3094,3,4,19.041449450033383,72.83545590025265,urban,25060920
7706,3,2,19.089077853726263,72.82869509090496,urban,58896884
1161,2,2,18.945822950883027,72.82101472464339,suburban,1346387
2972,3,4,19.33701915653416,72.69139835168804,rural,13960774
586,5,3,19.043562276641858,72.9131683571935,urban,8888659
6719,4,2,19.096578029165205,72.84750980492151,urban,57276483
8643,3,1,18.9543879202869,72.75683818297914,suburban,46188350
7468,1,2,19.16515560235259,72.74121465058573,suburban,23323258
3273,5,4,18.791335966457456,72.71395992513516,rural,14356280
2200,3,4,18.798506845539997,73.15059504861581,rural,9063857
3200,3,1,19.185679831813346,72.7894300277898,suburban,17493358
7315,5,2,19.02338958734329,72.82227436345185,suburban,49562849
2147,3,4,19.05392277353055,72.8420948298315,urban,23209232
6538,4,1,19.22011311084439,72.81556813329188,suburban,38361511
5664,2,1,18.936583981717735,72.94408296672385,suburban,19478888
6020,5,3,19.083381353357595,72.87854486863789,urban,54895358
4187,1,2,19.078102741688628,72.88316780940181,urban,35631622
1096,3,2,19.368485437394156,73.03577570629504,rural,1000000
5045,2,2,19.149250642240673,72.79033223298276,suburban,27084669
9176,1,4,18.981437323084645,72.7472780747725,suburban,37127551
9337,1,1,19.05356035982203,72.8650061708677,urban,73891163
5257,4,3,19.015610079691236,72.75146831900231,suburban,28393322
4884,2,2,18.800615750333005,73.11528443072095,rural,9424434
9412,5,3,19.052255244547126,72.89321579672905,urban,76934023
5233,2,3,19.170456348565555,72.73062235939227,suburban,22231503
7581,2,1,19.116520513181758,72.86370891380143,urban,58229621
9190,1,2,19.162797245535405,73.01296731640437,suburban,50778832
7617,4,3,19.331654145472708,72.68575834833739,rural,20551862
5229,4,2,18.968057942773708,72.97238655742386,suburban,22357713
2173,2,2,19.285131464567318,72.62961112821984,rural,10130567
8806,2,2,18.83708932907434,72.72161802925274,rural,25519305
7678,3,3,18.842526303875484,72.65379209978757,rural,31938274
2794,1,1,18.87933140378123,73.16031147965069,rural,8232520
4130,5,1,19.095452673226067,72.83637227280073,urban,37033221
646,5,3,18.895976887464677,73.1418749016712,rural,3658750
3953,4,4,19.122852773914712,72.84676289010632,urban,34669650
5007,1,2,19.116130398624513,72.87929450282263,urban,41096927
6283,4,2,19.082457536689713,72.8361131787971,urban,52492647
8251,5,1,19.062521875415737,72.84332188607806,urban,58626303
6128,2,3,18.973406850563908,72.7726267854328,suburban,26477429
8828,1,3,18.938172184207684,72.78088201837302,suburban,46863810
3860,1,4,19.059357166144167,72.9124089812939,urban,30329273
3505,3,4,19.011413651492123,72.76497439216614,suburban,14709468
4052,2,1,19.001433067154576,72.76855915024986,suburban,21643093
518,2,4,18.976645050975677,72.76164379495404,suburban,10930441
2742,4,4,19.05408049403265,72.89614582074279,urban,24034962
6818,1,3,19.079829140754388,72.82915868242588,urban,53857783
5597,4,3,19.093032779528546,72.88970920407523,urban,46639653
9140,2,4,19.033860757379827,72.9024519494841,urban,66809509
2448,3,1,19.178210145894706,72.9481747283957,suburban,12445135
9637,1,4,19.1855458514171,72.73568812708098,suburban,37247209
6118,2,1,19.05619243544912,72.83951329675642,urban,41933657
4736,3,4,19.111318407208078,72.91230676878754,urban,36932249
7401,5,3,19.043531001472395,72.83391311851979,urban,52104067
2420,2,3,19.332779697472407,73.13608727462548,rural,5115458
4688,5,1,19.092821185955746,72.8555923744697,urban,36101295
738,4,4,19.26509255419532,73.07637769011356,rural,8889041
704,5,4,18.945554607667138,72.97756437508896,suburban,15293188
6052,2,1,19.114397429871186,72.83320899574424,urban,45722486
5427,5,4,19.345563722584714,72.61004273631173,rural,17666777
4890,1,2,19.006170481747972,73.01517005614956,suburban,29857785
3187,2,3,19.021398864236858,73.01678325164671,suburban,16013466
5451,3,3,18.991784344619,72.99202879371599,suburban,30038601
6660,5,1,19.161331612082844,72.81337210721031,suburban,27963439
5888,1,4,19.088517916467524,72.9137222365059,urban,47661086
5626,4,1,19.074443998736506,72.89226960795682,urban,50632059
1316,4,2,19.234161324172383,72.59352156496908,rural,1000000
9512,5,4,18.831166831348654,73.165107744697,rural,19763768
692,4,2,19.089770385747787,72.89806078280701,urban,13813552
2276,3,1,19.218090511596497,72.74649068198532,suburban,9562821
4145,2,3,19.191870270620964,72.94242684241652,suburban,17094711
6814,1,2,19.056099764768366,72.87089706345,urban,52278813
8942,5,4,19.192224687353075,72.94261510936018,suburban,43946401
2288,4,1,19.165692440323273,72.95991843144881,suburban,7247819
7874,2,1,18.932877907963103,72.75699158987852,suburban,31074235
4200,3,1,19.252891823335506,73.12047174413854,rural,20317070
9859,4,3,19.074362268387784,72.84897607746223,urban,84587680
4393,4,1,19.128855526083655,72.80113393025327,suburban,21988722
7311,1,1,19.20479342864425,72.74232461711549,suburban,48475947
9788,3,3,19.205612405468354,72.7283647176449,suburban,55704885
3179,3,1,19.09885990316014,72.918653650155,urban,24827874
4404,5,1,18.99218558715831,72.92882053930575,suburban,35089383
7760,1,2,18.852429788349347,73.14555163897435,rural,10469234
1004,5,1,19.065751667708003,72.88182730467224,urban,9077426
7273,1,3,19.179991552606268,72.94972160093442,suburban,44999976
4316,3,2,18.844464154258606,73.04572148402772,rural,10283433
1217,1,1,19.044608333164096,72.89839161082828,urban,15319928
4934,1,3,19.356801328025,72.64101280852218,rural,7325751
1158,1,4,19.125664264082133,72.82982091352466,urban,5989019
5557,2,1,19.056434108420394,72.85556731526471,urban,44523459
4508,2,4,19.061620359805794,72.85075957411586,urban,38614544
5494,3,2,19.052426283543145,72.85346771099174,urban,43809775
4734,1,3,19.076574405075245,72.86680552770345,urban,34429167
4264,3,2,18.962071989801508,72.77625988401324,suburban,17047950
5137,2,4,19.107004497893453,72.87491951983407,urban,51833108
2604,1,4,18.903015272314104,73.0527319764393,rural,8403121
9947,5,4,19.196299318422312,72.77704720474603,suburban,56995524
7301,2,3,18.979947796320292,72.9913483537138,suburban,41558775
9075,2,4,19.181586786767873,72.80002647052262,suburban,43501135
3107,2,4,19.008454494408326,72.76268223793376,suburban,16252479
8885,1,3,19.174153955314345,72.99759550154764,suburban,40130830
4219,4,4,19.09291058898073,72.88580720616478,urban,38105584
3081,5,1,19.29184086603926,72.59311317816737,rural,7588611
3065,5,4,19.162059703315258,73.00812645335256,suburban,25204409
3263,3,3,19.105168396550816,72.8917955983041,urban,18207793
6828,1,4,19.16393706158395,72.79284214843958,suburban,36737739
6491,2,3,19.139090000796692,73.00969143504986,suburban,45327086
3906,4,4,19.089037198936555,72.87760639149334,urban,28307598
9423,1,1,18.848101026196304,73.13840092193021,rural,26316641
5280,1,3,19.000969101165428,72.93512259314238,suburban,24810437
4677,4,3,18.937510592524816,72.81125034670828,suburban,28940580
6976,2,3,18.99776576180683,72.73395514392598,suburban,24840161
3104,1,3,19.250980884814975,72.70042421753777,rural,1913025
8681,5,4,19.11480198442465,72.86703674106333,urban,63056186
2882,5,4,19.012392009563364,72.76912780025917,suburban,20862442
1031,4,1,19.032415144736525,72.91632313783825,urban,8454266
6579,2,1,19.21308412763337,72.73010898397408,suburban,28906722
1134,4,4,19.055400119821044,72.90467837455705,urban,13015076
502,1,2,19.04404949320839,72.85202920768164,urban,5380416
8897,5,3,19.26435239393111,73.17044291148683,rural,25340603
6451,3,4,19.139369479258217,72.81841541218762,suburban,31203841
6126,4,1,19.106227432304475,72.89479945780084,urban,43277528
8239,3,3,19.00638993476034,72.77967164611108,suburban,49235378
6503,3,1,18.932786247315967,72.81075762598026,suburban,40114332
3390,5,2,19.04177516388783,72.87208493405743,urban,21423322
6739,4,3,19.046013497463093,72.91131862083152,urban,50748871
8526,3,2,18.887789558354374,72.6651342925634,rural,26905348
3806,1,2,18.939370503997825,72.75192025352678,suburban,13576299
1397,2,2,19.032708745716818,72.88281972451307,urban,15158709
9777,2,4,18.861842145896333,72.68636236691948,rural,29352151
9971,5,1,19.1388635171899,72.73029430871298,suburban,55121236
1170,4,3,19.037823072461084,72.85883166542759,urban,22542978
7791,4,4,19.076914909525552,72.84931361584793,urban,52605543
2005,2,1,19.099621514885403,72.86345419034261,urban,23285245
6960,1,4,18.92021924999046,73.1593582951161,rural,16345053
5667,2,1,19.087856362243706,72.90835363885705,urban,46896170
5755,2,3,19.03811115386933,72.85458202817867,urban,47129642
749,4,3,19.274784753151728,73.17181297504227,rural,8372265
6957,3,3,19.026741355881395,72.86571858228702,urban,54308829
2392,1,3,19.025224939913443,72.95148057404725,suburban,8292204
3939,4,1,19.058339305542084,72.83097342122852,urban,32696077
3354,2,4,19.13763357224088,72.77261134387773,suburban,26016960
4292,3,3,19.066454901223292,72.90084817464249,urban,36025219
5830,1,3,19.042333288851516,72.83990579478078,urban,41698573
8371,5,3,19.20994537159433,72.79377866515078,suburban,42840603
8735,1,2,18.93124183976827,72.97011123279371,suburban,44353917
4112,1,3,18.932202806045016,72.82628813665143,suburban,20961122
3118,2,3,18.99371090904675,72.97473907565602,suburban,16057774
5178,2,1,18.985153994270444,73.00513687871822,suburban,30680574
3663,5,2,19.13464120521189,72.74767471187651,suburban,30158528
9980,5,1,19.134027718324962,73.02328314527222,suburban,56029950
3442,5,4,19.01073967089907,72.98469571132172,suburban,22618798
8911,4,2,19.1724309016808,72.76523404061201,suburban,50887667
2425,4,1,19.126308139826932,72.80628593390841,suburban,16932612
3472,2,1,19.035709770155908,72.92227774131399,urban,27614619
1490,2,4,19.119608293451506,72.90263080797013,urban,9825768
2312,5,4,19.09030630424009,72.91249704463577,urban,17616158
9495,4,3,18.917238689286414,73.04562286896518,rural,28962689
989,3,3,18.94275076201035,72.78047674572335,suburban,7107283
6376,4,2,19.14892654296538,72.76286125188265,suburban,38861494
4145,2,2,19.058951421985846,72.88961859397699,urban,31997709
7581,4,4,19.05919489641118,72.90697191118343,urban,57826140
3391,2,2,18.854756039451154,73.07862035333297,rural,10200007
4016,5,3,18.912315871790565,73.15761757299838,rural,14300504
3840,5,4,19.073741417973544,72.84983372080782,urban,29172502
6910,5,1,19.192465619908894,72.78246185204588,suburban,32404123
553,3,4,19.129843314349017,72.73872955482115,suburban,7047580
3075,3,2,19.10890060576394,72.87168397309314,urban,24268788
1115,2,3,18.950674460804656,72.769577473612,suburban,11669894
6444,1,3,18.941725791187782,73.02757575480445,suburban,32951555
7904,3,1,19.20361919716863,73.00245079721924,suburban,39333787
1454,2,1,19.111361749683958,72.87700812478248,urban,6111814
2129,4,4,19.0441729510198,72.90450497242692,urban,18649942
7359,5,3,19.11795063741759,72.86183522919305,urban,53188569
9341,5,1,19.104298329795714,72.85507227030824,urban,66241482
3778,5,1,19.22026002733587,72.75935390079863,suburban,27532935
5955,2,4,19.10398701579036,72.90902311705575,urban,43865382
4301,5,4,19.215236989822536,72.73758804671526,suburban,27545506
3061,3,3,19.03829076080128,72.91030608781873,urban,19275768
7039,4,2,19.220605165338018,72.95846718481239,suburban,32639418
870,5,2,19.15827051890352,72.78941358640274,suburban,2295497
1357,2,3,19.130758466563783,72.94896402360926,suburban,11169631
5386,4,2,19.041482040945144,72.90362476519684,urban,44851126
7985,5,3,19.062131041557908,72.89396602149215,urban,56410999
883,1,3,19.0333846503303,72.8563557945086,urban,1000000
4834,5,1,19.068478973749674,72.91342126260778,urban,41254360
4790,3,2,19.08234958576461,72.83222252930777,urban,44165899
3225,4,3,19.106186657332614,72.83315214889515,urban,32801663
6704,3,2,18.932563343600812,72.94887174460405,suburban,30189102
6611,1,2,19.236842145314945,72.64344314205533,rural,15979814
4751,1,4,19.067024853488135,72.83125729170341,urban,39083467
1422,3,2,19.357840456797724,73.14809548982194,rural,5239356
3415,4,3,19.083222998263395,72.89719464313698,urban,29256422
8457,1,1,19.140399001591437,73.02096442463166,suburban,39595672
3546,1,2,18.960350972755702,72.9883755681142,suburban,19405779
9666,5,3,19.357842818462316,73.0720866809976,rural,29494653
1730,2,4,19.085839106393916,72.83530603309546,urban,15345737
8147,1,2,19.0674154680882,72.91149515732658,urban,66119798
5433,4,1,19.057534738893057,72.8759263883313,urban,48323533
4440,4,2,19.174863856815367,72.9895009866806,suburban,24851594
6983,5,3,18.899969120182227,73.10339253239603,rural,22667364
703,4,2,18.99640799098994,73.01966081769538,suburban,3506362
660,5,2,19.013789520736964,73.00103444499162,suburban,5477815
9460,1,4,19.198317926109226,73.01092536107156,suburban,50588032
4248,1,2,19.254791643179455,73.04949509490218,rural,13635716
7218,1,1,18.99928146108828,72.74082501834596,suburban,32508186
3081,1,2,19.026184431691824,72.91511191420982,urban,20405521
1593,2,4,19.2378218449553,73.12598984263204,rural,1000000
5000,2,3,19.032227581051096,72.90367706975212,urban,44335961
9299,1,2,19.072720311385584,72.88760625133112,urban,62237641
6210,4,2,19.068535301879745,72.83441718625079,urban,41758448
3375,5,4,18.952038183371304,73.00973511211689,suburban,15290203
3691,3,4,19.163571719698396,72.771968346293,suburban,23150764
2337,5,4,19.08381529411413,72.89699406539022,urban,19282517
1189,3,2,18.929318379758048,72.96675865211287,suburban,1995311
4259,3,1,19.1959078629464,72.98694238220779,suburban,23147596
2603,1,4,18.832388106807528,72.63018327043397,rural,7668211
865,3,3,19.005488933924763,72.77710186418476,suburban,9129743
8592,1,2,19.212860187803226,72.7526212075004,suburban,48822271
4672,2,3,19.010672086223956,72.97364646645045,suburban,29956620
6533,4,3,19.107728444963602,72.85680432064397,urban,53994243
2878,3,1,19.10268658642491,72.90915788915089,urban,22451526
1705,4,3,18.936750390258847,73.00308300784879,suburban,11405193
5488,1,4,19.08581849147267,72.85975822768226,urban,40206384
6169,3,4,19.043699619139044,72.84076362048238,urban,52531831
3235,5,2,19.144202352111677,72.73430481125972,suburban,15003869
8990,2,1,19.098373744492857,72.84616285433148,urban,64451521
1456,2,1,19.12352897702158,72.86435845354758,urban,16377968
9806,3,3,18.984786357097093,72.78724884212178,suburban,42639581
7123,2,1,19.00417094752579,72.74459752640944,suburban,32313800
1974,5,3,19.25904202516954,72.71788886812386,rural,9594667
4960,4,3,19.147896304581618,73.01660668297228,suburban,25404601
7502,5,1,18.96436354351925,72.75848316062785,suburban,37938672
6896,2,2,19.057602981449627,72.91525235232206,urban,47449116
3328,4,3,19.102980531674874,72.87872063416214,urban,22436230
3350,5,4,19.086329302793846,72.88433712269475,urban,27390450
3464,1,4,18.93133014226546,73.01734132367794,suburban,9099226
5094,1,1,18.999724022228495,72.72955619278676,suburban,24456778
9641,4,1,19.22134793244826,72.99267537050967,suburban,54233516
7144,4,3,18.992427280053917,72.78008459280872,suburban,42275593
3350,4,3,19.058858541327535,72.85875783121246,urban,30136117
665,1,4,19.218026325902866,72.81979656545988,suburban,4049361
1419,5,3,18.97557607301519,72.93343347602226,suburban,8633734
8805,4,4,18.9878032567022,72.81428387806552,suburban,46020917
4004,1,3,18.965111111459283,72.7585603315497,suburban,15246363
1491,4,2,19.282949002383997,72.7082362060093,rural,1371893
6547,4,2,18.86308674844762,73.16631717251035,rural,10926264
4339,4,4,19.288001634639897,73.1375463286061,rural,16673614
1758,1,2,19.122559259447396,72.84679012966797,urban,13006758
8109,5,2,19.027651961159997,72.85993232609873,urban,72224361
9206,1,1,19.04096926124827,72.88254690523836,urban,66728791
5304,1,3,19.115877905525025,72.89652268329726,urban,40400499
567,4,1,19.139579885635012,72.81609099756045,suburban,7333410
6160,3,4,18.977239045010762,72.73533270080108,suburban,33259078
4978,3,1,19.22533484606354,73.01482277426611,suburban,24195858
8710,3,4,18.81226582586726,73.098384225098,rural,32983050
4021,1,2,19.262154388813453,72.66810167833073,rural,5975979
1072,4,1,19.043776628488864,72.87776086837201,urban,12780513
7582,3,2,18.78291162839573,72.64104704869742,rural,18919538
8332,2,3,19.00172996801307,72.94729013047065,suburban,41618824
5895,2,2,18.941167468257834,72.96758559264391,suburban,30417560
2758,2,3,19.196672676124905,72.82187044249444,suburban,13493921
6539,5,2,19.098975288976213,72.89616190265193,urban,50899962
1150,4,1,18.917997841337588,73.06337277475602,rural,1000000
6241,1,1,19.15314160423559,73.00914102939375,suburban,34409725
7338,1,2,18.897447945605983,73.06989694700759,rural,13342654
3087,4,4,18.806552156544402,73.16032176297941,rural,14584688
8376,5,4,18.943743790872357,73.01304935718468,suburban,42814276
3762,4,3,19.125446184774425,72.91282386292158,urban,34370833
1838,5,3,19.12340969687448,72.91434971086453,urban,5373653
5496,3,2,19.103620364025563,72.92208438734646,urban,42426439
6280,3,1,19.067981924458458,72.90603334334969,urban,48446338
3327,5,3,19.257933680887415,72.61778092179185,rural,5936354
5732,4,2,19.09765244098836,72.91268130653572,urban,48850238
2717,3,3,18.86399968297256,73.10941521981132,rural,4316661
4039,4,1,19.140605316300604,72.76328060743722,suburban,17130244
8345,3,3,19.04573325135414,72.85204647941603,urban,62671909
9729,4,2,18.991591779807656,72.99934147129436,suburban,53861850
4883,4,3,19.13295712641753,73.00369391490123,suburban,26854413
3461,2,4,19.193175967840443,72.81536371553385,suburban,19531794
3726,5,3,19.01796648293123,73.0018734028401,suburban,23762662
7337,1,1,19.034593919128415,72.83038104575508,urban,54134211
7531,5,1,18.989733428248332,72.7474776067993,suburban,43451320
9790,4,1,19.196439866332806,72.76216237237358,suburban,51172021
9631,4,1,19.13374920357349,72.7361678039446,suburban,52579541
4216,5,2,19.242707484768015,73.12992756175414,rural,9025990
3914,4,3,19.07356307555626,72.83274055442361,urban,31938007
1948,3,3,19.125298394890812,72.87246211267755,urban,20477522
1070,4,3,18.926089001869048,72.7891325123066,suburban,14424443
3404,5,3,18.78881415075994,72.67828012192334,rural,14544179
3005,5,2,19.133811043671415,73.02324623880355,suburban,21296300
1417,5,1,19.103118493353534,72.88156153938112,urban,6047120
7482,2,3,19.032140514404755,72.82787038280411,urban,55716267
7927,2,3,19.119555363852715,72.90191734042355,urban,63349120
6836,2,1,19.094643624353942,72.87155565305993,urban,46111253
2178,2,4,19.149861378671098,72.99568630747306,suburban,13292904
1115,2,4,18.953365780515167,72.79112074814998,suburban,4232908
7586,2,1,19.032700865542854,72.83567016170363,urban,56093083
5249,2,3,19.117687584758063,72.8924706434919,urban,40850198
4005,5,1,19.05863340681821,72.90389527577007,urban,34187729
5029,1,3,18.858083991822046,73.03086822632116,rural,17176669
1635,2,3,19.150311193709154,72.816166488339,suburban,3423739
9066,5,4,18.854576317830613,73.03517846469249,rural,32505405
7726,1,4,19.181991801656938,72.79840038198846,suburban,41770411
5662,2,3,19.106423649697994,72.88909246279836,urban,42494046
706,1,3,19.046249468191053,72.83872884201465,urban,10667241
5375,1,3,18.940010030296662,72.95116874135518,suburban,18088021
1819,3,4,19.190290210815427,72.94298853298643,suburban,10903973
1641,4,3,19.212973083173942,72.76685542739989,suburban,6258439
5127,3,1,19.17305357007687,73.00654862444625,suburban,20496911
7889,1,2,19.023135535203036,73.0225757667553,suburban,31382255
3190,5,2,19.121340739059324,72.90083659345609,urban,29473994
7823,2,3,19.287809138249244,73.05874778349295,rural,24839751
3755,4,1,19.140491624838777,72.94976096426416,suburban,26001361
8781,2,3,19.094374506328784,72.85910565610163,urban,70522173
5713,5,1,18.971125303049213,72.9618252659454,suburban,28451424
4608,4,4,18.927151377967974,72.75879830316171,suburban,37501248
3520,3,4,19.0737234957834,72.90473874926346,urban,33503093
2357,1,3,18.971775839374644,72.73259369702771,suburban,5345506
9496,5,4,19.055115554329568,72.84977181076398,urban,73523712
9636,1,3,19.10276222017636,72.8800793068484,urban,74235098
3289,1,2,19.0398344211353,72.85625932634615,urban,23831908
4375,2,1,19.078265932299637,72.92731289812536,urban,43783592
8105,5,1,19.062429235741536,72.84338260973398,urban,61669356
8635,1,2,19.075706652579168,72.85871863772331,urban,63540301
6555,3,2,19.310895023574282,73.0977065454178,rural,22052622
4382,4,2,19.117429070886754,72.84775143507687,urban,35355846
7675,5,2,19.20811800703684,72.73277342844516,suburban,38203299
7629,2,4,19.03736627005967,72.90989111707829,urban,69343760
5521,5,1,18.95589041905618,72.94897122048341,suburban,36589375
5235,2,1,19.083799220648988,72.84468540866514,urban,33072281
2887,4,2,19.097491282662958,72.89668827413944,urban,33130839
7082,3,3,19.114712661251165,72.88442729644282,urban,53927793
9633,1,3,19.312146954604344,73.1206081033954,rural,32284024
6366,5,3,19.2018605851278,72.76145007387375,suburban,43128018
3066,2,3,19.10285860049726,72.89155722305041,urban,28342814
1475,4,4,19.04208921509096,72.91961473232088,urban,24730249
7712,1,1,19.062721218138314,72.92412985685168,urban,62324641
9646,4,1,19.066187080200056,72.84229382926833,urban,77322189
1762,3,1,18.937516025250034,72.74819412598714,suburban,13661001
5547,1,3,19.01705892492689,72.73977201669481,suburban,21144801
9635,1,2,18.978964426372706,72.73638283785868,suburban,46339772
7882,1,3,19.0393030823853,72.87965371760568,urban,54491548
6731,2,1,19.189661658884756,72.73784493022684,suburban,32161992
3827,1,3,19.10542338856474,72.90768129038348,urban,31630965
6130,4,2,19.03880494848237,72.82942331827559,urban,47029924
2759,2,2,19.184140969589848,72.7487521113709,suburban,12793260
1757,1,3,19.10733474851999,72.88993031404675,urban,7158677
964,4,1,18.96067076383277,72.93051544257625,suburban,3128821
3794,4,4,19.33475444265738,73.14212649235645,rural,18823028
7274,5,1,19.085016512745103,72.88913658398451,urban,54324665
7931,4,4,18.910251302171908,72.62751370936236,rural,21869139
1730,3,1,19.08625229766873,72.88401418288106,urban,15720749
9576,1,3,19.102300024845405,72.8595568263716,urban,74456365
4305,1,4,18.988647375493255,72.96686063065246,suburban,20892441
6919,1,1,19.169111262180305,72.80999252283,suburban,27164379
6250,4,3,19.075338186396454,72.83862480831561,urban,51788479
4356,4,1,18.95897250440073,73.00161623575285,suburban,31878656
3635,1,2,18.829031417258403,72.7017987703276,rural,17951729
7453,2,2,19.042182860337164,72.86642352563649,urban,53353647
9616,2,1,19.31042007832804,73.09408091107728,rural,28869158
6534,3,3,19.176175917336856,72.95948143734017,suburban,46125866
5089,5,1,19.263900929213193,73.05780698778419,rural,15345624
2046,3,3,19.10799668444124,72.89973886052995,urban,18330067
6565,1,4,19.190373414699515,72.95848513538138,suburban,25256217
1594,1,2,19.086508345998915,72.83238933666877,urban,17599825
2911,1,4,18.789858182240987,72.71570692383476,rural,8135695
3117,5,3,19.177306915271906,73.01140071887585,suburban,12548019
9454,4,1,19.11996757915098,72.8846672133479,urban,76126972
4645,5,2,19.093904223021163,72.83655198624126,urban,42179335
3275,3,3,18.852812598373397,73.16237850563634,rural,4839041
7128,4,3,19.132959393543345,72.80763588575836,suburban,29030027
3655,4,2,19.049752830490906,72.86692925853417,urban,30224328
4470,3,1,19.159296187533606,72.9595929052816,suburban,26344464
8472,4,2,18.793592796337013,73.13160593801982,rural,25352743
9275,2,1,19.08664694080954,72.86735022247147,urban,76404251
5915,3,1,19.10833153088515,72.9207039993928,urban,36962886
4831,3,3,18.925157412650684,72.7158202284743,rural,9307268
2442,2,1,19.049606672272308,72.91887049987699,urban,20134349
6526,5,1,19.092741306511627,72.86452912551587,urban,43644883
8801,5,2,19.067528240277944,72.89678825052466,urban,64909415
691,5,2,18.90485538460968,72.59518821796301,rural,1000000
9595,4,1,19.12389469533039,72.84446454803631,urban,78662518
1361,2,3,19.200211135861387,72.82370752929569,suburban,13582469
7211,3,2,18.83145294765288,73.03823411863897,rural,24226591
9775,3,4,19.05631364031102,72.87752436119672,urban,84788227
1149,3,3,19.30168648039537,72.60991525912365,rural,9042342
4634,4,2,19.134271960104748,72.96788902332388,suburban,28446304
8087,4,2,18.940473048032793,72.77170070907187,suburban,44914391
9328,5,4,19.10653435975487,72.8554939460093,urban,69950503
1536,4,1,19.143010628044582,72.95781565009767,suburban,1861344
4631,5,2,19.08827187926587,72.88618991127747,urban,33913366
2648,5,4,19.08584373834528,72.84663035364915,urban,27041974
5957,3,4,18.807220591208534,73.0927439125314,rural,15162384
6579,4,2,19.125696184621123,72.85592717859627,urban,54255955
2930,5,3,18.866879299383843,73.12916948118561,rural,1000000
2379,2,2,19.038678100668402,72.90120458064273,urban,21430502
8042,2,4,19.117828052599556,72.86999246134269,urban,57413019
2511,4,2,18.882990961559972,72.62603942798377,rural,3118262
3873,3,3,19.064428974654728,72.91739133740899,urban,39064765
7857,3,1,18.837450117111295,73.04194658998998,rural,33130834
1789,5,1,19.18872651651174,72.97584976371547,suburban,4780936
1947,4,2,19.102144141768033,72.87576151202047,urban,15586637
3699,2,2,18.927304831369806,73.01916738756739,suburban,17223129
6881,5,4,19.052643113775023,72.85775435123098,urban,58286349
8022,5,3,19.044429035667,72.85890165030506,urban,60546314
6559,1,4,19.168482063293546,72.93285509789925,suburban,28991855
3683,4,4,19.035624587879347,72.83233169391467,urban,31280703
5962,5,1,19.074149702030162,72.86108030832261,urban,47652621
3716,2,4,18.785682915552545,72.71228591968374,rural,13944903
3636,1,4,18.91301815739008,73.12058260199068,rural,5870969
3818,2,1,18.943319435350613,72.82155251729601,suburban,17825081
3282,3,1,19.13072572003329,72.95181132683014,suburban,21074668
9682,1,3,19.20160578865662,72.73258872824567,suburban,47286827
8157,1,3,19.20173100938179,73.00041625544453,suburban,31733149
5420,5,3,19.195091917610082,72.93150666830662,suburban,37017798
6824,3,2,19.343879104109003,72.6565668282496,rural,18476751
6827,5,1,19.10936378765647,72.91404460301725,urban,53076692
8917,4,2,19.13899966856282,72.8032858875434,suburban,58646232
1276,2,2,19.37342010902946,72.69227927908749,rural,12286545
5708,2,3,18.998507355277155,72.93167936228454,suburban,33945492
1187,5,1,19.240729349931158,73.08684246295769,rural,1000000
1029,2,2,19.09582623720638,72.8983900789808,urban,15707014
5567,2,4,19.071317593329127,72.90883040106895,urban,34379826
8580,4,4,18.789757374962367,73.17193250091258,rural,25114719
6018,3,1,19.11396440086465,72.85020828835759,urban,44044800
2653,1,2,18.986273309800918,72.7931522805288,suburban,9424077
9986,5,3,19.08579245402338,72.83861048747681,urban,78751197
6594,5,2,18.94771773704855,72.97166454018016,suburban,37344987
7474,4,4,18.984549673313918,72.77606684242528,suburban,42734607
5274,4,4,19.041113525941622,72.92705721714908,urban,41343233
8192,1,3,18.93888045979775,72.81436725806535,suburban,39499337
3603,3,1,18.988075670278267,72.98207404087,suburban,22620920
2940,5,2,19.03081489250257,72.85924203109909,urban,28853603
4635,4,4,19.138552058202812,72.77880319077093,suburban,25494281
7624,5,2,19.225553277256957,72.73327469315176,suburban,34613004
5701,2,3,19.027524631578036,72.90064469784441,urban,35367718
1344,5,3,19.153294881017654,73.01426179782692,suburban,11548201
946,3,1,19.068367457588295,72.87502606751032,urban,13578151
4415,3,3,19.052509166899256,72.85658040362203,urban,33882448
3609,5,1,18.927882557663953,72.73881471113299,suburban,20580391
1734,2,2,19.153552467786493,72.93856479930623,suburban,15684540
7087,3,4,19.362081477579583,73.11051469804812,rural,29927255
726,4,4,19.100794693959067,72.84808112274602,urban,5881587
4643,5,1,19.119466633733115,72.88037427137216,urban,36649245
7685,2,4,19.035245153750044,72.86740826078338,urban,61288330
6058,4,1,18.965835344382345,72.96298231914668,suburban,25021938
686,5,1,18.937795001959206,73.00488921243821,suburban,1000000
3035,2,2,19.177215748141165,72.9531463485788,suburban,8639878
2432,4,2,19.05529529071382,72.92110233810898,urban,18783475
9540,3,3,19.362096673548,73.05107395749555,rural,23754579
2532,5,1,19.196291469675575,73.02522117205606,suburban,9378906
1752,5,2,19.33432615571216,73.10538258801927,rural,4967776
6009,3,1,19.030676474973678,72.83991114428798,urban,46103700
5574,1,1,18.99638089361476,72.9536113105812,suburban,23689396
2381,4,1,18.95440772650779,73.02483945798494,suburban,4123974
769,3,2,18.93215479162194,72.76641493965123,suburban,5966451
2130,5,1,19.092784137781322,72.89797554515856,urban,23681258
4905,4,1,18.900210645671116,72.61494267446972,rural,10660959
6639,4,3,19.125753228394878,72.91889477806725,urban,49823279
2074,1,1,19.09446602316843,72.89893637130967,urban,20036855
2195,5,3,18.931401436616543,73.02441782729842,suburban,17257068
3758,2,1,18.949260645449286,72.81656341766352,suburban,16293151
3762,1,3,19.15131956784558,72.98407842960192,suburban,18087813
1945,1,2,19.060560730063724,72.8587250001467,urban,22618302
6763,2,2,18.94045729193425,73.00461361206719,suburban,37743305
8911,2,4,19.192448049386446,72.7292472049656,suburban,38768723
552,1,1,19.08111006060096,72.88105237125745,urban,1000000
6070,4,4,18.78560414372724,72.67496563735837,rural,16082123
8079,3,4,18.880295357964023,72.7113639447014,rural,19139014
2166,3,3,19.16862213418642,72.99267559498333,suburban,13792270
7401,1,2,19.063627817657444,72.88390332657069,urban,59836689
3285,4,1,18.8001790585528,73.15353965414577,rural,9434809
1219,2,1,19.121244845824336,72.88672046674378,urban,5852446
9097,1,3,19.02676576376541,72.85679296328122,urban,62440148
7355,5,4,19.05882227044901,72.88243260773034,urban,61589837
2794,4,3,19.11648894713875,72.91151149635431,urban,27172210
8763,5,4,19.260825947796246,72.6497914646084,rural,32191488
9921,5,1,19.224751154063114,72.93083028193604,suburban,49274405
4982,1,3,18.77778370189884,73.17428086955422,rural,11383354
1198,4,4,19.026001673625792,72.88637345849524,urban,15334331
7743,5,3,19.21269388507929,72.79527027758222,suburban,40277434
9518,4,2,19.27590536556669,72.63616980200412,rural,24956117
6418,3,3,18.874187635325697,73.08053096180289,rural,14297220
848,5,1,18.942477657189542,72.81761492324378,suburban,9067664
5874,5,3,19.093734792930928,72.88348727599892,urban,45509142
8369,4,1,18.932416161262438,72.98789907169346,suburban,39513451
807,3,1,19.085976002791483,72.89990187749282,urban,9759789
3916,5,3,19.01245905843461,73.01712763235244,suburban,17585972
5320,1,3,18.9619256039946,72.7661519067797,suburban,23214903
4058,4,3,19.130071097368415,72.8138164602952,suburban,22253367
4978,4,2,19.214210569055904,73.013273440418,suburban,23021702
7031,5,2,18.997073199196933,73.01663162432492,suburban,43530442
5120,3,4,19.12559653038209,72.85338401957874,urban,42814633
3485,5,3,18.952088674332902,72.96940591735715,suburban,19617789
8612,2,4,19.00048453866712,72.76018819243787,suburban,50485613
8967,5,4,19.086412822060048,72.8482531042769,urban,70638604
3047,2,1,19.07085809721828,72.87892457802843,urban,29409194
836,1,4,19.067278456331433,72.84749180313506,urban,2282629
3479,4,3,19.172155352460674,72.7584099439461,suburban,15302701
4468,4,2,18.807571756928308,73.05192057222786,rural,7813523
1410,3,4,19.033882389545337,72.84126495242602,urban,14840011
2496,5,4,19.151068296486844,72.94765273662982,suburban,7029252
3629,1,2,19.14907702264393,72.79763213042165,suburban,19549049
5947,2,4,19.05378349838183,72.89654118272821,urban,43641821
6629,3,3,18.890539850026183,72.7019242358521,rural,20084396
6350,1,4,19.075997148619706,72.91189827278723,urban,48485207
4704,1,1,18.91714750336044,72.64635109591428,rural,14781369
7946,2,4,19.085246165677884,72.9154623203566,urban,72186738
9019,2,1,19.112639558020856,72.83343075925285,urban,78363877
814,4,2,19.06209439692237,72.89478298304978,urban,12368814
1634,5,2,19.121244465549253,72.90816847964531,urban,12894203
5376,3,4,18.899511603419928,73.0695813256621,rural,16764007
8602,5,4,19.07314748472727,72.88243024420223,urban,65772104
8847,3,2,19.18689798201757,72.81737084822743,suburban,41193241
6092,1,1,19.112313443937673,72.87452394441284,urban,36260880
2224,2,2,18.831973217224903,72.62871438199618,rural,3446313
3843,2,2,19.01474151715337,72.92976729464038,suburban,21190809
1386,1,1,18.99142867110553,72.8191169064989,suburban,9658646
1221,1,2,19.03356251133462,72.8362250752807,urban,10028145
8178,3,4,19.174888534570453,72.97858366597167,suburban,38306063
9604,1,4,19.09163114800086,72.89452673701791,urban,70608834
3857,3,2,19.069299668755153,72.89205330585374,urban,35286650
1370,5,4,19.156473975621452,72.78356918088448,suburban,1000000
7251,2,3,18.876633499817206,73.06348562384164,rural,18080708
997,2,2,18.850113428332147,72.64710677206912,rural,1279806
2256,2,3,19.223584386303546,72.98339612103065,suburban,9013467
1617,5,2,19.18300853095216,72.94669158529717,suburban,2120672
3328,5,2,19.35880025156736,72.65700894823435,rural,13971630
2147,4,3,19.148266961626486,72.74709795728337,suburban,17663076
7492,3,2,18.962193961858645,72.9917134923542,suburban,32812950
7271,3,4,18.820263144734803,73.13351094337932,rural,4454384
642,4,3,19.0743375912717,72.9109763551149,urban,17080963
3261,2,2,19.078315327346726,72.88951571009851,urban,23658719
3935,3,4,19.16727696504863,72.81274009108351,suburban,15991384
7122,3,3,19.07915365202826,72.86134464614206,urban,54791364
7569,2,3,19.097378732599314,72.88978217666616,urban,59725264
5012,1,4,19.149290828029937,73.01539254993976,suburban,21655846
2348,1,2,19.18656982518359,72.77991115085217,suburban,11814862
3196,4,2,19.349957019239035,72.62925843885661,rural,7692573
2217,5,3,19.067465874264453,72.92193983313065,urban,15838801
3572,3,1,19.0604723422719,72.88080449244556,urban,20165896
9759,3,2,19.119365011181156,72.83601889578857,urban,81150601
3286,4,2,19.015118956283306,72.72828122336766,suburban,20039699
4291,4,4,18.948829839416288,72.77928117239288,suburban,18806436
9980,3,1,19.000278712646256,72.97097310361353,suburban,52427376
4371,2,1,19.029609001892673,72.87301582080337,urban,29169818
2306,2,3,18.978020559148256,72.994278317423,suburban,11415727
2004,5,4,19.21216829323752,72.96445618252419,suburban,14672969
3808,3,4,19.083148251365607,72.84797227245113,urban,32874153
7617,3,2,19.165349808558222,72.75908325282467,suburban,36467793
5548,3,3,18.935338348999004,72.98923005209404,suburban,32126538
8763,3,2,18.852883348851595,73.14241681183937,rural,24779790
2190,4,1,18.793210463949183,72.61520256552161,rural,2276466
3803,1,4,19.137251264923815,72.99267486987712,suburban,27389040
3613,3,3,18.837824764604115,72.6088673611859,rural,3726970
9574,1,2,18.984451142999372,72.76307296888874,suburban,49302026
8350,2,2,19.33448119932549,73.13225376705681,rural,29906117
6916,5,1,19.053881349501317,72.90745637866299,urban,45689156
2004,2,4,18.9749449696772,72.82178230941406,suburban,18848406
9424,3,1,18.949228356351313,72.98618051476828,suburban,55600050
4424,2,2,18.93001003019583,72.75019794257346,suburban,19238723
9115,4,4,19.09131538951839,72.85577504017299,urban,72342007
4985,1,4,19.04557159427489,72.8550319547304,urban,34626114
8600,3,1,19.055313609928273,72.90167384506387,urban,61757862
9184,4,4,19.040006104071924,72.90545872017177,urban,65566060
691,1,1,19.078339531336123,72.86615731043769,urban,14236323
9190,4,4,18.995960389040633,72.77637993954532,suburban,46297184
5417,2,4,18.861582201135654,73.13855229345236,rural,7745235
6331,3,3,19.20079823764732,72.99899736896431,suburban,37207518
9948,2,4,18.895746506043995,73.176968449921,rural,31516990
4822,5,2,19.33373494071213,73.1293625244502,rural,15642898
7499,3,3,18.926418378139413,72.80596841503632,suburban,34644399
9508,2,1,19.038773055922544,72.84588354719826,urban,70003518
7782,3,2,19.097296406357678,72.82818426787634,urban,70088992
9778,1,1,19.359473097705447,73.1226776724903,rural,28213297
2374,3,1,19.059136110724694,72.84032740485999,urban,16451434
9562,3,2,18.933843741354615,72.99893223250353,suburban,51558946
5263,1,1,19.03309361794406,72.86026828315411,urban,43927946
8964,2,3,19.253695144221364,72.60975900301533,rural,34343234
9721,3,2,18.97618393726771,73.0162841103091,suburban,49124947
1551,4,1,19.293794837815025,72.62110695440539,rural,7149760
8038,3,1,19.063267736089472,72.88486648021822,urban,64495934
7911,2,4,19.062680353873702,72.87571989892729,urban,57425932
6820,1,4,19.18681183493671,72.79086093858204,suburban,27162926
2605,2,1,18.90508332539868,72.64864940456687,rural,9264548
807,5,2,18.93701663278561,73.01111856851239,suburban,8470568
8237,3,3,18.801351924200763,73.10767817455117,rural,11068215
3859,3,1,18.964578814545867,72.75975488827837,suburban,22022091
3676,1,1,19.157445309042203,72.9282383987612,suburban,17726353
1751,3,1,18.992455466708076,72.76467913732209,suburban,11227697
5866,4,4,19.02900909867278,72.85926345334933,urban,43883728
2017,4,2,19.10856195462589,72.86761452055579,urban,24458781
6726,2,1,19.288264065475104,73.09805413442699,rural,23468398
5805,1,4,19.298003733856785,73.04139241288053,rural,9010855
6369,5,1,19.007210263300742,72.77691366815957,suburban,28426896
8539,2,1,19.054361660851278,72.88841949410433,urban,65302464
5391,1,2,19.06146506755316,72.89847121584188,urban,37984810
5492,1,4,19.28468320052852,73.17458862925668,rural,19554179
2461,2,3,19.10598407144646,72.92313905280515,urban,14451506
3363,2,2,19.25671673624265,72.61506152513056,rural,13664588
7103,3,3,19.098529431894292,72.86508934616333,urban,42976736
5067,5,4,18.99705793402558,72.73182049047784,suburban,24952436
7013,4,4,19.339785289190985,73.12890082448068,rural,27138703
4505,3,3,19.071834301749227,72.84199430959244,urban,35241382
9614,1,4,19.118120860437074,72.92451198015274,urban,72914136
683,5,2,18.816130545237296,73.1551130515749,rural,5037261
8255,5,1,19.16439686179564,72.96078111148823,suburban,45399971
3858,2,3,19.007664470532582,72.7713618679373,suburban,19065047
7115,5,1,19.012764690814276,72.94087207088654,suburban,43972763
7297,5,3,19.102089244962414,72.86080085368388,urban,58162759
9228,1,1,19.048542045574482,72.90550943950453,urban,72231563
8178,3,1,19.140325569008954,72.78498165729027,suburban,46186864
6198,5,2,19.083383231758717,72.88310001434925,urban,37147430
1773,2,1,19.141746341071602,72.94579327278348,suburban,5521530
7153,3,3,19.023643313891935,73.01461179889634,suburban,33450692
1596,2,1,19.067661621701735,72.85354323347326,urban,16208398
9997,5,4,18.93833289007369,72.9919504072806,suburban,60212390
9607,3,1,19.084530879565975,72.86573695959754,urban,64275780
8502,5,1,19.072558247828443,72.86346321934143,urban,64238295
4747,1,4,19.167067479421085,72.79620234559906,suburban,29284085
9720,3,4,18.920398058275524,72.70158406935984,rural,20410775
5814,2,3,19.11504718605897,72.88882486545232,urban,46715629
3854,1,4,18.9301702830376,72.79373531398043,suburban,21165076
770,4,4,18.954024677241016,72.9854902077634,suburban,7709842
1686,2,3,19.083556404156393,72.88611353122765,urban,8510821
6805,5,3,18.949425957579546,72.99450820273151,suburban,35200403
2898,2,1,19.368194452708465,73.09098842745173,rural,1000000
7495,4,2,19.024892521778128,72.81538065951122,suburban,44605521
7799,2,3,19.06333660489709,72.8329874598884,urban,54306539
4682,1,4,18.963508596386287,72.94671742259953,suburban,23577737
2730,2,1,19.136307878263374,72.74492709341718,suburban,23845989
7011,3,4,19.06464872210514,72.91875933325257,urban,60094923
628,4,3,19.044570064618537,72.9090936705213,urban,1000000
9961,2,2,19.080585543437664,72.86065800682988,urban,74412022
4172,4,1,19.03443609349176,72.84483111264078,urban,33289337
5265,1,3,19.11228626053557,72.88838860751918,urban,39259431
4470,3,3,19.14970955583965,72.77811471225445,suburban,25152599
8045,5,4,19.03588424916686,72.91847646516372,urban,66143781
6052,2,2,19.294678443389436,72.67346492690733,rural,25730904
1127,1,3,19.16590006786072,72.79407578719464,suburban,3171172
7089,4,4,18.841240576887937,73.11146158884137,rural,24470555
2544,4,1,19.19140623239573,72.74886928969735,suburban,12281309
2841,1,4,19.112988813828405,72.85534163610367,urban,30017151
6384,2,1,19.145197940276876,72.997427809382,suburban,33693264
8685,5,4,18.912334268093712,72.71320773971905,rural,27237992
749,2,2,19.02887373016681,72.85664567048393,urban,5194114
3425,3,4,19.038918640994407,72.90319101467996,urban,23186537
5543,2,2,19.076349308557297,72.84824924144976,urban,47010999
1474,3,2,19.101041089865127,72.90273665091382,urban,8497014
7692,4,1,19.078302264706867,72.85528497870553,urban,50333493
9675,3,4,19.084627709926224,72.92105301007543,urban,69616921
9580,5,4,19.03116363876262,72.85439498466218,urban,75409464
3172,1,4,19.15449691953927,72.76451883364152,suburban,9674119
7779,3,2,19.04663153949437,72.84931005976625,urban,55808666
8031,2,3,19.21882126845192,73.00332988176629,suburban,30399024
9162,3,4,18.94303370118373,72.78748820197363,suburban,42366417
2487,4,4,19.188955036625675,72.79250089377423,suburban,22379395
590,3,3,19.068587974094406,72.92135196216643,urban,2916504
9221,5,1,19.019113758080742,72.94701037614698,suburban,47367117
4559,3,4,19.11437580658869,72.919494265187,urban,47132999
3273,5,3,19.181869292651495,72.82424387811656,suburban,19935002
8883,2,4,18.934116670782732,72.7777055914027,suburban,45938227
7909,4,2,19.05291934204495,72.83020069703359,urban,56416641
4940,1,3,19.083836018622822,72.91119810044364,urban,38939328
7847,2,2,19.125026869689005,72.9123627107839,urban,68311763
1508,2,3,19.081399436232115,72.88857275888006,urban,6746375
4283,1,1,19.108416403987118,72.82968106968276,urban,31314522
7146,3,2,19.36874665222917,72.64801681312277,rural,13746667
4798,3,4,19.102451816658082,72.84293176786147,urban,45930467
5168,3,3,19.14252598146396,72.96306459760127,suburban,20958399
4787,4,4,19.169929875929753,72.98809038708754,suburban,21766989
2552,2,1,19.13164205847072,73.0252631615151,suburban,6585659
6509,5,3,19.35366125064826,73.03879314383917,rural,12504529
2216,1,1,19.252010695656697,73.12961074144955,rural,4735706
810,2,3,18.935019328173315,72.95976766803508,suburban,2268663
5038,3,2,19.35568487243898,72.67796337055395,rural,15332024
1760,1,4,19.074620861198838,72.84231356900118,urban,17252326
4432,5,2,19.155696335307198,72.96622806340648,suburban,15461172
1084,2,2,18.858461074888538,73.08539760084263,rural,3153704
8116,2,2,18.934159132307528,72.93779232167479,suburban,35875885
9051,4,2,18.78623431884471,73.1306919718953,rural,26425822
3366,2,3,19.05950429996649,72.9107309941585,urban,28144505
6398,2,4,19.19337025046769,72.96004287871975,suburban,31061772
2511,5,3,19.302443275858636,73.05604608361958,rural,14333637
6751,5,3,19.097339884676586,72.89889304623168,urban,46267487
5439,1,3,18.97292262390386,72.97784156672778,suburban,21228254
4506,3,2,19.068928612300432,72.91483975210312,urban,36536678
2125,5,1,19.211472730609515,72.99379189018082,suburban,22100376
1390,1,2,18.792023247996557,73.04948456353522,rural,1000000
6578,2,3,19.039193748475927,72.87430896164292,urban,50239046
7536,1,2,19.103638282474485,72.84327887099288,urban,62933236
9423,1,4,19.11404220324199,72.88460575515406,urban,76166425
4461,1,4,19.338341668219588,73.03447337181615,rural,14701846
3004,1,2,18.963913881360234,73.01151919129288,suburban,10577288
9306,5,2,19.094836932526707,72.84779387201473,urban,72214474
4306,3,1,19.04550217146607,72.91583627473572,urban,33654869
6600,1,2,18.90901469217241,73.13061062961627,rural,22885143
2219,4,2,19.289213014420564,72.66164981507542,rural,5356645
7186,2,1,19.1121443199897,72.91419838638818,urban,61361252
2087,2,2,19.06666183081436,72.83839812087373,urban,16375368
7500,2,2,18.926216056688236,72.94223430872555,suburban,37966075
1396,2,2,19.15246191885984,72.97877428616499,suburban,6472159
6058,2,2,19.360532996093145,73.17295123935634,rural,14586449
8969,1,2,19.133018964057758,72.99403360993455,suburban,44093988
5147,3,3,19.224596865595643,72.9366374777885,suburban,26408316
2932,4,2,18.956057688581346,73.00356496023538,suburban,7214760
4404,5,1,18.88441030963398,72.68122849263044,rural,11768547
7337,4,2,19.048528199064137,72.91276425481475,urban,65425795
1949,5,3,19.03250772075548,72.86842778240784,urban,8205545
5000,5,1,19.1007603144841,72.82808254744468,urban,38421216
5954,4,1,18.79429512248286,72.6217560181431,rural,13449487
9924,1,2,18.936500341100558,72.77896950073692,suburban,50444715
4617,2,4,19.114203337451883,72.91581623446895,urban,38438776
9369,1,3,19.16687441185075,72.9514689485025,suburban,47503890
2528,2,4,19.10259415863837,72.92064303610042,urban,10192488
7345,3,2,19.033223067331367,72.82920197280741,urban,46201420
4258,5,3,19.108293506147273,72.86636026032541,urban,21372024
6404,4,4,18.998355075504186,72.80886261523843,suburban,33103175
5124,3,3,18.9288531910722,72.72999202254563,suburban,17417152
9348,2,2,19.370553517743367,72.68272048253907,rural,14169967
665,1,3,18.894199368626786,73.1516731382558,rural,1000000
5091,4,2,19.145572351994296,72.73422200925764,suburban,22846909
1089,5,4,18.926816477424076,72.81684261076116,suburban,6723139
5024,3,3,19.11307935460771,72.88636044083086,urban,39435725
3321,5,1,19.068162630207503,72.83589639255321,urban,27485186
7009,2,2,19.08348925309817,72.86707255852359,urban,57937480
8193,5,3,18.977637808701132,72.76466081385978,suburban,41100751
9954,1,1,19.122059924135304,72.89320534134394,urban,78613817
571,3,1,19.059940414018225,72.86066328277651,urban,3998589
4080,3,1,19.173716095290764,72.80176723001318,suburban,18871815
8462,1,1,19.110211277192985,72.91367616028673,urban,60811740
768,5,2,18.963220752179968,72.98598409419941,suburban,4994651
2962,1,3,18.962410108443116,73.00830533457315,suburban,17478091
9960,4,1,19.02954595156777,72.90081299986056,urban,79579879
1515,1,3,19.097994766717502,72.83759905366887,urban,15051804
9775,5,3,19.041024736458912,72.90649085111804,urban,77511922
8484,1,4,19.08189895782466,72.90986289905857,urban,58840717
906,2,3,19.1444744134906,72.93076147647064,suburban,19049756
7884,1,2,19.171257004528304,72.980029275561,suburban,32255021
6549,1,2,19.097620052985206,72.92673906405291,urban,50093152
6669,5,1,19.033871959137535,72.840722107254,urban,67145435
8482,4,3,19.238653339073085,73.10846870698673,rural,29634588
1485,4,2,19.09436329400971,72.84096908884567,urban,9625418
4985,5,2,19.036319139956213,72.8737165469993,urban,45980483
9401,5,2,18.988410164673667,73.01061649159952,suburban,49288759
3118,5,1,19.13774286678735,72.7464677220158,suburban,12757983
6789,2,2,18.97564417261233,72.81822366237554,suburban,35268897
7428,3,3,19.020036621760262,72.95546917696497,suburban,36468159
5868,1,2,19.079076760984094,72.89222300587096,urban,43688006
5121,5,2,19.21508551464804,72.75431280790038,suburban,26858009
8066,5,1,19.102094983288445,72.85750731032925,urban,66362926
5170,5,3,18.971241518943685,72.78190603606801,suburban,32038786
8158,4,2,18.840186599088142,73.13301516282036,rural,19756903
1503,5,3,19.100674512888176,72.84207436132333,urban,15739966
8004,1,3,19.028620730492,72.87959055419616,urban,59317550
2966,5,2,19.08414769606622,72.8311851070117,urban,28508850
2439,1,1,19.077537111478,72.88115702083655,urban,13848016
2135,2,3,19.0312494901265,72.89885852851147,urban,17013706
8595,3,4,19.14702897017844,72.74825407861748,suburban,34653270
6765,4,2,18.85431612028037,72.59392236808718,rural,22615384
2395,1,3,19.104186357858545,72.84374341976155,urban,27629132
7024,2,3,19.03081423866996,72.88827589506806,urban,61549564
1573,3,3,19.067069164248885,72.91860772764305,urban,17666853
5684,3,2,19.06095932635631,72.8687548350998,urban,47229202
2902,3,4,19.078600054304893,72.90734006656322,urban,34097638
5395,1,3,18.99917009458992,72.73351793428377,suburban,23657792
7831,2,3,19.11009772611744,72.88026184834561,urban,58724053
9843,5,1,18.810201020639,72.71998688712736,rural,36201458
2456,2,2,19.178395942980995,72.78275844118134,suburban,11586993
7523,2,2,18.951843746109148,72.94081636525041,suburban,32996296
4407,2,3,19.038642325570965,72.82835756077137,urban,26432526
1307,1,1,18.959808621993282,72.95478440447717,suburban,1642531
8878,1,3,19.157997248251434,72.97760846915467,suburban,52988164
5327,1,3,19.062719600833198,72.87719322710414,urban,40402884
5024,2,2,19.0687341457795,72.90996652469845,urban,34946946
9999,1,1,19.230442095123678,73.15790451999847,rural,27055267
2784,3,3,19.098178221503627,72.86820396163405,urban,24365049
5813,1,2,18.996566703549522,72.76616526270001,suburban,19302821
1257,4,3,19.07099364531036,72.87435538430655,urban,7514177
5387,1,3,19.03188564847677,72.92009959806279,urban,33452402
4354,1,1,19.110689669644625,72.86749927875425,urban,40309472
4058,1,1,19.102495061316056,72.85902791757086,urban,30221097
1461,1,1,18.952957820698725,72.97936917165642,suburban,5532939
4347,4,3,19.13165229972581,72.73115780781912,suburban,21865833
7226,5,4,19.205338806798647,72.79720838023464,suburban,32307067
4075,1,1,18.968680690340534,72.74307768037738,suburban,21943630
9567,3,4,19.05289290260078,72.88844148003194,urban,82973934
2918,4,4,18.953609720010654,72.80506078548169,suburban,12878424
4698,5,4,19.007252572628637,72.99759050777683,suburban,29849263
1501,1,2,18.938246564544833,72.99470888704927,suburban,6039140
5744,5,3,18.959895962314576,73.01412667271708,suburban,26210900
7619,3,1,18.984710805970415,72.7357197249281,suburban,42634326
4566,4,3,19.114243524024783,72.91801920210403,urban,28183958
3345,4,3,18.98661876923397,72.74173609924927,suburban,10585701
9349,5,2,19.029815897355405,72.89128363565202,urban,81374261
5816,1,2,18.97893810757055,72.80018453408127,suburban,26721799
922,2,2,19.031507085829297,72.92228773907071,urban,13642795
7215,4,3,19.249890059095197,72.67115177310492,rural,20956958
4766,2,4,18.95289794813392,72.94926092087367,suburban,11518497
8049,4,3,18.951098814723597,73.00669526383471,suburban,44450281
6816,1,2,19.173631200950947,72.73313906495217,suburban,35075337
3210,1,3,18.90419245175737,72.65489083103537,rural,4178849
9144,4,2,18.97732093755694,72.78721656970804,suburban,52261899
8569,5,2,19.119688399885057,72.83260574492041,urban,71215875
2157,1,1,19.249009331821505,72.70778685349336,rural,1000000
3041,1,4,18.995789391935162,72.80476909668798,suburban,20834491
7263,3,2,19.15872894217257,72.96822078614579,suburban,38088612
3575,1,1,18.90265165380959,73.08596859901922,rural,9060359
3664,3,4,19.080916598235774,72.90133362265468,urban,25852551
2553,1,2,19.107698787341786,72.87922966945175,urban,15150060
8979,1,4,19.211491659152696,73.00620755078774,suburban,51422568
6237,5,4,19.150542875902,72.76052794716666,suburban,35012861
3717,5,3,19.16361297006,72.95068078406447,suburban,25266266
1947,1,1,19.14596119595429,72.75795917259502,suburban,6650050
6509,4,4,19.127898051509792,72.97285667139442,suburban,36780815
1107,4,3,19.011756554604123,72.75131175469986,suburban,4974286
5052,1,4,18.845943828819248,72.68145512115844,rural,16766384
2264,4,3,19.106411675356387,72.83430912395625,urban,12035899
9917,1,2,19.006739543069255,72.73843558904306,suburban,42003079
9927,5,2,19.173673586537305,72.81089761583375,suburban,45823267
9721,2,3,19.218304768283932,72.82749753290177,suburban,48635312
3171,3,2,19.113226738360314,72.8707533606234,urban,14209126
7019,4,2,19.06968142585767,72.86563471567263,urban,57210068
4462,4,2,19.128882833515533,73.00672833358537,suburban,26380937
3677,5,4,19.079106563840373,72.85326851168067,urban,21894869
4222,4,3,19.10441184920668,72.90707485467046,urban,31824672
5406,1,1,19.081292081685177,72.91816279258002,urban,50120478
7763,1,1,19.137588423072664,72.74903733353564,suburban,35892711
5554,2,3,19.002898683296355,72.81446962173482,suburban,23364926
1308,2,4,18.940368408189855,73.00646193496762,suburban,4592605
9670,2,2,19.03503270077837,72.92318306397434,urban,79172394
1225,1,2,19.156544013237543,72.7670000016655,suburban,1000000
8201,2,4,19.012714416554125,72.76248032577442,suburban,44252345
1716,2,1,19.036178931150435,72.90001436344272,urban,15729475
4551,1,3,19.04150821555728,72.87205067233054,urban,34829772
2697,5,3,19.263249882616606,72.66451557369952,rural,6465641
3306,4,4,19.2014900544041,72.81979588226059,suburban,22584606
9470,3,2,19.192260886416957,72.78604144243357,suburban,42071289
1472,1,2,19.044613127867635,72.85415642274148,urban,13565552
6134,1,2,18.90543145075112,72.6704646960065,rural,8864551
7983,3,3,19.00989726221993,72.74460235141342,suburban,45352325
2623,3,1,18.923627880408223,73.16943352894066,rural,10063407
9290,2,3,18.78726489472077,73.10296094865606,rural,23722675
724,3,4,19.28468970162057,73.11982873196244,rural,1000000
9532,4,3,18.819774252369548,73.14703633216648,rural,29867791
2314,4,4,19.06649419082828,72.92347443760261,urban,12908010
1606,4,3,19.263471020189396,72.67573287671084,rural,3171245
624,4,1,19.05923660411036,72.86479313981042,urban,6657842
3746,4,4,19.240975333944025,72.72748366250227,rural,3275076
3431,2,2,19.056152660132874,72.82948238372602,urban,31099496
3471,1,2,18.940005569603283,72.98614096770667,suburban,26916968
2517,3,3,19.1125246622941,72.85305859704731,urban,32561015
7915,1,3,19.148744573153625,73.01716340569973,suburban,29344464
2915,3,1,19.113898579316906,72.90799733012479,urban,28879491
3596,2,1,19.156977754082924,72.93113970811532,suburban,15054526
2109,2,2,19.242429240165436,72.59408017472593,rural,3884798
1217,5,3,19.02274702427135,72.77204515379444,suburban,3091851
4061,5,4,19.0495126042608,72.84378417349181,urban,36363781
9708,2,1,19.202202146239873,72.82763871061948,suburban,35869271
7282,2,4,19.03468711664025,72.88293746010046,urban,49999820
1548,3,4,19.160599234616136,72.93053515807765,suburban,1000000
8807,2,1,18.84041217532028,72.6905518952506,rural,21721311
8405,1,3,19.16310487657943,72.7527653485856,suburban,40035469
6078,3,4,19.11292530679869,72.88239247909823,urban,39644040
2120,2,3,19.04456271933207,72.90995911942787,urban,19656963
7048,3,4,19.34345528752622,72.58184662778986,rural,21622230
7881,3,3,19.085123116230584,72.87686689839435,urban,65445067
5280,4,3,18.958912788451983,73.02571798481233,suburban,34144121
4292,5,3,18.957426136505358,72.9624213443722,suburban,21771958
3441,3,3,19.159529656568367,72.82383921064032,suburban,19424075
6195,3,1,19.251941959071083,72.65908580302467,rural,12365153
6901,4,4,19.10252298312265,72.87792916478921,urban,54628840
9669,2,3,18.979691841167675,72.95086263117005,suburban,49299702
6697,3,2,19.13510009056847,73.02592959649793,suburban,41415217
5950,4,4,19.04459869995957,72.86313280557685,urban,49759265
9475,1,4,19.02753701827088,72.84435226792583,urban,74552886
8932,4,3,18.992466018068733,72.9831415278752,suburban,44403889
6374,5,4,19.09359632961831,72.91212764899892,urban,34386109
2053,5,2,19.311850941571088,73.07223521708379,rural,6120527
1512,2,2,19.027553506298396,72.90088023329983,urban,9819363
8878,2,2,19.08884793683127,72.87532834060355,urban,62295920
2381,5,4,19.036199555222016,72.8484025181264,urban,24366864
7299,5,4,19.107517230368664,72.87568514680204,urban,62662882
5086,3,3,19.22228328596194,73.0276972147368,suburban,20401361
9122,5,4,19.05181836099071,72.85081149621801,urban,71543440
8930,2,4,19.151363432042384,73.02637850788166,suburban,44244174
6947,5,3,19.331967011546705,72.5838473435283,rural,25724232
2845,2,2,18.966239619086934,72.81080344753283,suburban,16526239
575,1,3,19.075242308556838,72.92289444958743,urban,8524316
6377,5,1,18.790325945637402,73.05262880831816,rural,16636810
7285,2,4,19.084881131555598,72.8754430492253,urban,58412111
5422,4,4,19.13793628093765,72.79076928130017,suburban,33203769
8590,3,1,18.93085577752555,72.77175741189734,suburban,54432124
2830,2,1,19.048190628085898,72.90189527264207,urban,19350864
5186,5,1,19.233874428070234,73.0608023282246,rural,14015057
2402,5,3,19.06457012587513,72.91272611987021,urban,17052862
5170,1,2,19.224250647711,72.99447559753806,suburban,22627159
7643,4,3,19.052274957821496,72.87973326934889,urban,66594576
2559,2,1,18.952342210117465,72.97742758259668,suburban,8261954
640,4,3,19.20008641931643,72.94965643918748,suburban,6313992
2289,1,4,19.07380579488254,72.83516090777997,urban,23030888
516,3,3,18.963055633301835,72.99174732503133,suburban,9070291
964,4,1,18.92954655781924,73.01014515867465,suburban,12317503
4971,1,4,18.951148787266092,72.79239253123902,suburban,26995827
2327,2,2,18.94592052076474,72.81256219439396,suburban,13444909
9211,3,3,19.21227299604893,72.79536263759493,suburban,43721290
6456,5,3,19.02872674799392,72.83870009603967,urban,41060871
589,1,1,19.0255794078717,72.96039459423929,suburban,1000000
5315,5,2,19.137034126768743,72.99281178781028,suburban,28967873
3351,3,4,19.216092641484458,72.80241494003229,suburban,22532617
3343,1,1,18.78547051050725,73.16365463555684,rural,14159214
9617,1,1,19.10464505121776,72.8569991476111,urban,72506646
7043,3,3,19.03435630662108,72.8764819352846,urban,60127990
6401,2,2,19.031479113435633,72.9275473684535,urban,49576304
1469,1,1,19.061830968306474,72.9235339918389,urban,12278076
1594,3,3,19.10331209919009,72.86882909536908,urban,12271783
6624,4,4,18.908253288092595,73.06327896355171,rural,17792636
7847,5,1,19.108993520337876,72.92564404918313,urban,58061393
3695,1,4,19.012783781598632,72.9432947345385,suburban,16112581
1904,4,4,19.05203645255022,72.90980674388113,urban,13307653
7440,1,3,19.00617431432691,72.7729135250105,suburban,41291592
4790,2,2,19.27487393635102,73.12045196201818,rural,18976113
4482,3,4,19.05947631734846,72.89658508851201,urban,31868407
6055,1,1,18.88400477134422,73.12417750096918,rural,11277910
8454,3,2,18.816657203122773,73.09045993394545,rural,22975753
5213,1,2,18.945075818319985,72.79511595330021,suburban,21053520
3592,2,3,19.06943961960734,72.90955224817819,urban,23127324
4659,2,1,19.155537759517536,73.02147596700244,suburban,21107909
6808,4,1,19.278995497090357,73.09060569030677,rural,20900050
7978,2,3,19.040624633585715,72.83454923968876,urban,62032709
8976,3,3,18.993822130486173,72.78183095589219,suburban,44150103
5433,2,2,19.02739195036673,72.88560062459526,urban,39032558
5426,1,4,19.040481647989093,72.84880052785617,urban,44581054
9879,2,4,18.907887719857822,72.64963509049572,rural,30546166
4469,3,4,19.151635724918393,72.78252912823801,suburban,24290484
3465,1,4,19.070624136170185,72.86197351257174,urban,24299636
4819,4,1,19.21205971773696,73.00719032126284,suburban,31082120
9475,4,1,19.078891173296544,72.88523970935576,urban,66628035
7608,4,3,19.120664584811575,72.86765922146876,urban,56406161
9641,1,3,19.18156826845082,72.96560854957255,suburban,42997868
4439,4,4,19.017923356748245,73.00607940933438,suburban,23594612
544,2,3,19.032574040243954,72.90780397302315,urban,1815063
2310,1,1,19.050173480049505,72.8474547053277,urban,18098025
5066,1,4,18.956662960172654,72.82328677514434,suburban,27936581
9521,1,4,18.9257833301127,73.11085910429698,rural,33413381
2409,5,1,18.7886776089979,72.61965921458234,rural,7137655
6864,3,2,19.061453995975196,72.92085797696788,urban,53920408
3081,5,4,19.19853341472741,72.98712751149863,suburban,19213539
1191,5,3,18.86628523003942,72.63991978059966,rural,1000000
1431,5,2,19.013246232364363,73.02468306396482,suburban,8744302
8410,3,1,19.293161402215606,72.72429265630284,rural,18734546
6882,5,2,19.283280027089244,72.69023661915905,rural,17506187
3906,4,2,19.068814114267227,72.86912963635939,urban,30983261
8839,1,4,19.072310326448097,72.83931537790662,urban,71969189
1532,1,2,19.065309610981494,72.86134042591056,urban,3357152
1811,2,3,19.072512445876256,72.91336211668413,urban,16019440
9079,4,4,18.897082190816135,73.11886089885795,rural,27552051
3621,3,1,18.878481124685,73.0985986428639,rural,11755144
2373,1,3,19.080396793462352,72.8587325621072,urban,29886686
9607,5,4,19.22528100135923,72.99079695021857,suburban,57244541
7281,2,2,19.136267324544754,72.82362802206285,suburban,38451198
4248,2,3,19.094005952702894,72.91319922759943,urban,35865223
777,1,4,19.01032668852889,72.78748655464473,suburban,3885817
2359,4,4,19.32267771367821,72.70029831774146,rural,10635683
6429,2,1,19.098855638189065,72.92320718788847,urban,49085803
7292,1,4,19.053736924495336,72.88647156378586,urban,57887117
5213,4,1,19.099226793711033,72.89879562227678,urban,37661709
5175,1,2,19.028134609942835,72.92752891634899,urban,40174216
1670,1,4,19.11880599727688,72.83967520812726,urban,20062331
9181,4,4,18.971643322570483,72.95915564553195,suburban,50220065
9874,4,2,19.195751963058814,72.80534828432677,suburban,50953644
5808,4,4,18.996825819738522,72.82388627271922,suburban,16375676
2962,1,4,19.08961380416137,72.9022085068118,urban,25152940
787,2,3,19.072801690000578,72.88772878706942,urban,6960963
6453,3,1,19.249382755439903,72.6801807244201,rural,13065705
4782,3,4,19.280733667412765,73.08002168353818,rural,13432115
2407,1,4,19.085482487606523,72.90865386060193,urban,18716948
1661,1,1,19.072944502860565,72.83925392564711,urban,12801722
629,2,3,18.800244885213584,72.71699043430978,rural,4020118
6837,4,1,19.052107733615724,72.92133181563202,urban,51923218
2863,1,4,19.099754319794854,72.8843408982968,urban,21299470
8651,5,2,18.959224455931064,72.77442727371876,suburban,42830668
6483,4,2,19.096909867999653,72.87696739522696,urban,52035222
643,1,3,19.089430927132273,72.83222016639773,urban,8156922
8707,5,3,19.140203479256325,72.7687629524068,suburban,51815577
7969,2,4,19.148687366895366,72.95177609205336,suburban,43253552
744,5,3,18.91715494596064,72.66256124836647,rural,8042532
1426,1,4,18.87977860958865,73.15078247427385,rural,6447447
3678,3,2,19.112578278524694,72.90002629928878,urban,29820927
2676,1,3,19.07062543789332,72.92014673902125,urban,17111292
5502,3,4,18.95577617035053,73.0208045349659,suburban,29961316
1386,2,1,18.98070268990046,72.77462573685538,suburban,14517523
9032,2,3,19.116849425133665,72.8944717051642,urban,74331153
3898,4,4,19.08775856779094,72.92034635364706,urban,37983150
8997,4,4,19.125363717760838,72.84403933906586,urban,60461195
9599,3,1,19.200899698490502,72.98569451744885,suburban,38217003
3154,3,2,19.123761260164716,72.91272630111551,urban,22539416
7892,2,1,18.82148750238598,73.08510142507852,rural,23965700
1871,5,4,19.07916941235594,72.85263684497427,urban,15206743
7635,3,1,19.293557198471852,72.69586820478474,rural,20770830
820,3,1,18.817964288608234,72.72220306642714,rural,1000000
5154,5,4,19.127999399200835,72.97942777029594,suburban,24891569
5800,4,2,19.20212434596278,72.75159711766592,suburban,25173330
7261,4,1,19.132637251089843,72.99705001527758,suburban,32900526
7354,3,1,19.059305845666312,72.8511873782753,urban,52862341
6005,4,3,19.037975821311047,72.85721424972087,urban,41723900
9823,4,3,19.17184896251253,72.97546091681792,suburban,38363603
7053,4,4,19.162246856935404,73.01968978692389,suburban,43461554
4542,2,4,18.983627495988156,72.82288320316485,suburban,22852295
9509,1,4,18.965713106393327,72.98602896300308,suburban,43862879
7998,3,3,19.20229008325893,72.74095943804076,suburban,39511410
7136,3,4,19.157812643225483,72.95957119436947,suburban,38487610
7862,2,1,19.17086150487045,73.00544726032521,suburban,39485723
511,1,1,19.00383924226876,72.79860489317058,suburban,1000000
694,1,2,19.255683903764435,72.6951741626854,rural,5387533
3037,2,4,19.197608803476253,72.96766023422711,suburban,12499543
3342,5,1,18.988999245553416,72.73716318728846,suburban,16593798
2729,5,1,18.927324798865364,72.77370405681219,suburban,23148147
3509,1,2,19.00581992711956,72.95669348127194,suburban,27688248
8484,5,1,18.927317838300056,73.01022974110194,suburban,48866905
2577,5,2,19.034515261435892,72.86413791099999,urban,18447262
8345,5,2,18.91303614491051,73.07439220427997,rural,23254610
4367,1,3,19.06485552966367,72.911427658999,urban,29600506
5373,5,1,19.04103766713104,72.85830639488536,urban,41410011
9135,3,3,19.052111724432162,72.8573141647137,urban,72968915
797,1,1,19.06206234748071,72.85213117499337,urban,1000000
6356,2,3,19.220258127222312,72.78568982860874,suburban,26496894
9536,5,2,18.979234138997267,72.80925680981387,suburban,49941596
1515,4,2,18.883243787353276,72.70898602159612,rural,3902476
1884,1,2,19.105194647473127,72.86712849219157,urban,12478361
9245,2,2,19.094899253943353,72.86659542901707,urban,63534529
2850,3,1,19.042407732363635,72.86741680613314,urban,19743794
1769,2,4,19.181698739548164,72.9317994314077,suburban,7035406
1760,5,1,19.33739119535072,73.1566955386563,rural,1000000
8201,4,3,19.12600935938583,72.93502663690222,suburban,38667319
8876,5,1,19.102555572104126,72.91124356467613,urban,67869940
5063,2,1,18.848447930425106,72.64869201881542,rural,15523064
7397,1,3,19.11027530519682,72.91067695830839,urban,60676126
6172,4,2,18.986782865427784,72.79477329295285,suburban,26805646
6093,4,3,19.023383186166207,72.74170511014816,suburban,29856182
6655,2,3,19.070134424654288,72.89460778473874,urban,50104243
6043,5,4,19.090574936031054,72.85429740660564,urban,47357267
7740,2,4,19.12032786045141,72.92633299793327,urban,57857363
5183,4,2,18.847101647855574,72.64349288027445,rural,8819494
2381,2,3,18.977421259182176,72.73318129463222,suburban,14130298
9213,4,3,18.909806273561692,72.58826790735128,rural,25331005
4309,5,3,19.20091553535421,72.94808733092322,suburban,23376182
6307,1,1,18.946887822966268,73.01957181721149,suburban,30714151
5383,1,4,19.134442438426902,72.9710388855825,suburban,24081918
7706,2,4,18.805631584381064,73.06392076166216,rural,25457775
4655,4,2,19.048097632909816,72.91431764015407,urban,34595030
5173,1,4,19.07727125796642,72.87924221718703,urban,40920216
1909,4,4,18.9885994384518,72.81734947685814,suburban,11758631
5697,5,2,19.29001050724737,73.09955315848295,rural,18194851
7952,2,3,19.27881051656976,72.6667110709529,rural,27906533
9218,4,1,19.20125672946336,72.92998557695039,suburban,43325867
2672,2,2,19.124994392435035,72.92167677413678,urban,20728240
779,4,4,19.10959558994961,72.89061737473374,urban,8073660
4477,4,2,18.88427118167521,72.629535408293,rural,11233602
3169,5,4,18.997844183896934,72.95323296244085,suburban,20499855
8325,2,3,19.090114696903353,72.85700622692825,urban,57963983
4481,3,3,18.842650021673222,72.59281438972188,rural,18849688
5269,4,3,19.122597373612752,72.87503479786733,urban,48875275
5747,4,4,19.13609083376459,72.93320393937296,suburban,27555132
4927,1,2,19.000124104327014,72.74332866727968,suburban,23501242
6635,2,4,19.114454628687007,72.88662534982119,urban,42206430
6073,3,3,19.06954572475905,72.85475679280857,urban,44139521
4631,5,3,19.084310883442324,72.88950247782363,urban,49240597
7689,3,3,19.165294756374188,73.02135954218274,suburban,41854920
5035,5,4,18.942251879939846,72.9897390747369,suburban,30150758
3276,3,1,19.09966191578787,72.85072545308837,urban,23435850
9811,3,3,18.83650859525021,72.66734504854709,rural,27834859
8197,2,2,19.06732405755279,72.85872808294542,urban,62369674
8886,1,3,19.037222208170842,72.91008282286599,urban,60233792
1162,3,4,19.07585825564346,72.86233562722714,urban,11454347
9171,4,2,19.076496424970294,72.90315831175084,urban,74679779
8544,4,4,19.228744308982886,73.10971276408604,rural,34483786
4718,4,1,19.11530701915151,72.88329716587879,urban,38386222
5560,1,1,19.139732284253906,72.7888316784715,suburban,26732386
6374,3,4,18.919109928941634,73.16039736460965,rural,17525094
6081,5,3,19.022940887215363,72.92790155741002,suburban,34617101
2514,5,2,19.071592008722266,72.83798176942291,urban,25201221
4289,2,3,19.354431278398334,72.69729195888614,rural,16483399
9603,1,4,19.00822785261517,72.73502437022775,suburban,37116329
7648,3,4,19.098395339664428,72.83209960300728,urban,64477590
8266,4,3,18.973729829576065,72.98524524367448,suburban,36443880
2864,1,2,19.274263437544647,72.59990857096719,rural,1163380
4129,1,2,18.963464515172294,72.78827530860423,suburban,19057181
6419,3,2,19.006208245420495,72.95156593546287,suburban,35485254
6175,2,2,19.37299078194287,72.58149746255205,rural,9160359
9372,2,2,19.136235103032572,72.76866567620701,suburban,44040595
7138,2,1,19.102168671297076,72.88049837252785,urban,55904039
5151,4,1,19.077058680599563,72.8923459868221,urban,43099065
1109,4,4,19.138641844484898,72.99541617296666,suburban,9305848
8440,3,1,19.108014706563445,72.84157068337049,urban,69223380
4366,2,2,18.88088794263254,73.17023695610233,rural,16700141
871,3,2,19.2189300999754,72.99660351031119,suburban,4932861
7498,2,2,19.15778262843605,72.93675337583691,suburban,37538065
1115,1,4,18.94555312475377,72.76581732053577,suburban,1188647
7411,5,4,19.217490817067628,72.94534984670216,suburban,35894501
6510,5,3,19.030977061082222,72.84178649367577,urban,44536429
2753,2,1,19.06972723484433,72.90982073693884,urban,28465138
5442,3,1,19.199313269075006,73.0251064391046,suburban,26646601
1364,4,3,19.283202832823935,72.70388137976373,rural,7708246
1768,2,3,18.999560244370553,72.80325281558129,suburban,22758433
7954,2,1,19.04000812079006,72.87655675792261,urban,71626471
9476,4,2,19.118009832731424,72.90251889315984,urban,78525994
5071,2,1,18.79967340057601,72.60699071100177,rural,10660401
5729,1,2,18.819655844555324,72.61456156408656,rural,18418476
2737,4,4,19.11202623666198,72.87347473985223,urban,22939169
4554,1,1,19.127635973950937,72.76336158913863,suburban,17515013
1435,5,1,18.970823770332316,72.94894153008472,suburban,4044271
6894,4,4,18.98598725497545,73.0251686073844,suburban,39802520
8391,4,4,18.811715059236917,73.05486105545003,rural,28472723
825,3,4,19.063971183556923,72.87696275323005,urban,14468879
8274,3,4,19.022977548793452,72.98700092280747,suburban,41276586
4361,4,4,19.082167714542592,72.82859783842568,urban,32805145
2485,5,3,19.058143313899752,72.9045666056013,urban,15968758
5432,2,3,19.176108155252706,72.74881126716544,suburban,18841096
5103,3,4,19.111492057515097,72.82844435885522,urban,35728088
3278,5,4,18.99986745081556,72.98258017266011,suburban,15133519
9962,5,4,19.093979018013254,72.8733588786282,urban,72143851
9332,3,4,19.139014133050768,72.77837846452427,suburban,45218284
8254,2,2,19.10384432746887,72.86903486404965,urban,72493577
4578,3,2,18.994116192516667,72.93667196824688,suburban,20340092
1867,5,4,18.98208655724776,72.96238619795022,suburban,2125279
4542,1,4,19.33278926556726,72.72169897796394,rural,12681387
3075,3,1,18.796704215872705,73.09597498792105,rural,10583651
7254,5,4,19.07467918407167,72.86667929184834,urban,53163740
2081,3,4,19.037011952392337,72.84033562156826,urban,21156901
2486,5,3,19.008091075826233,73.00695646408977,suburban,23093813
2740,2,2,18.93118762182246,73.00871701665366,suburban,11981877
4466,5,4,19.098039362939573,72.83246322086784,urban,40007999
8104,4,2,19.082838936698653,72.92180569099217,urban,67355453
8820,1,2,19.02208898166075,72.79859834814864,suburban,46096690
6468,5,1,19.311461236679925,72.71026990592442,rural,23757151
9543,3,2,18.81800758448187,73.05236578024032,rural,30075198
7993,3,2,19.03202044619499,72.8426624480257,urban,56549540
4603,5,4,19.054011036318222,72.90730990674122,urban,26255711
2576,4,3,19.11101368891234,72.84973798143663,urban,22406108
5731,5,4,19.016421617447453,73.01249537823473,suburban,29324427
3494,2,4,19.01021445636013,72.77192832148494,suburban,9890401
4244,4,3,19.019048505794824,72.81932787663517,suburban,21927975
6094,5,3,19.191226232559867,72.94550085094707,suburban,31559869
8031,1,1,19.101043017679498,72.8838004853628,urban,62169902
7871,4,3,19.037606770437034,72.92652198283122,urban,66585727
2144,5,4,19.299505044434426,72.65988902781991,rural,2574227
3644,1,3,19.112386826347134,72.87333677340315,urban,17741753
742,5,3,19.06788029859363,72.8372909382567,urban,6242843
4585,2,3,19.218651174638907,73.01207748477192,suburban,26635582
8454,3,2,18.950667871243123,73.0039729426274,suburban,49081808
7769,5,1,19.318048320490803,73.06595432051184,rural,19927412
7630,4,2,19.04138097024829,72.89459059986874,urban,62164676
7328,5,2,18.993398828834824,72.82408179424648,suburban,33055288
8862,5,1,18.960510086181642,72.80370856967781,suburban,45672805
9344,5,2,18.863776675099807,72.62379298041857,rural,13375503
6831,5,3,18.995145290283883,72.81311808201424,suburban,34582652
4012,4,1,18.83076588831099,73.13877102577962,rural,12253346
1999,4,2,19.092427240888814,72.84562795096515,urban,14736838
2658,5,4,19.148181934348997,72.98083172402801,suburban,8311694
5662,3,2,19.192159544123648,72.73212233757584,suburban,28735163
4539,5,4,19.08305108323094,72.92002991826732,urban,45980272
2535,4,3,19.04365289766516,72.86438509033849,urban,17108331
8477,2,4,19.013638316501023,72.7634962281686,suburban,39310197
1357,5,2,19.092418231943565,72.88191270483634,urban,11707773
4323,5,2,19.337939130169666,73.033081594457,rural,21142271
7270,5,2,19.148209620792937,72.93985619686917,suburban,31631377
9741,5,1,19.10904369163616,72.90418704192918,urban,71488297
798,1,1,19.015525429106102,72.74694707863239,suburban,6627140
7744,5,2,19.099190861101185,72.92550702798184,urban,54271202
1423,4,2,19.0065558822882,72.97813819608186,suburban,4006665
4732,4,3,19.16936563507717,72.82223469170819,suburban,34048908
4806,1,1,18.835686204118158,72.6849493780414,rural,20766608
3299,5,1,18.99201080024754,72.80760190679553,suburban,21052398
7078,3,1,18.903227901714924,73.16016169413766,rural,21264562
5375,5,4,18.94861496964059,73.00304611058716,suburban,25450889
5826,4,2,19.146844776570838,72.73989407756999,suburban,30002627
7082,2,3,19.008679377095227,72.78479774075109,suburban,32047896
2302,2,3,19.163600784112994,72.97736877710102,suburban,19372557
3157,3,2,19.091704427407272,72.92129178040885,urban,25847707
3846,5,2,18.873777597852957,72.67433907292452,rural,10793652
3449,1,3,18.972940906847892,72.78481605603793,suburban,17229028
1441,5,4,19.115103606719142,72.88675866060473,urban,10527995
2407,3,3,18.898234509086674,72.6577571166497,rural,9061220
5337,3,4,19.069220735711088,72.85394318788654,urban,40978922
8605,3,4,18.855151728841424,73.09468192281466,rural,39554003
1743,2,1,19.116343065233607,72.91623409508475,urban,11530442
6196,5,2,18.95003835715494,72.96779465776123,suburban,36508151
1966,5,1,18.954353462260404,72.98851192350031,suburban,20112807
4457,1,4,19.013588847250514,72.76587162197046,suburban,8355840
2466,3,3,19.034581647067043,72.86161712990709,urban,18000447
875,3,1,19.07690142914471,72.89630094948315,urban,15721142
762,4,3,19.034963492955626,72.91498061932889,urban,1000000
4862,4,4,19.232081843061223,72.59904654997892,rural,20164354
7002,2,3,19.041352330432737,72.90773238271537,urban,55296836
8333,5,1,18.93998355627962,73.02592658292863,suburban,50060898
2393,1,4,18.847032332586405,72.71612662601905,rural,4181082
8606,1,2,18.899825921314047,73.03720823771887,rural,25665753
2152,3,1,19.038635551801438,72.89063408430124,urban,11595448
6040,1,1,19.31986205968447,73.05749678080494,rural,14649530
4392,3,2,19.06073677731959,72.91820943709634,urban,30520776
1099,5,4,18.931171526774627,72.73280111857004,suburban,3820376
5315,1,2,19.1513805005312,72.81563446481898,suburban,27241382
2412,3,1,19.062003913109702,72.91080390118192,urban,15513960
9984,5,4,19.100499005261675,72.85534682961735,urban,66687738
9292,5,3,19.127701523368973,72.80396842410491,suburban,49882404
9072,3,1,19.01810025277874,72.99352725997167,suburban,46850740
4713,3,3,18.90059091164602,73.11714773511282,rural,16985645
4137,2,2,19.073797814635405,72.9230245807529,urban,31942071
9790,5,4,18.909775522955226,72.66670614969456,rural,24569020
6099,3,2,19.16463140174596,72.97016396090054,suburban,38740154
6948,5,3,18.82616546756306,72.7242647062342,rural,19317374
9057,1,1,19.15935118446984,72.99046952471468,suburban,39733686
7882,4,4,19.323629244067057,73.12576510797591,rural,30213107
9482,4,2,19.05064647645692,72.86472823950231,urban,81740600
4069,3,3,19.15019584605367,72.99598080778188,suburban,7223848
8207,3,3,19.047638700664205,72.91611048087998,urban,58537477
1246,5,1,19.072066261507114,72.84040532232918,urban,10753309
9004,3,3,19.14729655880916,72.98168505631304,suburban,47251387
5133,5,4,19.21112219365945,72.77822645925978,suburban,30558182
1420,3,3,19.036182648093835,72.89455931329948,urban,24908024
9769,5,1,18.937421514764733,72.95699304755573,suburban,44469859
7508,3,2,18.980335526202182,73.02383342263276,suburban,38479016
2881,2,4,19.090397697103025,72.89485012545306,urban,15808742
4118,5,2,19.129976137559378,72.78313501986757,suburban,23535631
9489,2,2,19.157585882937195,73.00985990243369,suburban,55580481
4943,2,3,19.125557269873532,72.84491544243727,urban,24100562
772,2,3,18.986294576381457,73.0086640216323,suburban,1000000
2273,2,1,19.141372184632914,72.78493874430062,suburban,15346584
3047,1,3,18.778969108864498,73.096137729354,rural,10598417
3664,4,3,19.11479655192339,72.84348717140945,urban,25416461
5280,1,2,19.33329572018727,73.06934107088172,rural,17616622
1446,3,4,19.11347049111016,72.85694330409633,urban,19239710
1006,3,3,19.160536567019083,72.79530109634807,suburban,8706810
7219,4,4,19.069450338202863,72.87052928208024,urban,64147485
8935,4,3,18.864687256143323,73.16514466207349,rural,27457456
9197,4,3,19.022962109165586,72.94554370062409,suburban,46413120
6860,2,1,19.08508586063145,72.92287348037412,urban,53613668
8157,1,3,19.09544351071909,72.84712416733987,urban,66131961
4090,3,1,19.03806442186273,72.87977597753145,urban,23934412
1692,1,2,19.092526273614236,72.84426367379686,urban,14567566
1964,1,4,19.186169301038273,73.01420286839297,suburban,8722315
890,1,3,19.19241910808818,72.74876689454901,suburban,1158499
6115,4,1,19.25657471837168,72.72198507544614,rural,12485216
6606,4,2,18.789022648599573,73.0610217391876,rural,9408078
9364,3,3,19.195156724913538,72.99223254594196,suburban,44682374
3060,3,1,19.074613034744683,72.86969208417808,urban,21590800
6367,3,1,19.117689869661827,72.82865143608772,urban,53519252
1711,1,2,19.131348962602694,72.77844875344974,suburban,13966703
9621,4,3,18.985176978689676,73.0274848519559,suburban,44687151
2039,2,3,18.938259204401177,72.79084254357544,suburban,5854147
9604,1,4,18.810801429751635,72.60656358586144,rural,23509362
1143,5,3,19.360391227197095,73.1727987885193,rural,8026433
9193,1,1,19.048266666778073,72.87941131070514,urban,66012628
9421,4,4,19.124953322367563,72.85699268596831,urban,82743472
1783,5,4,19.31863989855992,73.1317975496105,rural,5764170
8180,1,3,19.314268868423326,72.68052394910464,rural,24760686
7845,4,4,19.097475357070604,72.9103266427479,urban,58894691
4886,4,1,19.006031760540804,72.93115747056856,suburban,33845807
1419,2,1,19.164675420041643,72.94567224119122,suburban,9350205
2839,1,2,18.974349919394292,72.9427127952612,suburban,11487574
9447,4,1,19.098730654251273,72.88120581715162,urban,66229770
6430,3,2,19.361554967403272,73.05103544365035,rural,21284893
5902,4,4,19.142319045938663,73.01529019264466,suburban,27581034
6163,2,2,19.065999588164285,72.85827482578487,urban,46515928
5775,4,3,19.153931609542926,73.01367273459908,suburban,25225870
1007,1,2,19.214059305465383,72.93945168294839,suburban,1000000
1936,1,3,19.327426864169766,73.16226361411293,rural,1000000
9250,5,4,19.05730900727103,72.9189965709186,urban,71897681
7854,1,2,18.918870009525477,72.65576067652167,rural,15804060
5016,5,1,19.04060564138908,72.86719501111814,urban,38687910
4122,3,3,19.19825997399835,72.96438684445543,suburban,17612441
4899,2,4,19.204189549790634,72.72882845889727,suburban,23723313
5537,3,1,19.21063432881591,72.73374992501876,suburban,31997333
8611,5,3,19.224035428981672,73.00242842547571,suburban,45267068
4215,4,4,19.330002282387444,72.59268772598375,rural,8585532
8337,4,4,19.20212051709477,72.9493009933697,suburban,42794955
1801,3,1,19.170721324217922,72.81159326690873,suburban,12535375
7870,4,4,19.061639301763297,72.84611191429617,urban,64983227
5685,5,2,19.05162511591706,72.83119489803906,urban,46051158
2655,2,4,19.03506229828934,72.88696247353862,urban,30280518
6911,1,3,19.35593267421417,73.09497956200983,rural,13871563
6865,5,3,18.94502668987707,72.7920231089542,suburban,38495296
1192,5,3,19.278564863868645,72.6312926967842,rural,3148044
1978,1,2,19.12378396542704,72.83531777685566,urban,20191347
6896,1,1,18.975476715047744,72.79907035869479,suburban,33953997
8948,2,2,19.068830697991093,72.85836655876099,urban,78722303
941,2,2,19.151003763828292,72.94594986141976,suburban,5536309
3146,2,2,19.048219993709367,72.9050526196376,urban,28270425
5709,4,4,19.074503860915435,72.83492280213562,urban,44190020
7033,5,1,19.009455732234628,72.73840953558778,suburban,38035213
5177,1,4,19.04443331787217,72.89807649152009,urban,36693420
7711,5,2,19.20832617444285,72.79463468524416,suburban,42039047
3145,5,3,18.996655002971686,72.81969382822794,suburban,8026360
8710,2,2,19.20114320191149,72.97356802788883,suburban,40682689
9816,2,1,19.280901078325915,72.65886247659957,rural,24197671
8433,5,3,19.087218419491187,72.83405659795247,urban,75416499
5976,2,1,18.94526118265527,72.81038330528467,suburban,25980477
8428,4,2,19.293482378457835,73.14372403203183,rural,21827916
2580,1,1,19.14642003721857,72.75998208525623,suburban,8419113
6589,5,4,19.038399826083488,72.92072961014713,urban,54201839
7896,1,3,18.9013416394338,73.06191978988741,rural,20588404
8297,4,1,19.073029188937145,72.91966073225244,urban,61730770
1361,2,3,19.052405573871226,72.88188521307494,urban,22260818
8846,3,3,19.067145873709276,72.86130094108405,urban,69024120
3994,4,2,19.08321526912636,72.88358929011689,urban,35652101
1404,3,2,19.0619366600884,72.9127563296566,urban,14086915
1769,1,3,19.031317210774954,72.83622383951673,urban,9559960
904,5,1,18.926921874003327,73.00246829120512,suburban,2383922
9535,2,3,19.08627010751388,72.86968604260265,urban,67377464
1684,4,2,19.088922687873232,72.83695847056087,urban,8460479
9438,2,1,19.201776916830216,72.77362569528562,suburban,46929889
2225,3,3,19.089747525770765,72.84286925371785,urban,18916478
8962,3,2,19.073755011497806,72.83348222492194,urban,68031478
6311,5,3,19.200542955929187,72.77751684784317,suburban,34936818
6106,3,3,19.122854938167205,72.92175985189674,urban,46418827
4456,5,3,19.121283199682612,72.8497970242217,urban,42183859
671,4,1,19.1988569595719,73.02223821372024,suburban,1157289
8965,5,2,19.004583965606685,72.74591875361178,suburban,51127624
2806,3,2,19.19632353863865,72.79834471224645,suburban,18265483
9850,1,4,19.319640470179507,72.65527992127964,rural,14738149
921,5,3,19.014830033453762,72.8141086448952,suburban,1000000
6040,2,3,19.15187602876289,72.98963386310928,suburban,21822876
9901,1,4,19.09439707861479,72.90457984021057,urban,76742317
5175,5,3,19.007283242978083,72.7357176164585,suburban,21962682
9582,2,1,19.088678080215427,72.91859288547482,urban,77855849
7248,1,4,19.15258687496192,72.78552867980281,suburban,30870387
6603,5,2,19.17161818211571,72.77705992704023,suburban,35409948
1973,4,3,19.132403921308438,72.82445339807663,suburban,6620543
3743,2,2,18.89763000315861,72.61388174867713,rural,12303491
2681,4,3,18.877125953842544,73.0345674897745,rural,6513995
3596,3,4,19.095167934261312,72.9267164893337,urban,26486458
7146,5,2,19.05864604050996,72.90789962869654,urban,52708313
6382,5,3,19.356064473739814,73.03492713082377,rural,13493589
6482,2,1,19.172620270436997,72.73127577934629,suburban,33660286
6298,5,4,19.002485649010136,73.02516683074077,suburban,29739519
8915,3,3,18.93775217724025,72.94501284947187,suburban,57107904
8911,5,3,19.16712916088862,72.73049818268485,suburban,53877028
8956,1,3,18.864680799048788,72.63173355139344,rural,23384555
9645,4,4,18.995613692336867,72.96738710510448,suburban,47761000
5024,3,3,19.000729950870383,72.74596452995964,suburban,24729737
7059,3,3,18.955521006829372,72.98109289699576,suburban,43306900
8120,4,2,18.852075428969894,72.60320763617088,rural,33735832
3274,4,2,19.013810223508504,72.93178019621315,suburban,8110206
6173,3,4,18.992956685416598,73.02082446965741,suburban,38194903
3624,4,4,19.291442583675224,72.6430302619774,rural,9040944
9171,2,1,19.21658110823833,72.78189781306328,suburban,41239248
1853,4,3,19.085708803915846,72.88999810461503,urban,21932790
9581,1,2,18.949466992720698,72.7343715858449,suburban,47300926
4354,1,2,19.161207660660732,72.97677710157475,suburban,28203601
8634,2,3,19.123998238183653,72.92482350066138,urban,70441690
1424,4,3,19.148969551280523,72.9773895361562,suburban,10144828
2670,1,4,18.989201721763298,72.82453158944585,suburban,21745491
6006,5,1,18.986292404531298,72.96417046322232,suburban,30723953
2895,4,1,19.149030957708632,72.75280442855527,suburban,9743743
8720,2,4,18.955345636853725,72.79083748909184,suburban,53502938
8726,4,4,19.2510850023103,72.70405941794456,rural,25327280
6015,3,2,19.117491524180885,72.84199867048329,urban,47332504
3170,3,4,19.033370461784383,72.92116372068219,urban,22653726
3865,1,1,19.01426730561342,72.80266330802344,suburban,19556934
1088,3,2,19.206291789296024,72.96197578136574,suburban,7387217
3638,2,1,19.082804851319874,72.83492482626278,urban,22491597
9595,1,3,19.09630668772678,72.88142773578234,urban,67404891
7163,2,1,18.968741194948084,72.72828957556746,suburban,30760377
4586,2,2,19.09167959002879,72.87357410972298,urban,34995717
9031,3,1,19.1531893124888,72.9970544791663,suburban,47599521
4770,3,2,18.940350489187647,72.73981307648135,suburban,30296530
6519,2,2,19.158557256606773,72.98065804504382,suburban,44926130
1056,3,4,19.053735608402963,72.88285753777772,urban,10889047
8522,3,1,18.960206582583695,72.98675712869104,suburban,40463579
5952,3,4,18.996136388144603,72.79046583149454,suburban,18976250
4067,4,4,18.83594620587446,73.02797950780061,rural,13463650
4399,2,1,19.264064277870297,73.1536872329969,rural,10205805
6977,5,2,19.054389314103116,72.83790711536275,urban,52989402
8000,2,3,19.04652019470587,72.8453568398919,urban,57876746
1516,1,1,19.04974353592851,72.85116449022975,urban,8567593
6970,3,4,19.0739838648901,72.85966413807375,urban,56036671
2562,3,4,19.181982175085544,72.96211346243409,suburban,16965923
9530,5,2,19.221079247778373,72.7873081546645,suburban,48709317
4821,1,4,19.049957824736783,72.83788581642031,urban,40916615
3996,4,3,18.99152360901871,72.76318857658198,suburban,27591412
2313,2,4,18.889568648295853,72.6126111421036,rural,5033075
6756,4,2,19.14881959751247,72.76009528494073,suburban,40912480
2813,1,1,19.09387627158786,72.92539413502962,urban,16526402
1731,5,2,19.209135328719615,72.81169894596371,suburban,11517981
6331,1,4,18.983767843656754,72.72853305867666,suburban,29286179
3499,5,2,18.906933192084363,73.16400963080245,rural,12528826
3940,4,4,19.057945150171275,72.8630407979731,urban,21338668
4556,4,2,19.154682204512184,73.0130243793167,suburban,29498899
805,1,1,19.20767384190852,73.0271376816505,suburban,2492386
2189,1,4,18.99138570735657,72.75657476065872,suburban,12938216
4417,3,3,18.94734822161166,72.94300973946463,suburban,18811380
7580,5,3,19.103366677334176,72.90382313354067,urban,67918729
9111,3,3,18.929640699439624,72.93354113807844,suburban,47811541
3436,2,3,19.073655358179145,72.85867635283921,urban,25279579
4362,2,4,19.05697895136725,72.845312860669,urban,23653747
6149,1,4,18.94470485969748,72.73689309556156,suburban,28380727
3761,4,1,19.041489891175832,72.85054529998719,urban,18371401
9856,2,2,19.076898748385418,72.9068172033301,urban,75667126
2319,2,4,19.133145552476496,72.99138129856584,suburban,15076827
1842,3,3,19.223145706787626,72.73782265691483,suburban,12823636
6060,3,4,19.036616387758272,72.87650363828543,urban,43066141
2726,2,3,19.142524656699837,72.98773555507832,suburban,10779563
1579,1,1,19.103063098336897,72.89210026006496,urban,11770688
4706,3,2,19.083160459428726,72.91022271579654,urban,34124858
6780,2,4,19.176027303083494,72.80071482596544,suburban,26138587
7735,4,2,19.12170626321978,72.88781593633442,urban,56843337
1313,3,3,19.320442917355916,73.16791260218895,rural,4241207
5589,2,3,19.12563574617148,72.84366620435331,urban,40617525
2531,5,2,19.179703984301234,72.94899008410144,suburban,13121179
9014,3,1,19.251586086425267,72.69432068427113,rural,23601854
9595,5,2,18.8779952991464,73.04789075517783,rural,40782707
6411,3,2,19.14806755972922,72.96935689951434,suburban,33416237
3153,3,4,19.241732231492268,73.162140785062,rural,9585541
3840,5,4,19.352138367868278,72.66599698741177,rural,8483306
8376,1,3,19.03678945214943,72.88826027248008,urban,65879700
1641,2,4,18.943180674509136,72.73768855178598,suburban,8565294
9541,1,1,19.058102656983348,72.83778766568615,urban,63113963
9058,1,1,18.948559021073198,72.80013097288789,suburban,51979803
3397,2,1,18.933110269547118,72.75247842696751,suburban,15736138
9781,4,3,19.02681545944594,72.90644079258804,urban,78067939
4541,1,1,18.97074997630213,72.75566655906374,suburban,18620041
2538,1,1,19.113204784997063,72.90503249790144,urban,21508565
4770,1,4,19.359625837108194,73.07886441239863,rural,15463882
5183,4,3,19.041173143992392,72.92070885079471,urban,33597361
994,3,2,19.008317079644215,72.81576827662886,suburban,8560130
7616,5,1,19.10313817267601,72.91665292349829,urban,58809347
2284,5,4,19.107091345649643,72.88402385528714,urban,14972349
4010,4,2,19.225388425077774,72.82081459355066,suburban,29215551
4286,1,1,19.068771386171377,72.87321223487055,urban,28093748
5766,5,2,19.13875948936513,72.82435670256463,suburban,32074397
9690,4,2,19.25222802996709,73.1002008134107,rural,22429068
5928,2,3,19.039792773650227,72.91539789841039,urban,40030942
7181,5,3,18.787805794801038,73.1723324312882,rural,25817451
7393,2,1,19.103101650479587,72.91127847552427,urban,54460476
5158,1,1,19.091892205912067,72.86072431047026,urban,46364746
7582,5,3,19.041638699843354,72.85142733071582,urban,57471003
7369,4,1,18.799937892289257,72.62328541425698,rural,18274331
8107,3,1,19.028940507718044,72.8543204370434,urban,58170987
8169,5,3,18.816665376031136,73.10455808526426,rural,21699938
6719,5,2,19.273051910116987,73.11873977458656,rural,23036798
5034,5,1,19.11611236432975,72.83074979380844,urban,40270794
6479,5,4,18.977904617741657,72.79475307019531,suburban,32874712
9390,4,3,18.96537863101283,72.94770280679975,suburban,51691927
1812,4,1,19.0735068050086,72.92690060548983,urban,18049548
3462,3,1,19.028512738574356,72.84667191761865,urban,25699987
3438,4,3,18.95703701994396,72.99721797465256,suburban,25725737
3697,4,4,19.223196002869063,72.78616849912801,suburban,11842872
5796,1,4,19.21704763632242,72.77385582180032,suburban,30558004
7704,1,3,19.097893798583385,72.88966706181876,urban,58016406
6230,2,4,19.05664100502866,72.85749287980812,urban,50759447
626,3,1,19.28534191962909,73.03844300984903,rural,1460419
6102,1,4,19.044302004019666,72.84708243023277,urban,47938216
1691,3,1,19.19070384050171,72.75527529527002,suburban,1000000
3139,3,2,19.063507502350422,72.91503289529099,urban,26179147
1866,5,4,19.307599859262208,72.66191186717562,rural,10944892
9711,3,2,19.262534187383576,73.15672781651533,rural,24657211
6953,5,3,19.116005815767313,72.84786125310558,urban,59728941
7171,2,4,19.119606307600243,72.89648767419725,urban,53341285
7183,2,1,19.187832852680238,72.78549324805171,suburban,32701778
5039,2,4,19.070391962831152,72.87755429524476,urban,36688747
9376,5,3,18.94785018914147,72.79921575703874,suburban,43372775
3387,5,3,18.948470231237877,72.94055797891902,suburban,18972200
4586,2,1,19.088517500830985,72.88160837664033,urban,32343698
2761,5,4,19.04891093821799,72.90633681693444,urban,20876143
4680,4,2,19.206495308950874,72.77940581321235,suburban,20744786
3341,4,3,19.001383816247607,72.75227659829109,suburban,19481222
6540,5,3,19.046663102936687,72.90714680796849,urban,45405575
4060,5,1,18.937779468664154,72.93362472627483,suburban,24469720
5258,1,4,18.940719806657235,73.02685078994746,suburban,28086861
1126,1,2,18.988899679478575,73.02431910922009,suburban,7366747
5514,3,4,19.078370784391478,72.8783744579838,urban,38727425
1875,3,4,19.086654773888117,72.86077926148464,urban,17355467
1681,3,2,18.78711228669923,72.68719081085614,rural,9999959
6208,2,1,18.85161094658676,72.687698982128,rural,10845376
990,4,3,19.221656212425767,72.98382914615958,suburban,6653323
4229,2,1,19.104289545904198,72.83582266585998,urban,26841818
6474,5,1,19.197376426779677,72.81118598624278,suburban,32318821
4034,1,4,19.247199300744107,72.60282594501896,rural,10000804
3796,5,2,19.064589028885244,72.86358344439026,urban,28021894
2440,5,3,19.040894706355594,72.91810533557661,urban,17111782
5514,1,4,19.01414707271512,72.97490773885292,suburban,28998302
2382,5,3,18.776550873797145,72.6398233922722,rural,1370928
5408,3,4,19.09275639976218,72.92686090172226,urban,44922980
3487,1,2,19.186504328061538,72.97343790945563,suburban,25580966
6085,5,3,19.135212341482877,72.950524629899,suburban,26197200
3659,3,3,18.950621430135044,72.73990691097704,suburban,11843066
5030,3,1,19.138546520137243,72.7503540114987,suburban,17853331
1181,4,4,18.97908924424952,72.7704235881528,suburban,4877796
5754,3,4,19.032773024297104,72.8802849279073,urban,49312345
1573,2,4,19.043361924948158,72.88225409521334,urban,18006956
2887,1,1,19.161421357187482,73.01844120206748,suburban,15595073
3193,1,1,19.12397841130685,72.91759379958829,urban,25025459
4840,1,3,19.224589085119234,72.99831471257394,suburban,29765195
2656,5,4,18.96182075345432,73.00862142068857,suburban,12396293
8466,5,4,19.094259958760258,72.92081033093353,urban,69120670
3080,2,3,18.971995175846725,72.94638197135303,suburban,25680307
7757,3,3,19.19669409940595,72.75072115009027,suburban,45302686
2659,5,3,19.047736802421866,72.92036887885789,urban,16926242
7272,3,2,18.948638258354666,72.95476884006176,suburban,33875894
2127,3,2,19.27817939742771,73.07456470170027,rural,15628284
8719,5,3,19.213323520681712,72.7878518597181,suburban,42175874
7580,5,1,19.00734343786,73.01862963282247,suburban,47024500
2485,2,1,19.071334474809344,72.8581116707276,urban,17477758
8988,4,4,19.05627482921052,72.91741948026286,urban,68771708
2681,1,2,19.058473331097552,72.87885802597401,urban,16242609
2796,5,2,18.95289889494071,72.94864810416095,suburban,11723259
7664,5,3,19.061806189309515,72.89312233893475,urban,59393342
3097,3,3,19.107749065114632,72.8823705763331,urban,25929309
1401,4,3,19.139292873664964,72.78307544769304,suburban,6453698
6560,5,3,19.03482971696667,72.88666167698516,urban,55379829
9790,4,3,19.121621211179793,72.91146118333342,urban,73455839
2177,1,1,18.94855287374575,73.00040559658653,suburban,1000000
3381,3,1,19.10128350841428,72.89038773453008,urban,25737077
6122,2,3,19.16246800802737,72.93779438898598,suburban,28790089
8552,1,1,19.118478423614537,72.88601002653752,urban,71844048
1878,4,3,19.044450417989513,72.89260233084809,urban,20815473
1748,4,3,19.295819335112075,72.58799298671256,rural,9174085
6150,1,2,19.332801762276016,73.12994036972103,rural,19263564
6579,4,1,19.310736818992766,73.15843610539005,rural,20473410
9956,2,1,19.244433795233622,72.67580921407303,rural,30619135
7536,2,2,19.170907934496743,72.94796962473467,suburban,42513973
6987,4,1,18.969330094065864,72.77525525214791,suburban,38556437
1558,4,2,19.218702549275623,72.98692553037014,suburban,5757924
2548,2,4,18.957258180960547,72.79590920091312,suburban,6021794
6615,4,1,18.991886822894102,73.01573940265378,suburban,24225429
4748,5,3,19.04211820653279,72.83005789505566,urban,33878624
2976,3,2,18.893101623952695,72.63920720253536,rural,4142655
5103,5,3,19.207148442460618,72.78683294232056,suburban,26544991
4053,4,3,19.294342676243428,72.59220081175717,rural,10548637
720,4,1,19.09893018956566,72.89291721333409,urban,16015691
5318,3,2,19.090951503098577,72.86909893930383,urban,44420160
7692,4,4,19.02756752284759,72.8966240721968,urban,56241070
5123,3,3,19.208947121280826,72.93622303109873,suburban,33119833
7849,2,3,19.042259485394705,72.88879377864296,urban,58962577
6118,3,4,19.104560487635904,72.89437065649274,urban,50686881
7709,3,2,19.05780600704859,72.84167327028324,urban,61655556
5076,5,1,19.105426814605046,72.86009168584927,urban,40629144
2371,4,3,19.128213983174444,72.77055787856509,suburban,20333489
8415,2,1,18.799819100246275,73.04918828065863,rural,20273204
1962,1,2,19.051313020361103,72.89666016192211,urban,15946914
6021,3,4,19.18085309093574,72.74860122807515,suburban,26232584
9036,1,1,19.02648084315444,72.84921964805396,urban,69651053
8736,4,2,19.125915710819427,72.86823449893096,urban,69449471
8313,3,1,19.18802351078862,72.73720683919413,suburban,41897338
2568,1,1,19.19196073963974,72.95653769739785,suburban,12477958
6253,5,3,18.892272289512754,73.15110938244368,rural,17690560
7737,1,1,19.132711653826043,72.93738511578832,suburban,40444871
7516,5,3,19.360839138087638,73.0918165139761,rural,25175831
6691,2,2,19.107747947276213,72.91148826212579,urban,45060811
2014,4,2,19.054683181113184,72.85483144127096,urban,15805005
3098,1,3,19.082006837983783,72.869492496199,urban,22424159
1501,3,4,18.975093931169965,72.82237957981424,suburban,11960003
1533,4,1,19.031816880784014,72.8455831297662,urban,19193568
7399,1,2,19.093820052483526,72.84325015517287,urban,58142714
8965,3,2,19.13668699277078,72.81233796186291,suburban,46548809
5551,3,4,19.051131874025835,72.85481192710148,urban,39751943
4976,3,2,19.07586220875483,72.87157225172048,urban,48467620
978,3,3,19.073371341514886,72.8893039504209,urban,4703798
1015,1,4,19.049096143124956,72.8411704131092,urban,2183262
1691,2,2,19.213887827864554,72.9910941339569,suburban,11667271
6797,5,4,19.222105164990083,72.99700685022684,suburban,32841108
771,5,4,19.12291344316764,72.86424073432497,urban,12417120
8834,5,2,19.124451007986476,72.83802756293933,urban,75689482
8278,2,2,19.249995382555326,73.12631293263124,rural,21862522
6508,3,2,19.024131035878177,73.0068982832225,suburban,35327526
8487,3,4,18.93412100074124,72.97028961621714,suburban,40809631
3832,4,3,18.98422364159135,72.98072300049722,suburban,20750094
1287,5,3,19.091807641775596,72.85952011659431,urban,11871608
6722,5,1,18.892524485322493,73.0398570967944,rural,25217619
1122,3,2,19.15659743532023,72.75405266547507,suburban,3307975
4341,5,3,19.05592274501395,72.91821714185221,urban,31836693
4176,3,1,19.189915749581132,73.0196722389422,suburban,19773280
3072,3,1,19.03234106824857,72.92320093249285,urban,27424256
7415,3,2,19.031117795906127,72.92026189177486,urban,52898268
5533,1,1,18.843989984501494,72.64772156256839,rural,8117034
8288,1,3,19.35788169061426,73.1202506833492,rural,28120315
5714,1,1,19.037188934298477,72.9066209305895,urban,31957052
5212,1,1,19.03882934924708,72.90033658611993,urban,32844799
566,2,3,19.178792494578204,72.9662835924758,suburban,13903017
8033,4,1,19.103235608607456,72.92181396184506,urban,53169980
5116,4,1,18.99953031171622,72.73298698397883,suburban,23955071
1640,3,4,19.20736305144797,73.01584371749423,suburban,5349612
6230,5,1,19.02209027800687,72.77019214552946,suburban,21177096
7965,1,1,19.220170313470636,72.9847451847019,suburban,33712623
9879,4,4,19.19650387175445,72.79961971114524,suburban,52084788
4971,4,4,19.338635799301684,73.06276525417692,rural,18274169
3839,1,4,19.090394623870065,72.90660684640295,urban,35286804
1048,2,2,19.313349813929186,72.59495252691815,rural,1000000
8175,2,2,19.051241442954076,72.89139555041575,urban,53181662
8764,4,3,19.10893681846183,72.88163518016783,urban,68257088
698,2,1,19.027038157330256,72.8953943129207,urban,12786849
1071,1,3,18.944641756698207,72.9553543627896,suburban,12558440
1290,4,2,19.077795197810755,72.8319155220351,urban,16529035
1674,1,1,19.288402511587286,73.03037267667055,rural,1000000
678,2,1,19.164882245188693,72.81652941102548,suburban,2538274
2744,1,4,19.108706174032562,72.83184238667575,urban,22466575
4586,2,2,18.957103375132636,73.00914820493495,suburban,24518353
1234,2,1,18.89669438982298,72.63147600476076,rural,1000000
6732,1,4,19.17364230712349,73.01130027082797,suburban,43586292
1298,2,1,19.08796525219047,72.92193977222809,urban,17074334
8101,3,2,18.917380005546924,72.71869898525229,rural,23943449
9479,1,3,19.222007579609432,72.94974736423669,suburban,47505729
3295,3,3,19.03586479745479,72.8639247230437,urban,23889955
5088,1,1,19.03043324800201,72.86660939977448,urban,44571230
7797,2,4,19.181548777494204,73.02520048266842,suburban,33184906
3584,2,4,19.3493098116163,73.06192164868584,rural,9824056
1231,4,4,19.086307470410425,72.87981381950559,urban,7740499
1629,4,2,19.077650387657762,72.83860079862008,urban,14137931
2105,3,3,19.3000827341395,72.70514663891007,rural,11431779
3433,2,3,19.03221626326448,72.91338925994086,urban,23567181
9907,4,1,18.924022987054112,73.1685984709168,rural,29544274
9016,2,3,19.10126080725693,72.92595505822858,urban,68036678
5574,1,4,19.131381999712758,72.76354028939477,suburban,24229012
7599,4,2,19.038661709653077,72.88617749786665,urban,55921649
1990,3,4,19.2850882863042,72.66232593299794,rural,2235761
1393,4,4,18.972134854972527,72.93702620448464,suburban,1000000
1890,2,3,18.898218324415566,73.16159552247082,rural,3136952
3889,5,2,18.93821625368393,72.99541337778089,suburban,20921932
4739,5,2,19.095986724376477,72.87375243878552,urban,30660041
4979,2,4,19.05344197187452,72.85620027299511,urban,36565708
2763,1,1,19.199116786128613,72.76509635516796,suburban,11718138
3932,4,3,19.19126088379244,72.75022137645692,suburban,24582353
2871,5,1,19.24180946086886,73.08215525745601,rural,17306440
4812,1,4,19.079823866222416,72.83384160823717,urban,38916948
2015,2,3,19.20224640474925,72.93835273337628,suburban,3388719
6826,1,1,19.343411225783157,73.0354339974378,rural,13450220
7588,2,1,19.118447827179438,72.88946378171879,urban,58036897
6086,4,1,19.33289862311021,73.14654003087838,rural,14477085
3417,1,3,18.967903608198743,72.95860567160302,suburban,16634797
6231,4,1,19.006754358491445,72.76915693846973,suburban,36208875
8186,1,2,19.113588906418844,72.8705585946142,urban,61054626
1667,2,4,19.063289900019793,72.89643069021007,urban,26310033
8802,2,3,19.104035924185236,72.85303193366724,urban,59352656
5609,1,2,18.881406367368346,72.64769100212736,rural,17408879
4827,2,1,19.331868159958958,72.65202725135184,rural,3927950
6310,3,4,19.04259531947881,72.91789088438208,urban,44838820
4155,3,1,18.891890245275512,72.72018708628732,rural,15949479
4293,4,2,18.957598885615536,72.98770760186548,suburban,11943056
7238,3,1,19.371437053107023,72.70972515561223,rural,21500960
2077,3,3,19.082404494347006,72.82994929183809,urban,10977000
9988,5,2,19.067199242480434,72.90598021253886,urban,77164326
2720,5,3,19.173109875524293,73.0152278449791,suburban,11867092
9664,5,4,19.102608536404986,72.90814801351924,urban,75446034
1530,5,3,19.194950023944013,72.75276193399736,suburban,11012529
7191,2,3,18.97095362515464,72.77104670344046,suburban,41351606
4492,4,1,19.108743923337908,72.8589137313772,urban,36207779
1413,4,1,19.079573688246533,72.85265455579426,urban,15622369
6858,3,2,18.821620253134068,73.17397534282759,rural,18232145
2681,4,4,19.087909548188758,72.88445065337422,urban,16057281
3697,3,2,19.074977125735295,72.84819714317636,urban,23636159
6540,4,4,18.991198994815576,72.78706059258288,suburban,41717437
1962,1,4,18.9834417145964,72.9863190354796,suburban,3579732
7537,1,3,19.177842640781133,72.9528449779864,suburban,38471976
9999,4,1,19.163553920045278,72.99917175647022,suburban,51570079
5494,2,4,19.09902885777604,72.91662427118868,urban,43143110
9881,3,1,19.059607301171372,72.84123411002459,urban,80521562
5808,4,4,19.189855435096863,72.96378544675241,suburban,27185233
6721,3,1,18.83087515522406,73.08886144160914,rural,17569660
7590,5,2,18.986038534582953,72.796962567276,suburban,37936824
8269,4,1,19.03963017234258,72.84012089287856,urban,52363445
1187,2,3,19.119569820760564,72.84859684141095,urban,6175014
5161,5,4,19.040843740362465,72.88121683040195,urban,46982206
9899,4,3,19.13067884662103,72.98970150007275,suburban,60968019
2394,1,4,19.090041196441472,72.85609369035328,urban,23749792
7889,4,3,19.116547221434896,72.85475807127254,urban,63244184
5422,1,4,18.962243531445715,72.73319081493725,suburban,19694091
6822,1,1,19.142142652829286,72.93453824759119,suburban,34864749
3683,4,4,18.949629851400605,73.01959520600708,suburban,19808550
4297,4,3,19.160244850418938,72.81539834140166,suburban,34742946
5678,1,3,18.977038095586906,72.78804910037225,suburban,19420752
4468,3,4,19.03665593214311,72.85862038193746,urban,29117864
3216,5,4,18.962212389290183,72.93771229463572,suburban,24153259
690,2,2,19.077058786409108,72.89004571246011,urban,14173616
1835,4,2,19.04470017057938,72.83100846344556,urban,17256662
8681,5,1,19.221836689276675,72.93044926578825,suburban,42729167
878,5,1,18.99366594311718,72.94994531687756,suburban,8859779
4329,3,1,19.215420887684107,72.77958923275607,suburban,32529268
6880,5,1,19.216922703847896,72.80876003463938,suburban,32293416
1115,4,1,19.32231049993981,73.07748248568805,rural,4700586
2830,5,4,19.196531497522184,72.78559057158486,suburban,14923272
2254,4,2,19.02484312165174,72.79076504378392,suburban,14508677
963,4,4,19.204162444320826,72.79426742167311,suburban,9978739
9658,1,2,19.060637898730047,72.9072938416828,urban,70068634
4767,3,2,19.11484124966198,72.91145141492628,urban,42041238
3658,2,3,18.977552643602014,72.81930483891303,suburban,16284005
4124,1,3,19.068445599470508,72.92372540108569,urban,34426372
5438,2,2,18.969450269479292,72.99178462328965,suburban,17315212
5917,4,4,19.182820246721036,72.76785153908173,suburban,34668657
6504,1,2,19.23482999113419,73.13590788186636,rural,12944350
9381,5,1,19.287800027498765,72.64536283201278,rural,25199940
6103,5,4,19.071022059346575,72.84858897262664,urban,37492494
2712,2,4,18.950011319189503,72.97689117877752,suburban,12632713
6620,4,2,19.029708807826122,72.88993983922934,urban,58212728
6318,2,1,19.046265581200778,72.8660394644365,urban,40433380
882,3,2,18.984728429990415,72.7828267402512,suburban,5966167
2756,5,1,19.111011022471565,72.87048501507047,urban,12812817
1912,1,4,19.087213445790827,72.88909375456939,urban,14729739
6646,1,2,19.317047701163204,72.64380229865756,rural,21770954
871,1,1,18.80410732793792,73.09027168589073,rural,1000000
6306,5,3,19.015717075547332,72.93677726782684,suburban,37688683
6065,4,4,19.361030603540904,73.12519995537856,rural,14708229
9302,5,4,19.01023266879205,72.97303044442688,suburban,61573579
8807,5,3,19.10429783467542,72.84148240967723,urban,74197341
7937,1,1,19.17991910073308,72.73656484974512,suburban,39679660
946,5,4,19.211233710974774,72.96519853129364,suburban,14978919
1891,1,1,19.10653005086594,72.9128141319241,urban,21390005
1840,4,3,19.36585306914875,73.16825018984211,rural,1328902
3439,3,2,19.138768771177716,72.75861250564287,suburban,20252768
6469,1,4,19.058742650563193,72.89614495067771,urban,48085127
9765,2,4,19.03219968773159,72.8324208316496,urban,79000671
5313,3,1,19.061431058420176,72.84708466234322,urban,49067803
4069,4,4,18.818216592389366,73.16990327568624,rural,3711035
5954,3,2,18.960521563287244,72.92835955734196,suburban,31004560
3650,1,3,19.207710132017517,72.7622879634662,suburban,24911026
6914,4,4,19.21084752484272,72.73126232757849,suburban,39181355
5157,2,3,19.146709434216582,72.96155269046527,suburban,28425845
7447,1,1,19.213343267308687,73.02062994805326,suburban,41328369
8443,1,2,19.202433481285347,72.99456506774352,suburban,34704390
4162,4,4,19.32080635430814,72.60225197436874,rural,14441947
4982,4,3,18.9138413710375,72.65830985591853,rural,20985881
5297,3,2,18.81319868813302,72.65249360906813,rural,17177238
5568,2,3,19.196634976059322,72.9750578520336,suburban,21792751
5980,3,1,18.79243746160847,73.04465717722296,rural,14465190
8533,3,2,19.140391103264804,72.81133567465027,suburban,43695500
1483,1,2,18.832270174904444,72.66040832989118,rural,1000000
6107,4,1,19.24582863481909,73.10152279536857,rural,13204751
9043,1,1,18.880405794244478,72.69463400789886,rural,27606087
9971,2,4,19.229936673048837,73.04356046462543,rural,37687250
2407,3,1,19.16040186501539,72.9304418915402,suburban,3313041
7424,2,1,19.079606726688862,72.87056887796125,urban,54385043
9716,4,3,19.03706828120355,72.9031967397606,urban,71392799
9237,4,2,19.19490815882366,72.78822708617284,suburban,54602130
4674,5,3,19.041593511494593,72.90305493470878,urban,41343520
9580,2,1,18.966042609566024,72.81912065544871,suburban,54811728
7765,1,4,19.216356094256852,72.97293746016562,suburban,42857841
9797,2,3,18.961621592455142,72.9479972377684,suburban,55148666
2490,3,3,18.825571586965452,73.15593176239626,rural,7260039
6096,4,2,19.164440979716858,72.75091998266517,suburban,33713427
4498,4,2,19.173776362465993,72.82724992145168,suburban,26413840
4275,2,2,19.142544199160877,72.94033255049804,suburban,22027435
9612,2,4,19.282997561808614,72.607793495272,rural,27259957
5145,2,4,19.030882116635418,72.89129616799906,urban,42290853
2561,3,1,19.093122102343003,72.90912209208321,urban,22797491
4987,3,1,19.28582991209917,72.71478933856885,rural,15061165
4935,1,2,19.01390026174225,72.82599246769757,suburban,25670572
3144,2,3,18.98565893996616,72.98020051720624,suburban,19513075
1545,1,2,18.985897233328878,72.82258684075227,suburban,6930879
8451,5,1,19.045434119133795,72.92543940208243,urban,59412037
6949,3,3,18.952049454597454,72.78254500017368,suburban,36311604
3181,4,1,19.037585052247827,72.90898995692714,urban,21071746
3699,5,4,18.9314550906163,72.93083501844754,suburban,25448262
7268,4,2,19.1640563713386,72.94906326606537,suburban,34671755
9630,5,2,19.20317489419532,72.97459104851819,suburban,46949399
7940,1,3,19.148615715342498,72.99555680368324,suburban,41490184
9133,1,2,19.239462602620215,73.04770997755426,rural,25882057
3050,3,1,19.191561973543266,72.94429638919337,suburban,21528245
4725,4,1,19.340552901463468,72.68484884158792,rural,12055507
1096,5,4,19.217460279135025,72.98299008256947,suburban,5545583
6554,2,1,18.960678164661218,72.8018531542245,suburban,28773603
2005,2,3,19.039594111048988,72.92018713416539,urban,10151388
9553,3,1,19.098384943869554,72.83233562663327,urban,70209781
6968,4,4,19.180938745009794,72.9620073734738,suburban,38351246
7736,2,4,19.06038000878335,72.8921150124601,urban,66025255
2051,3,2,19.142574033345657,72.98357554896491,suburban,15159712
7352,3,3,19.14248884223625,72.98962591469365,suburban,34705912
1949,4,1,19.37350306717007,73.12806590894917,rural,4969759
6453,2,4,18.78910687353729,73.15194212280328,rural,17330470
8956,2,1,19.07713490777408,72.92189691857159,urban,73721322
8542,2,4,19.087712704395894,72.89907791691695,urban,72198585
3159,1,2,19.13466790421472,72.99953056212493,suburban,5608980
8009,2,4,19.03755379232063,72.91266661088054,urban,68314499
8393,5,2,19.095119108665276,72.86845643122382,urban,57787408
7945,1,3,18.86128749106879,73.05726765833148,rural,23501530
3221,1,1,19.278403870935406,72.70543784604762,rural,1000000
3425,1,1,18.942617491207006,72.81622456365973,suburban,21434272
7604,1,2,19.21621022199656,73.00221395624384,suburban,35352227
6740,3,3,19.133957048525758,72.9961924228149,suburban,37863611
1012,5,2,19.198417329554445,72.96814540693005,suburban,4997078
715,4,4,18.956558338773934,72.82303842351544,suburban,9918608
7799,2,2,19.182360618613604,72.94188736382004,suburban,30818602
3653,1,3,19.03393081323217,72.88012634776962,urban,31125611
7950,4,4,18.831161736367164,73.04163550635414,rural,25788059
2206,3,1,19.187712415725468,73.02168969820113,suburban,12782528
2067,4,1,18.931675813626104,73.02431076231568,suburban,13045441
1628,1,1,18.852813397808298,73.06994329524336,rural,8313219
4010,5,3,19.041071469819922,72.89484309607582,urban,37720087
8367,4,3,19.028493253466504,72.85126277562856,urban,57751595
2865,1,3,18.894789245271305,73.1683833607133,rural,6843241
6083,1,3,19.359616317617466,72.70904626679479,rural,17825712
5397,2,3,18.994011403182668,72.7960997631453,suburban,27096974
6218,2,4,19.048604285779295,72.84795600679345,urban,48804296
6501,5,2,19.184933474909798,73.00177523970287,suburban,36143936
5067,2,1,19.096141377423745,72.88388710662504,urban,42777029
9771,5,3,18.98508682822419,72.98721128089727,suburban,53383416
3241,3,1,19.04777114938643,72.89482085615339,urban,29996328
3520,3,3,18.89533643140034,72.6542067764907,rural,19632630
6756,2,1,18.994719897627025,72.7663122980004,suburban,32564753
728,3,2,19.227805222298635,73.04729300143215,rural,1137004
8862,4,1,19.045787296804566,72.90509310702146,urban,71772683
794,4,1,19.07068579670379,72.87469361338444,urban,8072345
4784,4,3,19.322650124428332,72.61833368473808,rural,11679606
9117,3,4,19.111672533580517,72.92654348472742,urban,67799155
7301,4,4,19.01381925677616,72.9928080583657,suburban,41138894
1418,5,1,19.03090294861746,72.85620010200861,urban,15097266
998,1,4,19.210640408441964,72.76244990985623,suburban,13845038
3309,2,2,19.069859847360238,72.87430535743532,urban,21024448
5461,5,2,19.1571033107801,73.01547145176255,suburban,23603018
9517,4,4,18.977605003647415,72.7811923396843,suburban,49339557
4279,1,4,19.198366192821968,72.81321854452834,suburban,17390417
2618,2,2,19.054837221041453,72.92638686577303,urban,11598930
6891,5,4,19.16753957063132,72.93448701030299,suburban,34569253
645,2,4,19.158135028060595,72.98765826470783,suburban,14468737
8442,3,3,19.029597364969938,72.83728803751589,urban,77233810
5065,4,3,18.997685241046565,72.79286773684669,suburban,29480468
692,5,4,19.26651045260216,73.03242395802141,rural,1000000
5687,5,4,19.112891757008896,72.87693062374005,urban,41675645
7137,1,3,19.15449272307565,73.00491398801185,suburban,35753431
8743,1,3,18.93359717708921,72.74114683551227,suburban,40321371
2910,1,4,19.05375811879098,72.83098448827491,urban,23424893
2320,2,3,19.125982375019685,72.90390737230388,urban,18652139
3464,4,2,18.992129012419184,72.92962719716388,suburban,12611234
3021,2,1,19.22469040057517,72.99840727086327,suburban,14144887
3068,4,2,19.066227837217355,72.83861834627277,urban,27322117
6382,5,3,18.78917591755986,73.0772621706429,rural,16882278
2367,2,2,19.01753096419909,72.81485853042047,suburban,17109737
7965,2,1,19.110347994836218,72.84784499563314,urban,60761053
8102,2,3,18.984166275400295,72.7657582965297,suburban,40010657
3699,3,2,19.320229491556894,72.71338611190362,rural,10363046
6603,4,2,19.114460668147657,72.9145023721024,urban,48684387
740,4,1,18.967498439224904,72.72813037932292,suburban,6081367
3940,2,3,18.978140464260836,73.00521236393527,suburban,15405587
5131,3,4,19.123274976148284,72.86310465451837,urban,52231424
8774,2,3,19.06101397539786,72.84901943011413,urban,77225574
5577,4,1,19.05480174640666,72.88545889000731,urban,43416225
4268,5,1,19.068935428905096,72.84703781783267,urban,37242971
9642,3,1,19.106913994031647,72.83392393071242,urban,76490522
8495,3,1,19.35119791167504,72.68645919130282,rural,26807101
9302,2,4,18.868840319211742,73.11329031700846,rural,29993194
6929,5,3,19.12493197934747,72.85830591456539,urban,58323188
4105,4,3,18.970619558763648,72.7810992451225,suburban,25162097
2673,1,2,19.106891363049947,72.86740838585803,urban,16693622
7068,4,4,19.073687905560764,72.85229565944266,urban,57779748
3101,4,4,19.101524731974884,72.91222117863785,urban,21905100
3157,5,2,19.12249868236229,72.88428288968178,urban,28723923
6580,3,2,18.825397549664384,73.09460882475042,rural,23006689
7825,4,3,19.060874903024015,72.90146891165207,urban,62880966
2659,3,3,19.128270036575437,72.8248543150308,suburban,18394107
4330,5,3,19.11906828031252,72.89092489344365,urban,36223257
8813,5,4,19.09865282990037,72.91009342912182,urban,78248115
4868,2,4,19.280251139669538,73.04391704863392,rural,15823738
1817,1,2,19.119857056500244,72.87188405555722,urban,9491995
4993,5,1,18.89342455145081,72.59384684258451,rural,11872420
1730,5,1,19.0268228350547,72.83847197014592,urban,17218409
1633,3,1,18.927680035722826,72.93151281788082,suburban,14850186
8107,5,1,19.30827445170592,73.05535334243083,rural,26106530
1801,4,1,19.0612967486562,72.8546554268323,urban,16563289
2410,2,3,18.945664377208,72.97772744733926,suburban,6417402
8582,2,2,19.15730960334947,72.8237135040412,suburban,52815004
8607,4,1,19.097790756635888,72.83899108370711,urban,59669022
8470,5,1,19.17357967746818,72.74346343571442,suburban,35662148
2416,1,1,19.060575222701072,72.9150048275787,urban,16065196
7496,5,3,19.112485039664968,72.91571368014603,urban,61756031
3257,2,1,19.083191396013177,72.92293042735733,urban,23169403
6964,1,2,18.803155407827393,73.09004516404286,rural,15253247
678,3,3,19.03817890827583,72.8828332185951,urban,2691637
9588,3,3,19.052314908355427,72.85605472265114,urban,82527680
6862,5,4,19.138571823292793,72.79188007764262,suburban,38224256
9183,5,4,19.086035444118686,72.85818693362694,urban,76433445
560,1,3,19.20522482343101,72.97979599616038,suburban,12539192
9769,1,1,19.053814360897853,72.90911358790123,urban,83708686
7181,5,1,18.963572554943408,73.01393487494492,suburban,32346665
3395,2,1,18.9879336733069,72.81639838159428,suburban,18350310
1085,3,1,19.065454750448488,72.91715819076595,urban,13366174
6323,1,4,19.08170406690719,72.86073783307143,urban,49085355
1034,2,2,19.20068991628796,72.92966827061943,suburban,1840350
3962,5,3,18.965916830340664,72.76937626961379,suburban,8032873
4511,4,1,19.047150076481447,72.86140791529935,urban,42430358
3898,1,4,19.119156545211464,72.92509755312868,urban,39136016
2655,4,2,19.05720383513319,72.89215037034089,urban,25758745
6466,2,3,19.15012967791369,72.79084713330263,suburban,32669875
7829,3,3,18.85082319049904,73.15513849397624,rural,19249963
7457,2,3,19.088892118514615,72.83108800281478,urban,57691880
9696,3,1,19.100967035924192,72.92548665279506,urban,80559942
5825,2,3,19.07330285602534,72.84355800149592,urban,47702590
9018,1,1,19.123697767138054,72.8567125874818,urban,56931209
5203,1,2,19.16691979557372,72.81996335858985,suburban,33855562
3206,4,4,18.89351514941609,73.10996990976354,rural,12856720
501,2,4,19.08662438228429,72.88608169570077,urban,1000000
9725,2,4,19.175523698308343,73.00790986546022,suburban,51744124
8816,4,3,19.052976133327924,72.84071936823065,urban,69323952
1604,5,4,19.289763094085895,72.7237366437359,rural,6498906
2361,2,2,19.00202937397537,72.98262966297483,suburban,6881134
5769,2,1,19.081325733924327,72.83159934529019,urban,42697299
7443,2,4,19.341321004338358,72.58438678060342,rural,12114308
8820,5,1,19.05182146104543,72.87249949715869,urban,74732736
937,1,1,19.187997366025037,72.94659624619919,suburban,1000000
5346,4,4,18.896219777997437,72.72687886700245,rural,22102503
3629,5,4,19.037514971116593,72.89752387253871,urban,33156863
9913,3,4,19.14274699958685,73.00943803955201,suburban,48408003
8581,3,3,19.3109416856925,73.05568777479542,rural,21152735
1401,5,4,19.320693869978033,72.68938090769875,rural,5462351
5898,5,3,19.173944915393697,72.80473663944191,suburban,36793406
7178,1,2,19.119942440890892,72.87088931620603,urban,58354872
6029,3,1,18.934245161551125,72.73943171826576,suburban,32691106
7104,4,2,19.00866180541771,72.77995949385297,suburban,35917460
4418,2,4,19.16011297256524,72.79640790201614,suburban,26801209
1567,2,1,19.32957189220988,72.71504095504822,rural,1000000
526,1,4,19.118624026163214,72.9040506708841,urban,5974780
7437,1,4,19.045167685634617,72.83644811887771,urban,56606432
7764,3,1,18.976961959101047,72.7320593910821,suburban,32641036
7618,4,2,18.841589954148052,73.04914721351264,rural,20601655
1047,4,4,18.944700176139243,73.02120691364259,suburban,14551217
9258,5,1,19.30316987219681,73.12057730653515,rural,30003497
9395,1,2,19.320219062925993,72.68906122259095,rural,30694572
5838,2,3,19.357961685920234,72.6426496957106,rural,13213836
3640,2,2,19.336005387425377,73.12684830427173,rural,1000000
8496,3,2,19.334796671134615,72.66656758548709,rural,31553648
2090,2,1,19.37162044826278,73.09501082271869,rural,1000000
8276,4,2,18.9949179485044,72.99596444214521,suburban,40697239
5443,4,3,19.040498934851545,72.91415259023779,urban,36170017
9497,1,3,19.115378403929697,72.88096111919698,urban,78894585
8298,3,4,19.05997734269469,72.8728023931764,urban,66020704
4291,2,3,19.112962448914466,72.8487993422621,urban,32653985
1857,1,4,19.05548702313016,72.90624429342527,urban,17942812
8592,5,3,18.78570958311254,72.71376089899768,rural,23691785
3725,5,2,19.190506830693185,72.95077715444641,suburban,17143114
2960,2,4,19.098791606499933,72.84190298115494,urban,17669996
9237,2,3,19.17622510574114,72.75187089171494,suburban,39630402
3228,2,2,19.17227660223912,72.81562588753047,suburban,21749153
7226,4,2,19.047794490090155,72.87820711267248,urban,62651964
7981,2,4,18.90481769977689,73.08517261330888,rural,14574902
6930,5,1,19.100604891420698,72.89766697731353,urban,54102046
3614,2,2,19.135493052966563,72.73235161121221,suburban,18427169
1116,3,2,19.087595869574777,72.87547014947847,urban,6901643
4144,5,1,19.143792242076543,73.02390159769868,suburban,17733208
6913,3,4,19.329872170134482,72.65158335131926,rural,20146196
1703,5,3,19.06406972793548,72.8795644418968,urban,12268300
3065,1,3,19.33735090878701,73.03483498149838,rural,7405762
3674,5,2,19.047167274883794,72.84234245835293,urban,24597831
3581,5,1,19.12664434683339,72.98999898221062,suburban,16454253
3130,3,2,19.369567246450337,73.0938350476508,rural,6261332
3661,3,4,18.796414632683227,72.6010406580741,rural,7679680
4821,5,2,19.053314903864194,72.9185517594906,urban,44320764
9361,5,3,19.04384013366918,72.83206465036437,urban,69988191
6769,4,1,18.946338171527263,72.98406590604345,suburban,39081584
7599,1,4,19.09308956623202,72.90437165238129,urban,43096915
7876,1,2,19.21045459513423,72.79948739840314,suburban,38734803
4578,2,3,19.177003882002687,72.74209214018697,suburban,12325413
6301,5,2,19.168112547311853,72.80205792649151,suburban,39379848
4651,5,3,19.115852409644337,72.8412053226709,urban,47565903
9411,5,1,18.94932328842465,72.96236032317917,suburban,48050842
3100,5,4,18.784845667024197,72.62912007698891,rural,17383969
6675,1,2,18.950034708154615,72.79360666639774,suburban,28775838
1166,3,4,18.998977665595312,72.74424584845232,suburban,11501572
783,4,1,19.050340682604112,72.91767584063219,urban,11826605
6340,3,3,19.084084000048385,72.87720305032575,urban,48802419
4065,3,1,19.0294487586432,72.91868020051606,urban,31522407
5093,1,1,18.93077260839686,72.98395986278379,suburban,26026502
1965,4,4,19.06195650660047,72.85450479825361,urban,18295677
8821,5,1,18.96854706621958,72.94050950530146,suburban,47280898
5234,1,2,19.143595873805783,72.75314867376565,suburban,36350069
6757,1,3,19.00339289223213,72.77191308206453,suburban,43626126
7866,4,1,19.098673666894033,72.85107563508973,urban,65087517
4172,2,2,19.15905023502696,73.01458321830005,suburban,30998915
7882,1,3,18.954730609464743,72.9545905076332,suburban,33595928
7087,3,4,19.061841779543244,72.86783905201594,urban,59397112
1492,3,3,19.054756108900072,72.83983902470393,urban,17165943
7358,5,4,19.16803935629958,72.82600604980777,suburban,36975389
2621,1,3,19.098500643810315,72.92377450327645,urban,31026922
2723,5,1,19.033861314456605,72.85582907041756,urban,30736019
5022,1,4,19.07541310516117,72.8447387948702,urban,41314861
3688,4,4,19.03768285220763,72.87293181054505,urban,26531777
3737,1,4,19.313109579333833,72.60466884101805,rural,1214637
4636,2,1,18.948572922001283,72.80556595480337,suburban,17749997
843,3,1,18.97228463756809,72.97278095757035,suburban,12702457
5204,4,3,18.82068611196205,73.1299539610316,rural,13258229
5323,3,3,19.212507149137977,72.74836995225897,suburban,32600297
5420,5,1,18.996788658749338,72.9330478460052,suburban,30661094
3701,4,1,19.09285945134617,72.84632376129078,urban,19477785
5971,2,4,18.933645215016146,72.74345955719751,suburban,28394569
1388,3,3,19.064006855181244,72.86042765608548,urban,7510007
7627,1,3,19.135239491319176,72.93084301576502,suburban,42603147
4220,1,4,19.12030401144915,72.91942493208192,urban,36781703
3383,1,4,19.10698387411214,72.8905594927443,urban,25413806
4712,4,4,19.111622240669146,72.87920685177316,urban,45487577
7461,2,2,19.044016013302063,72.89611703477892,urban,62398666
2915,2,2,18.787903094723227,73.03064076461087,rural,4743465
9809,2,1,19.052543819127127,72.83760395386163,urban,77031661
3501,3,3,18.892175866790218,72.67010268831329,rural,5870386
2238,4,4,19.21202657691268,73.02230062242627,suburban,10324977
1864,1,4,19.023195153838074,72.81671168355889,suburban,12860587
3208,3,3,19.041748863853556,72.88496367065726,urban,26103447
1424,2,2,19.260137355479113,72.72460468626248,rural,1000000
651,1,3,19.096979702296643,72.84593664520133,urban,7683747
9277,4,1,19.148913920543347,72.96542565008237,suburban,45851786
8544,5,2,18.979062760704036,73.02216102159939,suburban,39895499
1412,2,3,19.006086907980254,72.9813142839409,suburban,1935538
2821,2,3,19.104713833853502,72.92121212305395,urban,21269997
995,2,1,19.209629522803652,72.96660397249259,suburban,5844814
2648,2,3,19.36317334055209,72.66980905228444,rural,4844081
1056,1,2,19.374429101181935,72.6410835977727,rural,1790530
2052,4,4,18.821019382627817,73.0567896471186,rural,4531035
2620,3,4,19.057233075711032,72.84412278706758,urban,24521506
3585,1,4,19.087013654903096,72.88527060854582,urban,27318771
4004,4,2,19.102120359974254,72.91499701242414,urban,23796819
656,3,3,18.892943602096867,72.61074460219193,rural,1000000
9426,2,3,19.088880560179344,72.91272400275959,urban,69292383
8005,4,3,19.00038148847142,72.76760387160343,suburban,47590433
7662,2,3,18.80741340598239,73.13228619484117,rural,16108529
6023,4,4,19.15479431296032,72.99813562940892,suburban,33441074
8043,5,2,18.980331954395425,72.78986563096319,suburban,43849791
8555,2,1,19.026967436130285,72.84465585513068,urban,58686726
5154,2,2,19.02010217877766,72.74286424573704,suburban,24361303
6750,2,3,19.35292900050339,73.15038796465308,rural,18736526
7746,1,3,18.976821382548934,72.73691562280317,suburban,36710106
654,3,2,19.026182028595436,72.87364265764039,urban,9139570
8450,2,2,19.027067019925965,72.85576610469808,urban,66882737
1496,2,4,19.06957624412269,72.91698992926503,urban,13680457
5126,1,3,18.960561571585266,72.96394845654899,suburban,29877351
3405,1,2,19.107738948859698,72.85766555991138,urban,26043653
9869,5,3,18.964496522453135,72.9539246883888,suburban,51660927
653,4,2,19.128465850356207,72.74247246805083,suburban,5627752
8353,2,3,19.148436049983843,72.96105118789589,suburban,36769201
6981,4,2,19.098003346557505,72.83574510422855,urban,57184702
6099,1,3,19.02165345141152,72.74780101133707,suburban,27120512
2216,1,1,19.209155035425468,72.76004617348165,suburban,8937961
1286,5,4,19.063903838304714,72.8867184320395,urban,15528206
4868,3,1,18.805191148569477,73.05351763016098,rural,15309182
8596,1,4,19.100048976847987,72.88096365717652,urban,58422141
4772,2,4,19.19416574529262,72.95698691958759,suburban,17177429
4267,5,2,19.02891457797544,72.92197811765304,urban,29275572
9334,3,1,19.220454004399503,72.80657176600454,suburban,47765896
6494,5,4,19.127813983389302,72.95082568563153,suburban,41406618
7716,1,3,19.050124263363788,72.90743841403062,urban,56167586
9357,3,2,18.951056950072456,72.93580141446859,suburban,42599441
3926,4,2,18.97394148801121,72.94091661063749,suburban,16144374
4283,3,3,19.01739544348258,72.80998493341987,suburban,24805227
5927,2,3,19.11990334041665,72.89751560032047,urban,50946720
7511,4,4,19.067128592916475,72.90992041508488,urban,63887073
8552,4,3,19.004404059047776,72.73459067209549,suburban,40385156
4201,2,2,19.081958064100814,72.90716484487034,urban,25019807
9761,4,3,18.961521901857484,73.01641092750106,suburban,50025219
2849,1,1,19.045783050504077,72.85166638005444,urban,29077817
7511,3,2,19.032509741377567,72.84971989171729,urban,59874792
7555,3,3,18.87447667025928,72.72337589672414,rural,15438649
1712,2,2,19.203154584162732,73.01173275980136,suburban,7776487
7465,1,4,19.025285296173077,72.8130692891749,suburban,32755180
9844,4,1,18.855608292330146,72.5802646885748,rural,29679582
7204,3,4,18.936987188652697,72.81485235680712,suburban,36579607
7933,3,1,19.2253590597318,72.81279557697397,suburban,38373106
3011,3,3,18.87435800120704,73.08587872100306,rural,5081013
643,3,2,18.967209743080772,73.00357763893888,suburban,5581262
7867,5,3,19.178901569056997,73.00687111987705,suburban,46753476
3728,2,4,18.929318044604422,72.74875479990067,suburban,26578047
5082,4,2,19.25047384387868,73.0343705763458,rural,17367922
6531,4,3,19.060025799959753,72.8406849615918,urban,57532379
4743,2,3,19.048476532961246,72.8360545464561,urban,31617216
3213,1,2,19.0783676972063,72.84033181911735,urban,22946909
4685,2,2,19.100276862992295,72.86096497781442,urban,31450337
7828,3,4,19.093206271421124,72.91595194350805,urban,58148261
5133,3,1,19.238902481380553,72.57934988188809,rural,8571104
3692,2,1,19.020663406456336,72.79629977680739,suburban,26819258
800,2,2,19.08562336043729,72.8564222367245,urban,5302561
1223,4,1,19.220049458439853,72.74897474295922,suburban,5676101
6194,4,4,18.93715728799933,73.00467799447087,suburban,24159099
3510,5,1,19.18438860755256,72.7434713832238,suburban,8488101
6055,5,2,19.04230232795012,72.8435976247571,urban,56331360
567,3,4,18.89686170880062,73.04318462234198,rural,1000000
3006,5,2,19.10783182203975,72.84283689918591,urban,36443169
2037,5,4,19.096553717671036,72.890397555921,urban,17583555
897,1,4,19.053619426561237,72.85043684336934,urban,1455223
6180,2,2,19.151058585527544,72.75463693918931,suburban,30967017
9855,4,3,18.998204072238252,72.82545189001314,suburban,51307994
5325,5,2,19.101270414447896,72.87497836758068,urban,43300963
9247,4,4,19.120292692035058,72.85705322117755,urban,71316243
6548,5,2,18.958529495681685,72.79718496223214,suburban,26647866
4161,5,2,18.941529083328472,73.00640219534559,suburban,14169603
3441,3,4,19.03413895156666,72.86345841395912,urban,33483372
7567,1,1,18.8119913696772,73.04278165417776,rural,30122637
5591,2,4,19.359464488987086,73.05458407334076,rural,13794807
2101,2,2,19.031136388245688,72.89438802580906,urban,7531452
1980,3,4,19.205103892037588,72.78322338823408,suburban,16618003
6730,3,4,19.11847294989035,72.82969688686032,urban,47895243
9794,2,1,19.181507122922955,72.96498494087051,suburban,50538399
3776,2,3,18.97234349437211,72.98117486222665,suburban,16394053
6947,1,2,19.093970232290005,72.82961482911922,urban,50018024
5999,5,2,19.128118409421287,72.77985126587217,suburban,27470764
6773,1,1,18.884766577744962,72.64494866995598,rural,24990284
1799,2,4,19.060922055477263,72.89287746365451,urban,17338606
6318,5,3,19.121793721654676,72.87678026944252,urban,51681631
7201,2,2,19.1046050759275,72.8524596563573,urban,55215664
5494,1,3,19.20219505935075,72.99259059545021,suburban,28788841
7989,1,3,19.215303534044224,72.95103502549523,suburban,33547570
8769,1,4,19.1343067457011,73.00031199767693,suburban,46401173
3331,5,4,18.98541664963682,72.79201731815319,suburban,24754652
3221,4,4,19.133559046078933,72.79831581038637,suburban,19023251
2032,4,2,18.974140971596924,72.97535692194691,suburban,15479797
8929,2,3,19.180078787386332,73.02028686908868,suburban,42446887
5753,5,3,18.957969342759533,72.99017090272623,suburban,32281448
2496,3,2,18.829198258938938,72.63397359312785,rural,3983460
5811,4,1,19.052780594881966,72.88727322624322,urban,37295837
777,5,4,19.077942110936185,72.8715472506655,urban,7887218
3589,5,2,19.033948716736948,72.8569628858013,urban,34977929
1023,4,4,18.884002742901476,73.1363376435746,rural,1000000
4775,5,3,19.002921277712314,72.93516239388914,suburban,34205987
5865,5,2,19.095120533013407,72.91634708469903,urban,43698517
3622,4,1,18.90441808762043,72.6075847938324,rural,12679041
8667,1,4,18.90327666110141,72.70348937298589,rural,32438896
5690,2,3,18.89348188285464,73.1740114862085,rural,24328560
5075,3,3,19.10213064117672,72.90820508034827,urban,47802275
8227,2,1,19.2838911330732,72.62531216685765,rural,18818042
2297,1,1,19.065696205148193,72.92443106600949,urban,23168270
2631,1,4,19.042853065391363,72.86627113047007,urban,17714418
7822,5,3,19.105052150989202,72.89424232549105,urban,56734406
7000,2,1,19.18915186015744,72.74237425406577,suburban,31502617
1315,1,2,19.1031164368182,72.91595490392159,urban,16616158
9134,2,1,19.02438255225038,72.98359629511073,suburban,43342278
7166,1,2,18.918385593677968,72.66503778210229,rural,15857276
642,3,3,19.11790136315894,72.88975304864961,urban,14485937
1910,1,4,19.1116743081556,72.83985715066746,urban,14424053
1034,2,3,19.047052116752315,72.92472928642147,urban,12070918
3864,5,3,19.359110103538466,72.692415957047,rural,6603445
1532,2,3,19.062263275852853,72.87455985087288,urban,10972584
3842,4,3,18.939912185090773,73.0012712610133,suburban,18961263
6585,2,4,19.05759930746969,72.8566710459819,urban,48014956
5000,3,1,19.343099416751112,72.65418673682947,rural,12810170
1672,3,4,19.107668717722905,72.84881944308546,urban,9967147
9580,3,4,18.947405720464545,72.77709206527861,suburban,48189143
5017,1,4,18.98966682571821,73.02491261167434,suburban,30377976
8507,3,4,19.3339408774416,73.09926279427442,rural,16056601
2141,2,1,19.105642001825938,72.91253243517751,urban,16141369
971,5,3,19.13318891656659,72.79980224108684,suburban,4584417
3440,3,1,19.057649774744444,72.90605830049608,urban,24272843
9238,2,1,18.90878999588767,72.60803025705702,rural,35505090
5226,1,3,18.997063228146253,72.79325453115588,suburban,33306052
8170,1,1,19.000742659970186,72.99942688689825,suburban,37670863
4223,5,4,19.194748413868705,72.97911075411018,suburban,16076740
863,5,4,19.07590706477997,72.90334698458427,urban,17120795
3809,2,3,19.05576755047243,72.8925081664687,urban,31922117
1045,5,3,19.006096734545828,72.94126989579168,suburban,1604704
3740,5,3,19.28438053905495,73.14185144455507,rural,6402946
7165,1,4,19.034123489533084,72.89109994983555,urban,55123692
2436,2,3,18.855612011020092,73.0774464800848,rural,14708253
9654,5,1,19.04143847902276,72.9190212343978,urban,72727820
1382,2,1,19.276109223547568,72.6585587832736,rural,4647876
4340,3,2,19.102123983173772,72.83513024338049,urban,30995022
7423,1,2,19.08382968587554,72.85873628716732,urban,58736727
9562,1,3,19.176848824984074,73.00199690416342,suburban,39159115
5111,1,2,19.018897812305497,72.77470194813904,suburban,28470550
9557,4,4,18.991159064264007,72.77989694770766,suburban,50497811
5704,2,4,19.17662067876217,72.94289468105472,suburban,24995637
7788,3,1,19.191029967275114,72.9593967785125,suburban,22471672
3703,5,1,19.1142577609109,72.84204900886782,urban,38076140
2744,3,2,19.091542909510657,72.88370694520866,urban,13614862
518,2,2,19.04528089228862,72.8510475140489,urban,11187202
1141,1,4,18.969622622644902,72.9598288284334,suburban,1528697
3583,4,1,19.13577392353063,73.01910307732021,suburban,20484696
5700,2,2,18.952137651688627,72.95395672509352,suburban,31518527
9021,2,4,18.982123022038138,72.76432421027708,suburban,53710086
1365,5,1,19.109585785380805,72.8317576099319,urban,6948738
1273,3,4,19.195145974669593,73.01056312403834,suburban,6683493
5232,3,4,19.045199178212933,72.85619807797804,urban,36344370
4018,5,1,18.974509470549727,72.79475509307278,suburban,16258232
7295,4,4,19.030067811244454,72.90447684310101,urban,57447113
7484,1,2,19.134370718168135,73.02050218556383,suburban,40978341
3067,1,4,19.201818663836438,72.81514954039315,suburban,27660389
2174,4,2,19.129380882984215,72.82348628392705,suburban,11408966
1239,5,3,19.13634081609635,72.77901683561142,suburban,7787631
2045,2,3,19.054494783145632,72.90227768216937,urban,16585238
9827,3,3,19.103406097476853,72.91852773298518,urban,76128448
5627,2,4,19.011064807985225,72.94125345090343,suburban,30285297
7447,3,3,18.87210340864188,72.6542881003712,rural,15639889
7120,2,3,19.05170487313998,72.88989796254636,urban,40957043
9565,5,4,19.059827363070056,72.86430829880796,urban,73477672
5055,5,1,19.015446993719742,72.98692313350911,suburban,36529809
6145,4,4,19.20179502204616,73.01810092131272,suburban,32003209
9443,2,2,19.002425633384995,72.95126551594645,suburban,46910892
7624,2,4,18.807479964587724,73.14503696454663,rural,20773021
9545,4,1,19.15272019912538,73.01244103424071,suburban,44879948
4232,4,3,19.06100176092979,72.86234745399365,urban,33628414
2783,5,4,19.082013214170804,72.87404435559957,urban,24328470
9169,5,3,18.980019186690015,72.77234275687205,suburban,47719845
7498,2,2,19.150998323131773,72.99411207177674,suburban,38062962
5913,5,1,19.07389958788446,72.89264831867146,urban,47410289
1769,5,3,18.845695507726546,73.03654946578057,rural,5298731
8368,2,3,19.026985249952173,72.89388792781648,urban,69521874
3103,4,3,19.17681614698846,72.94038315351797,suburban,26399402
6461,2,3,19.1158426003028,72.86174907647776,urban,41181989
9069,1,4,19.373355314934944,72.58379301398868,rural,21546462
8057,2,1,18.944620002218105,72.96875453601999,suburban,28793298
2180,1,1,19.1214397358267,72.86431962495537,urban,19066699
8933,2,3,19.240530933360958,73.0506051632287,rural,32247043
9611,1,1,19.064298093508963,72.84763428397122,urban,73017313
6182,1,3,18.944621387131694,72.97656734906734,suburban,30976328
8584,2,2,19.249092403197515,72.69878686978761,rural,21780359
5867,5,2,18.974545720076556,72.75013429882728,suburban,31544590
569,3,2,19.265184623078333,73.15543252818586,rural,1000000
4424,5,1,19.24310749551247,72.60030435760937,rural,18153951
6700,1,3,18.819782623303986,72.72633806121175,rural,28423704
2507,2,4,19.086928870872228,72.8459415954878,urban,28054239
9492,2,4,19.028821368631277,72.87439467566834,urban,83846839
8619,2,2,19.15905204992785,72.7474743071917,suburban,46219669
3279,2,2,19.187442312120922,72.95700337463465,suburban,18113895
5420,3,1,18.955774397289538,72.82076914468448,suburban,27391331
1255,4,4,19.108236970090918,72.86830285422471,urban,13736821
6995,1,1,19.31970020169732,72.71324984462971,rural,20436380
6435,3,2,19.241069823490587,73.15692878817542,rural,24583179
2830,5,3,19.215089276316967,72.96407698742271,suburban,14725939
6205,4,3,19.110655055163846,72.82872414209906,urban,43305519
8801,4,3,19.05256931614063,72.91853383212926,urban,67985251
1516,2,2,19.064817606058483,72.89833759257976,urban,7919171
7847,3,1,19.140001205615352,72.99553716014113,suburban,38522161
8716,5,3,19.333598770964702,72.67912925684199,rural,17373110
5438,2,4,19.042626018096705,72.89048490177342,urban,42408624
3338,2,4,18.992243237121905,72.78936249939507,suburban,12861627
1237,1,2,19.143886166122254,73.01290088935723,suburban,9299376
6700,4,4,19.083773000313816,72.84053330670825,urban,50779076
8871,5,4,18.957289030559977,72.82589006279105,suburban,36782805
731,4,2,19.15637976968061,72.93942115505304,suburban,3009095
2417,3,1,19.37047015977626,72.61162543732237,rural,4564848
9034,1,3,19.222346624346294,72.94171176706625,suburban,46335204
6418,2,2,19.191673962685236,72.74555232276144,suburban,34388661
3123,1,4,19.066183545831077,72.89015670184429,urban,20533794
9146,2,3,19.065820575696524,72.83183508927023,urban,65917123
6901,1,3,19.098970803181174,72.89179460630552,urban,52443144
7572,2,3,19.0683712812756,72.85798295608802,urban,59698503
2776,4,2,19.058072583832736,72.90180286237118,urban,25283595
7893,4,3,19.098916087897955,72.90959184203413,urban,66161402
9287,4,1,18.94978195717639,73.00349442021061,suburban,38472638
4374,4,4,19.015838744540122,73.00387522660361,suburban,28123195
5030,1,2,19.1242111405295,72.91520892674501,urban,42107862
7664,2,2,19.07934616019212,72.86291835651022,urban,62979170
4997,4,3,19.178684303594743,72.75426981668967,suburban,24867445
8433,1,4,19.03336659986499,72.90818540948949,urban,65297468
2635,2,3,19.190149708170516,72.93175796139053,suburban,15975538
7227,1,3,19.177064136869433,72.94654514922055,suburban,35089932
2065,4,2,19.027428116459735,72.91885506334513,urban,22007919
808,3,1,19.03161079550302,72.8643011421464,urban,1388678
9034,1,4,19.04657716372715,72.90180331022074,urban,72273384
9127,4,4,19.096718465748154,72.9083222411962,urban,73355796
8868,5,4,18.833478754813253,72.63895202595,rural,34098433
638,2,4,19.089635870010888,72.83922055849668,urban,15869614
693,4,1,18.95754871507978,72.8173102242137,suburban,3376870
3757,5,2,18.975431719417294,72.98073569045357,suburban,27935693
3735,1,1,19.103605249897885,72.87554706208722,urban,29952676
1442,1,3,19.068758807364734,72.85653334567729,urban,13349107
5120,5,2,18.90679409739236,73.0562513811614,rural,17776840
6220,5,1,18.79558675283215,73.14244375923484,rural,10811383
6853,2,4,19.02623900905955,72.8769116304862,urban,58376345
5457,1,4,19.067257319931507,72.90530066213421,urban,34998972
9645,5,2,18.98571044933025,73.01411128075237,suburban,52010919
9994,3,1,19.062585808625254,72.92109408986688,urban,63672343
3881,3,2,19.02717296223269,72.8667789424007,urban,29421809
6339,5,4,19.051970326006654,72.88088607224431,urban,50548127
3380,2,1,19.053876680027862,72.91469080454615,urban,29315418
5387,1,4,19.119713825285327,72.91261342970739,urban,48397102
1045,3,2,19.165856784522795,73.02669337655362,suburban,5007543
2427,5,2,18.99043910633714,72.93706928211988,suburban,7761815
4652,5,2,18.953143255576816,72.93994591328885,suburban,22542693
504,4,2,19.124708798405383,72.86032421024991,urban,6844345
6033,5,2,18.995810497756715,73.0180302166093,suburban,32221981
5878,2,3,18.932647249662477,72.74975129397265,suburban,20373145
6733,3,2,19.034354762035214,72.82961745412538,urban,49199100
3163,4,2,19.063583119643777,72.89823535844769,urban,23216298
9965,3,4,19.074752921346892,72.90156518928106,urban,75760575
3826,3,2,19.093057084872612,72.88499071893685,urban,33411309
4159,2,1,18.78087513789127,72.61844233484699,rural,5804331
1631,5,2,19.150216056432004,72.75633603732228,suburban,14966192
5263,2,3,19.118429609683886,72.87874530176244,urban,44341657
7237,5,2,18.998035862097087,72.78921610396215,suburban,27447373
5592,4,4,19.04799729993882,72.87474215860267,urban,42368942
6522,2,1,19.115256883529298,72.84688693428613,urban,50675752
3659,2,1,19.05478700121241,72.91299881280516,urban,35784321
6659,1,2,18.99207437224395,72.73145865980104,suburban,26515916
7818,2,2,19.07021434216986,72.83726099391927,urban,51004841
8945,1,2,19.12521757952986,72.91671420448756,urban,68476784
5807,5,2,19.107756225287613,72.8434342470561,urban,40950050
9020,5,4,19.122935805784792,72.920615128568,urban,69948080
3544,5,4,19.169567144199753,72.99586370297014,suburban,15866197
6136,1,1,18.86453821707506,73.04465685335812,rural,21018416
3392,5,2,19.17364851184425,73.02639694550594,suburban,21795284
5788,3,4,19.023052239641082,72.77852730363956,suburban,27083646
6312,2,4,18.92209549576954,72.66568269284564,rural,25670513
1154,1,1,19.090309682102138,72.92343458487781,urban,9193844
5981,5,1,19.08845849045553,72.8971877706386,urban,48979147
1259,3,3,18.98634370995744,72.77138591310481,suburban,3693071
7282,2,4,19.101960634526794,72.91339116470203,urban,52289420
2298,2,1,18.959711405571692,72.7297191198076,suburban,18473569
5659,5,4,19.038464674891692,72.87844753983862,urban,45946927
8946,3,4,19.11632360786938,72.92209348687312,urban,69931022
5762,1,2,19.16402059384324,72.75512959384835,suburban,25643802
4323,5,2,18.907451041673085,73.16039169573837,rural,13941599
2376,2,2,19.076475053126583,72.82953074308202,urban,18827736
6654,2,2,19.107603625069626,72.87539603662309,urban,50897714
8287,2,4,19.018497164245844,72.80876085171286,suburban,50590434
5016,5,3,19.094627886631972,72.85764094928675,urban,41115015
4234,4,3,19.038769051731144,72.91946488262359,urban,28135326
9936,4,3,19.12165310590158,72.8415575872767,urban,79028837
6472,4,4,19.002976414669014,72.76848792803936,suburban,32005805
7139,3,3,19.249788753935544,73.07818640626061,rural,15793975
5856,5,4,18.929755780364374,73.01187882498255,suburban,27020428
6880,2,1,19.098067336585675,72.87465728430874,urban,58026103
1508,3,3,19.079015462815555,72.8911452660006,urban,8132869
4814,4,4,19.09912866374946,72.83738461725106,urban,33551897
3008,1,1,18.892266948548066,72.5832585213046,rural,6567377
5258,3,2,19.15284742108082,72.78550886878757,suburban,25348971
3182,3,1,19.035118019255187,72.84849611319042,urban,20159947
7811,5,1,19.190015979758233,72.95001825570527,suburban,45004301
1489,3,3,19.136008089490346,72.82351236504076,suburban,6625179
8946,5,2,18.811996070668748,73.12760415242695,rural,19627563
5211,1,2,18.89009690972694,72.60585285092716,rural,14733039
6979,2,3,19.10728534398938,72.88612335497092,urban,57690989
7464,2,1,19.2000368367797,72.76324929215488,suburban,39183702
8575,4,4,19.155197734889693,72.99497291785909,suburban,47551190
4952,4,3,19.030473263616187,72.86569089337239,urban,42477144
8947,1,1,18.990927021582014,72.77175291595415,suburban,42738651
1507,2,4,18.93265805898607,72.77284897315663,suburban,5239174
6996,4,3,19.107694092346165,72.84686388623152,urban,51270012
8188,3,3,19.139233901229296,73.0138250240001,suburban,41504573
4408,5,2,19.12797427478979,73.02112267484394,suburban,15235334
3303,4,2,19.05609363017524,72.87935978711707,urban,21197738
4879,1,2,19.108291839043417,72.83872927350359,urban,43628930
598,2,4,19.161893290323754,72.95958666732456,suburban,8087389
8888,1,3,19.103846727597723,72.86771040345769,urban,68239148
1377,5,2,18.826326753550315,72.66853317765579,rural,11412442
2368,5,2,19.12512152946251,72.88125744672357,urban,22079335
3165,1,3,19.12485747328305,72.90241991062648,urban,24427700
1888,4,4,19.038072229026316,72.90729661686004,urban,9708423
2915,4,2,19.009871435853018,72.98093286083866,suburban,14361572
9261,2,1,19.215223045521938,72.8066575789743,suburban,50838409
3137,2,4,18.93255062240417,72.93664873512596,suburban,18735997
7742,3,2,19.051918004860774,72.83580009493822,urban,69268747
9757,3,1,19.36978615338775,72.66886947691256,rural,27487006
9113,2,2,19.081287311979533,72.84901819246599,urban,56658989
3383,3,4,19.092956572816707,72.83231149890074,urban,29112234
1704,1,3,19.0463094926312,72.9221663750934,urban,1101023
1044,4,3,19.121350752459076,72.87596551918135,urban,7581944
1723,3,4,19.04290717389138,72.8698620061035,urban,19348656
3672,3,2,19.11370708332919,72.83472740544362,urban,37287638
9459,1,4,19.038786857716353,72.91726528458561,urban,66525812
6950,5,1,19.288307510103913,72.71518120922865,rural,22870142
7020,2,2,19.11424481779608,72.87671033716245,urban,61545709
1154,1,4,19.142299430786125,72.7382940245072,suburban,6007622
7321,5,3,19.02369766492117,72.76960098922505,suburban,35424858
2946,1,4,19.079313581198058,72.85562683322054,urban,32406579
6392,4,2,19.157587628089196,72.98788525324326,suburban,37948433
8912,1,4,18.98648076022192,72.93845679718291,suburban,45111619
4166,1,3,19.043460555047005,72.89101172449564,urban,24349450
4777,4,1,19.23841171440561,73.13094692488184,rural,11740743
4902,2,4,19.0030491658494,72.99239851993781,suburban,21300143
3069,5,4,18.84607237772781,72.70902419099939,rural,1065999
6015,3,1,19.336066386238194,73.03297082904234,rural,23462699
9705,2,4,19.047495601861065,72.82971905591043,urban,76895113
4485,1,3,19.035537869850618,72.85583914776363,urban,30728148
8667,3,1,19.035291745158315,72.91431194300299,urban,63229769
7948,4,3,19.235911068576673,72.59855244512327,rural,20935342
4810,2,3,18.910885760815493,73.03147869714078,rural,8781381
3519,5,3,18.966962193542624,72.76066463755114,suburban,33332079
4181,2,2,19.08014768519919,72.84516840906295,urban,28849739
4696,2,1,19.110095389463527,72.86045549363602,urban,34427192
1072,3,2,19.373926729416933,73.08542866968413,rural,1000000
5253,4,2,18.79186237793274,72.64258787552134,rural,5509122
7582,4,4,19.066839878332726,72.91639155059437,urban,53104712
4502,2,1,19.117772521298434,72.8713768931117,urban,39841290
6129,4,4,19.050072383536875,72.89246713844335,urban,46839357
8917,3,2,19.121458433382053,72.8899446459573,urban,70379612
4700,3,4,18.78286663423884,72.67612880525411,rural,15126874
2497,5,3,19.01474331675834,72.96358344189377,suburban,16827322
9463,4,2,19.19131103382523,72.79828607550513,suburban,44846050
7922,5,3,18.935650379080585,72.74776633870344,suburban,49244755
5024,1,1,19.03382909511383,72.87751314551194,urban,42564243
9125,3,4,19.102534375569594,72.84002358929114,urban,72657446
3907,2,2,19.190143746693604,72.77491446088978,suburban,20654465
7231,3,1,18.982462477383375,72.758370340278,suburban,29451511
8295,1,3,19.04745942732316,72.91803340638141,urban,66965603
9557,2,4,19.058937507529745,72.92625058148366,urban,72303068
3293,4,4,19.03062045976501,72.8772875814953,urban,22992566
7834,4,2,19.058498716444635,72.9272965037051,urban,55523480
3411,3,4,19.225003475636463,72.9512243291853,suburban,22605914
8452,2,4,19.200967221871704,72.73873255686057,suburban,35208479
2915,2,3,18.939529104493865,72.93402924553958,suburban,12701792
750,5,3,19.331025633375607,73.05624785945972,rural,3036861
5451,1,3,19.220426516970136,72.7379033507722,suburban,25605241
8598,4,1,19.05839926379722,72.87766113689463,urban,68591442
5789,3,1,19.04183611842806,72.92309531631163,urban,50422595
8602,2,4,18.901760505543376,73.14191344369856,rural,27534438
7757,4,1,19.18337207976966,72.82298261756057,suburban,40103222
6065,3,2,19.07043912383212,72.89541912172406,urban,44970135
6937,4,3,19.20375619262109,72.82468594822367,suburban,28734360
9610,3,1,19.198979173868924,72.7463944574188,suburban,47630085
1673,4,4,19.260447957050914,73.04090441592098,rural,3482561
9124,5,3,18.924797616217663,73.11617468596668,rural,30289119
1335,1,1,19.011042390046182,72.7525556336559,suburban,5284776
2762,4,3,18.932007810738682,73.00751225224703,suburban,19669316
9589,1,1,19.089914215237258,72.9088336119536,urban,70075375
5067,4,4,18.990913049652015,72.80679824051629,suburban,24229800
4315,2,1,18.95256641219276,72.93677028969381,suburban,23521073
746,5,1,19.160890393997846,72.79787222094582,suburban,5802270
2929,5,1,19.18285986361065,72.98152567211655,suburban,17754313
9682,1,3,19.369966062688434,73.17021813857444,rural,25339877
9618,2,1,19.05978276291677,72.8322548664062,urban,72982791
5787,3,1,19.111024876630992,72.91635182382967,urban,43098743
3107,5,1,18.974170171631375,73.01166780344607,suburban,17216690
9766,2,3,18.851063908560736,73.08227170984836,rural,34038658
6430,2,4,19.264914370613457,73.11200965763564,rural,15534371
4522,1,4,19.008520812382706,72.8266606659673,suburban,20033515
5284,2,4,19.375151627849007,72.59431709368582,rural,15129221
7117,2,1,18.94744747022334,72.96938527162638,suburban,34279480
3651,3,3,19.062862828188468,72.835842208173,urban,36106738
6080,1,4,18.96262048019704,72.81021349777873,suburban,33879070
7554,1,4,19.04499764622638,72.85051240252673,urban,61819235
8206,2,4,19.121730563937618,72.83823959120238,urban,67467472
8119,3,2,19.075884253924603,72.83396865074016,urban,59073095
5073,4,3,19.03503909920822,72.89105003621384,urban,40779741
3991,5,2,19.089072726305858,72.84701202813243,urban,35885594
1206,1,1,19.11324865152584,72.89791869956831,urban,9344057
7497,3,4,19.056061058287117,72.8525386558009,urban,53721725
5733,3,1,19.101428525313082,72.90106239241327,urban,48994211
9445,2,3,19.140883191153144,72.79278121513298,suburban,46883570
6255,5,1,18.996585580391415,72.79894360375052,suburban,34367569
7460,1,1,18.813468294033417,73.14470780734038,rural,22246827
9279,4,4,18.925920937243045,72.7189764492617,rural,36015933
1834,2,3,19.154548113889838,72.80840453993518,suburban,10743518
6088,1,1,18.938411826057028,72.76768726529421,suburban,19297876
2347,1,2,19.10264040160966,72.90328255910768,urban,19044169
7351,3,4,19.054940364101526,72.84654268915568,urban,58463233
7711,5,2,18.94460181238606,72.96065647326512,suburban,31559954
8365,4,4,19.02163483869522,72.77777110510885,suburban,50849883
3817,5,1,19.32680672198422,72.57811793577964,rural,1000000
7311,3,4,19.136031054689195,72.79593268805272,suburban,40738198
664,4,1,19.102576102410392,72.85092116618922,urban,1000000
7560,4,2,18.782960192095203,72.63437180979604,rural,26614779
3557,2,1,18.968767785755375,72.97282768676641,suburban,20374044
4928,4,4,19.277624004441787,72.59645325202446,rural,21497621
902,1,4,19.193460345116,72.80183927776538,suburban,7003115
9105,5,4,19.080866678030215,72.91845139783631,urban,72947933
8736,5,2,19.04757298992502,72.92603783020856,urban,66220873
6849,2,3,19.10760592289448,72.92262268834271,urban,43742237
4657,4,2,19.0472365732275,72.87076580785826,urban,47933683
1367,3,1,19.035763392183362,72.84139696065591,urban,8990236
8710,1,1,18.9976041336413,72.73253743395267,suburban,44288093
864,2,2,19.273194846060033,72.5845140021743,rural,1000000
7967,4,2,19.362046851986648,72.58861688092414,rural,16869260
7071,3,1,19.15031334297916,72.72804110448811,suburban,35681721
1079,4,1,19.093170574956773,72.91218116949578,urban,11988043
8174,2,1,19.043515099442466,72.88860416799449,urban,70949442
9237,3,3,19.163517277692826,72.95212890696392,suburban,52166256
6968,3,3,19.113197406379797,72.84128815472269,urban,55245322
4650,3,2,19.35771757410273,72.63759641017873,rural,11848265
3539,3,2,19.35029776913863,72.65128382799878,rural,10683653
4637,4,3,19.039880668399253,72.88474153812082,urban,35702641
952,3,4,18.970683294574894,72.95708964856674,suburban,7036232
7037,4,3,19.069936688596837,72.90825301539135,urban,51087008
1881,3,2,19.18194862576265,73.02106785863468,suburban,6752406
8654,3,3,19.114749530315724,72.87975251380142,urban,66359768
1967,2,4,19.081803480364034,72.86438079954556,urban,18025043
3238,4,2,18.985983087653945,72.73438985127085,suburban,16304733
8072,4,1,19.013854227832717,72.74467890881961,suburban,42057330
9908,5,2,19.154464731446147,72.78445997797104,suburban,46659601
7247,2,3,18.966785974316355,73.00980510229385,suburban,30115737
1380,4,3,19.193650311322642,73.01117669737641,suburban,7470984
3649,2,4,19.00057547949636,72.792682695575,suburban,10475464
8776,2,3,19.358865858687043,72.60913308699622,rural,28327344
8392,2,4,19.373560044593578,72.66185191558648,rural,16426439
4644,1,2,18.944157962002706,73.01850383116704,suburban,20237909
1668,4,3,18.976430330242017,72.80813703512966,suburban,12240814
3629,2,2,18.94061151230146,72.74408933657446,suburban,22222435
4145,1,1,19.030730680695868,72.87868420978263,urban,34544972
3026,1,1,19.07341009290788,72.83627639777772,urban,25405790
4016,3,4,19.34523349335854,73.07023854109079,rural,23900258
3867,3,3,19.24122317939825,72.59859452406356,rural,5190817
7838,4,2,19.164842270897868,72.76475110506767,suburban,41720965
4055,3,2,18.927457750904107,73.00731080420938,suburban,23368303
5611,4,3,19.041338021757788,72.82947335248939,urban,45871748
7252,1,2,19.084537136776962,72.84211206118398,urban,52602219
945,1,3,19.204043345648884,72.96930761401782,suburban,6975421
6864,4,3,19.01863507375383,73.02730650799447,suburban,37692845
4126,3,1,18.90626046382897,72.67777825937279,rural,17677064
4516,3,3,19.05568010781156,72.92114685596549,urban,37856950
4375,4,2,19.19813418290221,72.7321083594406,suburban,12874170
5997,5,3,19.101454151946918,72.897396710708,urban,51701609
6738,3,1,19.35592437364692,73.13032248451873,rural,16136373
761,2,1,18.828781022535786,72.65044975400772,rural,1000000
5492,3,4,18.975003445293414,72.9315454983151,suburban,22898739
4525,5,2,18.788392735931787,73.172053449567,rural,13041566
8783,1,3,19.020313610121303,72.82534586122537,suburban,54120870
4722,1,2,19.125967230656087,72.91462967374994,urban,41028522
4675,1,2,18.932689237911802,72.76534584950072,suburban,16529947
9674,3,3,19.05796983743972,72.8304364003451,urban,73150769
3943,1,1,18.934174937177737,72.9495430624649,suburban,23868570
5511,5,2,18.827154902768427,73.05142453226296,rural,15501886
1193,5,4,18.99309275185702,73.00339306529486,suburban,1000000
8847,3,2,19.066706874028856,72.89421132062886,urban,65332608
2312,2,1,19.043147094593863,72.83964172725777,urban,24939655
6224,3,4,19.06502122410622,72.85635592178618,urban,56275470
1907,1,4,19.09090956642351,72.92465685365214,urban,14226545
8532,3,4,19.026446893592915,72.91793799124606,urban,64279419
9908,5,4,18.982677696360952,72.76129922707324,suburban,39876113
1910,3,3,18.96865413388779,72.81796881728087,suburban,9941337
3997,3,3,18.94707199576805,72.95060982314443,suburban,17749101
4872,2,3,19.068808051247878,72.85806389828092,urban,28462995
7894,5,4,19.10469675641224,72.90082166522248,urban,57369692
1051,4,1,19.090610888447166,72.86496713684232,urban,3335635
9868,4,2,19.04864703240213,72.87928949509981,urban,76425941
4832,5,4,19.107710410032876,72.88526649703843,urban,46968301
1497,4,1,19.1230139643195,72.82924374880625,urban,11989646
4576,1,2,18.926165321861138,72.99684090463587,suburban,23172788
6599,4,4,19.27624285516512,72.65144880078702,rural,31888670
6055,1,2,19.2020649472367,72.96110344288793,suburban,20138866
4552,5,3,19.192281120291213,73.0210659181472,suburban,24972928
5803,4,3,19.061294179930922,72.91716870362362,urban,51423129
8618,4,3,19.328458409218488,72.66945860304409,rural,26744938
6602,1,1,19.09814892720478,72.86298864906904,urban,41815987
5990,1,3,19.033056619777238,72.88892890872464,urban,55224522
9064,3,1,19.058300687049385,72.86154565083106,urban,73635397
6116,2,3,19.07391701307479,72.89944747673285,urban,48594618
2748,4,3,19.15363304776363,72.93579459157789,suburban,8461123
1348,2,3,19.23423881346746,72.62310972351617,rural,14102250
6854,2,1,18.960124119235186,72.95523904497509,suburban,37009527
9195,4,2,19.04927835713001,72.84986100031682,urban,73206028
8570,1,1,18.99461694939555,72.81796533218719,suburban,45468374
9394,3,4,19.214512049532953,72.76617637464318,suburban,52281983
4125,5,4,18.805399888891735,73.03696828756074,rural,13105848
814,4,1,19.158529639264426,72.78455296823344,suburban,4435654
2876,4,1,19.142522978097837,72.81648702823183,suburban,4464969
9732,5,2,18.98968187740481,72.80584006218885,suburban,46511446
4878,2,1,19.129682340053797,72.76767188176677,suburban,34268765
8949,3,3,19.08581964141313,72.8891125164446,urban,64914473
1074,2,2,19.106922419135866,72.85069047556095,urban,7559781
6085,5,1,18.979653536138073,72.73151126618083,suburban,25609876
5992,5,1,18.779698428797367,73.16680485696158,rural,19084650
9449,3,4,19.152393035588215,72.75200758433377,suburban,46794118
3310,5,2,19.31433351805361,72.6230256157263,rural,7885195
8634,5,4,19.077937902307283,72.86929554816834,urban,63965350
9796,3,1,19.130470837457743,72.74113120808968,suburban,51296188
6170,4,2,19.085404731996892,72.85448843051581,urban,55783812
8215,2,3,18.92178034339417,73.02791432062504,rural,15629773
7067,4,1,19.061988632635117,72.84653959459972,urban,53343362
3959,4,1,19.152505808563753,72.75773396226951,suburban,19761198
6617,2,4,19.046677584302003,72.87426439341365,urban,47313837
4492,4,3,18.92685205985006,73.02086743982342,suburban,28776057
8337,3,1,19.273953357019714,73.0640255960506,rural,29838792
703,2,4,19.072005207912877,72.86181205134068,urban,8056435
3275,1,4,18.81427436091944,73.06322997557459,rural,4523261
2492,4,1,18.882778012102705,72.63879068230287,rural,12342378
2743,5,2,19.093178142550034,72.84523389860374,urban,21630205
8998,2,1,19.15427113697217,72.95231156854052,suburban,50001340
2187,1,3,19.033574640227137,72.8795256449961,urban,29292689
4609,5,1,19.034746705564306,72.86140559899331,urban,36826540
2360,1,2,18.95732939070489,72.96895640550117,suburban,11993546
5676,4,4,18.964414282410097,72.7536730887518,suburban,26020996
1222,5,3,19.05593999010959,72.89172939169511,urban,17114532
9471,4,3,19.12252232601806,72.84908715366699,urban,74142271
9220,5,3,19.324137145356683,73.16368847616026,rural,20685913
5393,2,3,18.994315577350466,72.76101289347935,suburban,23571631
843,3,2,19.062016055053338,72.85349740268171,urban,17735116
5898,3,2,19.00353782972216,72.8097240736473,suburban,29168821
8900,1,2,19.121509979532597,72.8661770645322,urban,61700375
5236,5,2,19.030910330690805,72.89959118136726,urban,42606297
3906,4,4,19.17982043344636,72.75533553861543,suburban,18069618
1419,2,1,18.935456401903654,72.94174401927269,suburban,5824494
6319,2,2,19.060156922402314,72.87683888159975,urban,51340193
2544,2,1,19.218571378100773,73.018396422935,suburban,13608308
918,3,3,19.04825269339436,72.90066763772137,urban,8796333
2249,4,4,19.164349174409047,73.02081829275411,suburban,9298235
7878,2,4,19.040125795320396,72.91193851746335,urban,51485258
1599,2,1,19.1976907595119,72.74555783217762,suburban,17002254
3892,1,1,19.114479268774947,72.89546203566472,urban,38769806
3272,5,1,18.960843919710143,72.7694416136902,suburban,17600375
7284,5,4,18.98443916861194,72.94098212459332,suburban,42780337
2045,5,2,19.100810195777356,72.84306474528877,urban,17649609
1570,1,4,19.04840206676112,72.89735456220662,urban,8874630
7022,3,2,18.99903490659027,72.81070591394135,suburban,36358217
2350,1,3,19.042089535605417,72.86211485790474,urban,19056185
5553,2,2,18.983156970760145,72.78008600144096,suburban,35264995
3439,4,1,18.934746150060086,72.99356252211763,suburban,18043241
7694,2,2,19.161771971953762,72.77740475008153,suburban,47073495
6351,2,2,18.787003574175056,73.06119640665712,rural,16225792
7173,4,4,18.94822772529943,72.74496169848128,suburban,33987880
1178,5,1,18.972330693024425,72.81933256378602,suburban,14847462
1488,1,3,19.17464515339584,72.94354890589236,suburban,14327528
2002,3,2,18.876324522687202,72.71052400943599,rural,5686521
2289,2,3,19.049524659870972,72.92272218357375,urban,19956811
5781,2,1,18.871795751328985,72.64183206422803,rural,16849521
5527,3,2,19.285058177985196,72.6739809689336,rural,16618722
1925,1,4,19.11983035645658,72.90777447783462,urban,13348080
7154,2,3,19.04810109890219,72.86096744277484,urban,66909625
2940,3,4,18.788763233287707,73.10829193937118,rural,5436812
7356,2,3,18.961185551804864,72.75148361820922,suburban,39454019
7867,5,1,19.106222507347002,72.9211549198464,urban,62125031
9970,5,2,19.208060975815226,72.93234340606148,suburban,38731410
3094,2,3,19.114489292564635,72.83046964490453,urban,24784733
5189,2,4,19.105417464881995,72.91268437319036,urban,38852925
2936,5,3,19.167546456208246,72.96318547528233,suburban,13744737
6017,2,3,19.130891887166236,73.0022382956311,suburban,25129713
9719,1,3,18.78429955579866,72.68318848058375,rural,35765138
6810,1,3,19.02003173489632,72.98132786846519,suburban,28407471
4039,4,3,18.92149983422328,72.62933009683863,rural,10834949
3983,1,3,19.027075276720307,72.85474369261803,urban,27818990
7871,2,4,18.955639425730244,72.74057462759585,suburban,34042985
2741,2,3,19.033071678453876,72.8285641400337,urban,25342567
6878,3,3,19.04752064216562,72.83483172920543,urban,55394416
3265,1,3,18.87209268663461,73.09371886624308,rural,5434661
9865,5,2,19.040232931024462,72.87409880488266,urban,71926223
5411,5,1,18.92464225373662,72.6917868367817,rural,19155829
903,4,1,19.03783515759436,72.90910045973173,urban,10657970
3882,3,1,19.046121239230818,72.90318897116462,urban,29696170
4663,5,4,19.073389303945582,72.87567430931452,urban,45423282
8130,4,4,18.961480566389437,72.93212777116331,suburban,50035039
587,1,4,19.058684348977252,72.86938225005018,urban,2968545
9850,3,3,19.168994079719482,72.76001128691746,suburban,60291843
6316,3,1,18.93008949079203,72.9451487410977,suburban,30296189
5970,2,3,19.116562718452517,72.82824914008695,urban,44423764
6776,1,2,18.926869391844104,72.82410426643729,suburban,36760584
6239,3,1,19.00198932874511,72.97157216401129,suburban,33438975
4773,4,2,19.2417077706753,73.03875108479316,rural,14571360
7023,5,2,19.05167507006742,72.91985329735952,urban,45510147
5503,1,3,19.06498425188879,72.90410073920945,urban,34106202
8538,1,1,19.045018819453894,72.83416792257266,urban,57781226
7106,3,2,18.970572021151636,72.74549075996295,suburban,35791778
2564,3,1,19.18062046035351,72.95710322840311,suburban,10615123
5815,3,2,19.326173428135796,72.68563447743229,rural,14303053
817,4,2,18.835231832232008,72.5988682154968,rural,1000000
2002,2,3,19.103174236270444,72.85713051509111,urban,21162083
6630,3,1,18.97569412096174,72.82575936270972,suburban,37590434
7919,2,3,18.972626065243954,72.75217176775699,suburban,37489485
2542,2,3,19.320142550275236,73.03620281204313,rural,4792955
5098,1,3,19.02780191909073,72.90802676604225,urban,34449738
618,5,3,19.17393463512675,73.00949935628897,suburban,2866382
1209,5,3,18.82895932923923,72.6732101741327,rural,10016774
4057,4,2,19.05141761751145,72.89963559118752,urban,37093001
3750,4,1,19.14533826510772,72.99991676836727,suburban,21460639
8561,5,1,18.88420523419269,72.60597590937822,rural,19692921
9109,5,3,18.822289644571196,73.16628629461361,rural,26319836
3103,1,1,19.05293213202131,72.85710140866202,urban,21739888
1601,1,2,19.0565286337401,72.86050319838843,urban,11878858
4921,5,3,19.095700917711934,72.85477581433254,urban,43656706
8357,3,4,19.26888832322757,72.64213781247261,rural,29714971
8677,3,4,18.871266874017934,73.03639105829242,rural,37973163
6582,1,2,18.994269232290176,72.74269578664189,suburban,27742751
7158,2,2,19.00317878427123,72.9470427574003,suburban,42335779
2761,5,4,19.122486880763365,72.84600697205292,urban,22761563
8521,4,3,19.014457878330326,72.96640993454099,suburban,40555707
1008,3,2,19.106625297369195,72.8745889294483,urban,20018578
2879,2,4,19.01975388116477,72.73563323082924,suburban,23473826
9379,3,3,19.19285317304942,72.99444882715552,suburban,45937994
5252,2,2,19.02563953408427,72.81889629716558,suburban,23273475
9984,5,1,18.806901057643458,73.04750184150882,rural,20671973
5995,5,1,19.08719737505093,72.82775590939029,urban,53423145
3709,5,1,19.16890642684912,72.75652245293983,suburban,9484156
7898,1,3,19.21109038319947,72.76166951059007,suburban,38081639
7243,2,2,18.940508581988865,72.82575999704784,suburban,31696518
6148,4,4,18.992628114243015,72.7578349744778,suburban,39049103
5671,4,2,19.054126881995728,72.8633436833407,urban,53894660
8390,5,1,19.076954174332233,72.8859691531798,urban,57022029
824,4,1,19.055204190607718,72.92693953688453,urban,8253325
4057,3,3,19.09970046732223,72.85511520098201,urban,33549555
4087,2,4,19.190043219126768,72.78416287988574,suburban,19319573
651,2,3,19.058895007077684,72.84648539881533,urban,2920463
1454,2,4,19.021386374121498,72.72926907681322,suburban,15310836
4854,3,2,19.048051846840227,72.87687684734276,urban,35410510
7660,1,3,19.155163932204488,72.80440999656766,suburban,48234040
9883,3,3,19.133484840741364,72.77680070503669,suburban,47043869
1187,2,3,19.079252929874766,72.8597440623139,urban,14179732
9001,2,1,18.96896790790752,72.81951814556254,suburban,49163324
3627,2,1,19.261624791236923,73.09341345698827,rural,5920593
7263,4,4,19.089118366171668,72.89057577281596,urban,48197423
3895,1,2,18.984663525257133,72.80953768430035,suburban,14939133
9505,3,3,19.12265153699888,72.84624427243882,urban,66927802
1345,2,1,19.03290591789646,72.85415611854921,urban,14916120
1664,5,3,19.167292033473426,72.95831884218201,suburban,8306148
6404,1,4,19.075302767248708,72.85231278816593,urban,55946170
5860,5,4,18.7834701414656,72.70894057704182,rural,20366941
854,1,2,19.050528485920957,72.83537721216533,urban,5848606
2372,2,4,19.10116526846298,72.85898108341767,urban,19695310
2524,1,3,18.953016200809365,73.0039737467697,suburban,5321710
3317,1,2,19.177836363873748,72.7757407823779,suburban,15072228
4332,2,2,19.128563085000316,72.79601996563513,suburban,22806329
8757,5,1,19.049680322271666,72.84138799897465,urban,66007450
3081,5,3,19.312420864242586,72.68181848571035,rural,6458863
9822,4,4,19.34900191484671,73.10580454626246,rural,33736004
2986,5,1,19.15381826756954,73.00698655644774,suburban,11404765
9526,5,3,19.14941205146586,72.7956995480288,suburban,52553321
8918,1,3,18.990228219817492,72.7873440384107,suburban,49944921
2943,4,2,19.042163252651786,72.8617896535083,urban,26572361
9419,2,2,19.10629353031038,72.87680753543772,urban,65718260
1536,2,3,19.071821748327597,72.84333511762759,urban,13344298
9184,3,1,18.89936452422042,73.03414252465252,rural,31359775
7935,4,2,19.07480140380729,72.8686232355213,urban,60377186
2048,1,2,19.15353775718116,73.02670465403514,suburban,5192664
9835,3,3,19.104884689913163,72.84875455933316,urban,71011132
5565,3,3,19.150704120860876,72.77086086328153,suburban,30230803
6996,2,2,19.02774254619089,72.84192187211495,urban,51607015
6683,5,1,19.003687895896903,72.98048495157998,suburban,31767985
4457,1,2,19.057187866398802,72.85160709360038,urban,23511924
3907,4,3,18.802578323226,73.0521165477021,rural,20094279
1139,3,2,18.78630042253762,73.06253163653642,rural,1000000
672,1,3,18.9280241105984,72.80062262038788,suburban,6861903
6166,2,2,19.074377229133802,72.85080576590462,urban,54067508
4854,3,3,19.125287235543357,72.83199658858696,urban,54861055
4459,3,3,19.293720961839846,73.10995201025945,rural,15702996
9208,2,1,19.078052297286288,72.9264579144217,urban,71447781
9214,2,3,19.113690158387012,72.85854436792961,urban,62533319
3386,2,2,18.970852295080924,72.82766889874712,suburban,7031344
2664,1,3,19.042387422286197,72.89883605907757,urban,8748130
4445,1,4,19.04810895776336,72.90258956455116,urban,33417016
5735,1,2,18.994684016601994,72.73511713786887,suburban,22943517
8246,5,1,19.109951771967385,72.89051660030391,urban,61754124
3090,3,2,19.123739821490346,72.90197227507122,urban,31726268
8254,1,1,18.953229667768863,72.80121340175508,suburban,43107324
5434,5,4,19.055011368868563,72.82962934370184,urban,43461379
4576,3,1,19.197058533265125,72.80411635002957,suburban,24141350
5685,1,3,19.05446387871739,72.84766358564637,urban,39884678
1593,2,4,19.132711932438376,72.96148899087713,suburban,6359232
4380,4,4,18.971968085959677,72.82573758962386,suburban,16622176
7059,1,1,18.929352498054733,72.95816538482964,suburban,38209156
3285,4,2,19.03644051997018,72.91819189265807,urban,35324849
6565,1,1,19.084686392529992,72.88871249229982,urban,56605087
7039,2,1,19.3603784693903,73.1643180190785,rural,18403519
2074,4,4,19.103344156109966,72.91542412223001,urban,22672976
6176,5,3,18.93840293933155,72.79083551437282,suburban,35073685
8560,2,2,18.81963016802594,72.6721685848981,rural,24657981
4490,4,1,19.194713105828146,72.79159010903653,suburban,24943693
5710,4,3,19.04080636211915,72.9184594298711,urban,38295176
5345,2,3,19.05611975118366,72.84297127853432,urban,38886815
9785,2,2,18.797296357783097,73.06361948584038,rural,23993576
1689,2,3,19.155626440344868,72.7343135712346,suburban,1000000
3189,3,1,19.0190350008928,72.73404688366577,suburban,18984070
4595,5,4,19.22041325417223,72.74530226498817,suburban,27827620
2375,1,3,18.85922972015856,72.71669005127974,rural,1000000
8268,4,4,18.990849692176003,72.98766333303276,suburban,42675544
3906,1,2,19.042976344010757,72.86061509647489,urban,28127956
4432,2,2,19.184710249421453,72.81055791446805,suburban,19160193
8740,5,3,18.985634028411365,73.02265722956353,suburban,36853053
5908,5,4,19.06230807112101,72.89964731210688,urban,47655145
4361,3,1,19.351813186698493,72.60762803539558,rural,11016361
7906,2,4,19.067698335214885,72.87291776610306,urban,59114217
3333,4,3,19.164838339217237,72.79661364171442,suburban,22105060
5785,3,4,19.02722242434315,72.85705442288588,urban,48982132
8145,2,4,19.040161725697292,72.84057693159,urban,53056230
9523,3,2,18.998304133310253,73.0039153091115,suburban,51846747
5277,1,3,18.848807230018835,73.07854577263655,rural,9119287
3235,2,4,19.132710342526824,72.8183832058121,suburban,15790263
8773,4,3,19.070840849947135,72.90748378692814,urban,76336830
8778,4,1,18.93347360606642,72.98082765349918,suburban,44114580
6868,2,3,19.047301101907905,72.87281815437001,urban,57956557
1321,3,1,19.118364423127407,72.86698995362734,urban,9901841
8025,5,3,19.047068248780096,72.86142950292052,urban,67637461
662,2,3,19.07745946126352,72.88755850305996,urban,6193647
8277,4,4,19.16924298796402,73.00355361795404,suburban,41273935
2432,1,4,19.192504813401168,73.01399189246112,suburban,12281067
4035,4,1,19.04635083123021,72.89003447448327,urban,26547402
6456,5,1,19.197664086104165,72.94228529532609,suburban,31025209
3946,4,2,19.044046986201135,72.9076279423275,urban,34612375
3290,5,4,19.250219863493516,73.13896678052166,rural,14219673
3207,2,1,19.163882931085848,72.81334838665279,suburban,11588138
8459,4,4,19.12445147773535,72.83846756560695,urban,74234001
4433,3,3,19.286969723962684,73.12923790113284,rural,21154300
3885,3,2,19.036903298741954,72.8420262872524,urban,25885391
7136,4,4,18.9615013621967,72.73676630820208,suburban,34384088
1422,4,4,19.12430552393575,72.88551378845995,urban,12823190
8589,1,4,19.22214773046182,72.79720658347846,suburban,48649096
1064,4,4,18.986395863203388,72.9324357480279,suburban,9935165
3758,1,1,19.02847181886924,72.9006876251085,urban,26826006
3000,1,1,19.066706478265527,72.8283247716077,urban,16379276
5066,1,2,18.99700530971372,72.79308723040812,suburban,15288957
9679,1,3,19.092107909760745,72.88205715915062,urban,74954620
7381,2,3,19.038705056420266,72.86681043395129,urban,65671030
4136,3,2,19.022423564639965,73.00386854184724,suburban,21228330
6530,1,3,18.83683464485804,73.13260873073845,rural,19270491
723,3,1,19.089259315209944,72.90412328616468,urban,7881103
6797,1,4,19.0444123795106,72.88778603288375,urban,43751618
850,3,3,18.81591752968387,72.67414278658751,rural,9203427
7814,4,4,19.05461160211244,72.92100746668399,urban,56982140
2428,4,4,18.990255204523407,72.93847005877589,suburban,9889620
8243,3,1,18.898925740138424,72.70857314964654,rural,26312680
9040,1,4,19.27813271662634,72.60148915179751,rural,21405390
5232,2,3,19.07332793878878,72.91655271045646,urban,33933722
1517,3,1,19.071046163873103,72.89189621239454,urban,17766541
2726,5,2,19.042253483264776,72.8329582561822,urban,23424175
7706,2,1,18.90198722353928,73.06547678537682,rural,26554717
7670,5,3,18.89997421363078,72.7081017956696,rural,21825742
6707,3,1,19.094880242234396,72.87503055857283,urban,49538114
2919,1,3,19.135496839321576,73.01287909115715,suburban,15481208
6740,5,3,18.83434302023857,73.12785147389323,rural,21599422
2393,3,1,19.11712167250046,72.8327700611709,urban,15827872
5822,2,3,19.10781169057987,72.88307943982582,urban,41134804
8218,1,2,19.08712037244076,72.92638255624824,urban,66569603
7378,5,3,18.96773521968822,72.74799720144377,suburban,39969825
1625,3,2,18.80460656118353,72.61353906391638,rural,4361539
3617,1,2,18.7856434047546,72.69560201817329,rural,1000000
4661,1,3,19.117148317817286,72.89177650697077,urban,36912635
4542,4,4,19.072370039427287,72.83859387616009,urban,38333083
4933,1,2,18.99082424327638,72.76117600508465,suburban,22521553
9138,3,2,18.981283308599075,72.8221155506989,suburban,49314568
3158,2,1,18.933841360777514,72.97734107489055,suburban,11789932
3983,4,2,18.990589927633746,73.01633657699365,suburban,22400201
3444,3,2,18.929825845006,72.74859787647897,suburban,9544119
7710,3,2,19.116056752729932,72.89467310764611,urban,63811768
8153,3,2,19.142206932574123,72.93229650797394,suburban,37946116
9287,5,4,19.34402962245975,73.12043218931704,rural,29716981
2486,5,2,19.026372763459026,72.87125007020988,urban,27260998
1574,2,3,19.010227661127477,72.97315673971133,suburban,13247112
4805,3,4,19.113953882311993,72.85876306041067,urban,40065866
3507,5,2,18.966649260703708,72.9779095233414,suburban,23061258
1469,5,3,19.224980651581518,72.78518248433868,suburban,16162783
9272,5,3,19.190759931231096,72.94685445331307,suburban,48721319
3324,2,4,19.254883763779468,73.08536983151998,rural,13882407
1711,2,4,19.11863959679424,72.89913140463503,urban,8262420
729,3,3,18.936216443077704,72.74285158696898,suburban,1000000
4784,4,4,19.050274618907515,72.88923188642865,urban,45931315
3685,3,4,19.007370113936474,72.81445239514898,suburban,18551317
1001,5,1,19.088462559353832,72.84336221420196,urban,7219678
548,5,4,19.27886415461719,73.03764217607853,rural,1000000
4066,1,1,19.124749565139755,72.9016906155425,urban,27091807
3555,3,4,19.110415216957545,72.87533432422848,urban,27765331
9380,5,4,19.035558408116675,72.90036065225054,urban,67941611
886,5,3,18.88752196998038,73.08594409298864,rural,1000000
1469,4,1,19.11647845261956,72.87632490489993,urban,13205514
9697,1,4,19.122160557309567,72.8796903528294,urban,81427634
6320,3,2,19.038251044846316,72.87954337458254,urban,48698892
3552,2,4,19.1120627705938,72.88150451331244,urban,19450647
7897,3,3,19.10077553478624,72.8824957611858,urban,66105467
2802,3,3,18.97139454396271,72.79922390987028,suburban,18831257
2783,4,3,19.053891879584466,72.87178378909239,urban,19272899
4866,3,1,19.20695901107067,72.74480088926961,suburban,28110955
622,4,1,19.081285491415432,72.86930277229635,urban,6108171
7299,4,1,18.968906427436185,72.99246233870171,suburban,44346513
9972,5,2,19.21792423819416,73.02124481550021,suburban,62680205
4227,2,1,19.096301848111622,72.8310232061695,urban,34385385
8950,4,3,19.030656379790727,72.9234799914083,urban,72919768
9639,1,1,19.095485313487032,72.86015416298481,urban,80744957
5458,1,1,19.09298776677459,72.91228350506537,urban,46056819
1024,2,4,18.93890965235887,72.92975197790243,suburban,7727979
9579,4,1,18.940679728494008,72.76814297951015,suburban,47807690
8899,2,4,19.014900108280237,72.80373861603312,suburban,39664417
648,5,1,19.112507971117353,72.90801343567993,urban,5699612
8501,1,4,19.075592958091875,72.90626270228306,urban,63591901
937,3,3,19.102573337501646,72.88560153513667,urban,8957931
4249,1,1,19.003967454656802,72.962500376876,suburban,11668236
8686,4,3,19.025284949357726,72.81964745686587,suburban,43457519
4953,2,1,19.02934861507675,72.86768526388141,urban,36575324
5836,1,2,19.224578033167194,73.00722392178102,suburban,21145046
5051,3,2,19.053470876797316,72.8918730215611,urban,41547024
3323,3,3,19.30080677715266,73.12127366019776,rural,13387618
6228,2,3,19.079096304030315,72.92653962490178,urban,47800047
9177,2,2,18.993068714499206,72.94934527734844,suburban,39980356
8891,1,2,19.078432051060904,72.83626288362437,urban,66651145
2482,4,4,18.805104196673216,72.66439208184578,rural,10464975
7496,5,1,19.09188398446833,72.90502443333487,urban,62096612
2811,3,2,19.124594026977814,72.84505196984954,urban,22163989
7725,2,3,19.060555568345357,72.84452572687366,urban,61220894
1104,5,3,19.35812825423409,72.64542601420068,rural,1000000
8675,5,2,19.373783793657104,72.64516899787483,rural,28872126
6285,5,3,19.06212677208967,72.83131892972688,urban,47708561
5097,4,1,18.941069905306374,72.9294886941607,suburban,22418171
8259,2,4,19.015386671409264,72.92845578413942,suburban,47064088
8032,3,1,19.081185219303755,72.83520879122047,urban,62178831
9240,2,4,19.08748878829802,72.89489922211375,urban,71304456
1338,1,4,19.37145471501702,72.59276943794178,rural,3877979
4315,3,2,18.946663519129,72.7913358918353,suburban,21581666
1347,2,3,19.06633541699365,72.8614041761712,urban,6853615
5209,3,4,19.098763948587496,72.85736705442868,urban,39938744
5007,1,2,19.06405522700051,72.86441715710808,urban,30826313
7075,3,3,19.213040342718624,72.9447404469951,suburban,41811768
5273,5,3,19.114786979172884,72.82923044258786,urban,36481056
4968,4,4,18.93121330046719,73.01759004197956,suburban,35344690
5692,1,3,19.091302528046615,72.9268066660622,urban,39330455
3820,3,1,19.081494837706177,72.83738986914456,urban,33024964
5198,1,3,19.111364101353043,72.84111516145572,urban,48965730
4811,5,1,19.264590748340893,72.59667269704111,rural,15055289
4173,4,3,19.100508593065275,72.87246736787588,urban,32036250
2064,1,4,18.95002510543677,72.95093522450392,suburban,10324636
2340,5,4,19.05781613385916,72.8526044041982,urban,16213418
6558,5,2,19.15744298657397,72.79540078011016,suburban,24402300
7631,5,1,19.07932303326141,72.87390521883276,urban,62862808
1226,3,1,18.97566814300965,73.02731309760735,suburban,1000000
9936,2,4,18.820477003780432,72.68065672556895,rural,21539260
7197,1,4,19.044406538949914,72.89621894556907,urban,55199236
9757,2,4,19.060449452575323,72.9025288365762,urban,71385788
782,5,1,19.004683868986508,72.78734969717985,suburban,7912046
1581,2,2,19.04265253537702,72.83465910944413,urban,20708089
4385,5,1,19.15770676973185,72.7732107856474,suburban,22018545
3381,5,4,19.068527134322864,72.87772776131051,urban,25543072
3470,4,2,18.971680702559034,72.97889108210487,suburban,27138735
9844,4,3,18.985499896728538,72.80726685766729,suburban,54090793
7485,2,3,19.101807625228126,72.88564862993056,urban,62086739
1447,1,4,19.148182185146684,72.94847568855975,suburban,11747011
5260,2,2,19.16863808821531,72.97098615361625,suburban,25152490
566,1,4,19.102425846768227,72.86634866966035,urban,3378101
9328,2,1,19.092940139807542,72.89170703322239,urban,66185578
9005,3,1,18.965525954360462,73.0185066160484,suburban,48568828
1064,3,2,19.032803731084346,72.899914065035,urban,11321329
9517,1,4,19.279028887846874,72.57972164070162,rural,29475070
4170,4,4,19.007658096190823,72.98652218245941,suburban,13008232
9717,1,3,19.060049298506904,72.91980243239828,urban,78181208
2751,2,2,19.22993640029716,72.64801108701242,rural,4590506
1304,5,4,19.06059919759533,72.85248088098884,urban,2285769
5131,3,1,19.012514991322185,72.9311481661725,suburban,20029603
1735,5,4,19.092036602511342,72.90542053066604,urban,13486345
7220,3,4,19.132500229929995,72.92918374135049,suburban,34051935
7406,2,1,19.19838313892335,72.78821337337747,suburban,36777639
6516,3,1,19.164447952132758,72.8124244152039,suburban,35473406
4049,1,4,19.04751927323404,72.86014104959763,urban,30760562
8438,5,1,19.09312597375656,72.82771047107983,urban,63094255
4641,5,3,19.102625718596,72.91760947482668,urban,38137177
7466,2,3,19.03116173752633,72.88686238064604,urban,57916474
5835,5,3,19.066845896981434,72.83554633913936,urban,52774940
5577,2,1,19.19422309873203,72.76646813773327,suburban,24407708
6111,4,1,18.803975695244443,73.07073784634147,rural,16642002
8589,1,1,19.10033176945833,72.84458149646,urban,72945725
3392,3,2,19.121706687506244,72.86169810446881,urban,20758192
6077,3,1,18.81894376602775,72.61459698105712,rural,14427666
4118,3,3,18.906692404080374,72.68635056013737,rural,7326931
2059,4,3,19.17786423299176,72.95382688709971,suburban,5352721
7183,1,3,19.054820675438705,72.82779791336769,urban,55556779
2007,5,2,19.162325673378263,72.98838508531892,suburban,18183265
2563,5,4,19.128836446098,72.95353130006767,suburban,25679193
4142,1,3,19.052181538853056,72.90541976565385,urban,31589137
2500,1,2,19.176937361840753,72.81548260159447,suburban,14738376
1794,3,4,18.929365914774564,72.7390170967251,suburban,11958932
4565,5,2,19.07721482669437,72.85963330055496,urban,35926249
8514,1,2,19.161696662656645,72.7930793259113,suburban,48668725
2103,5,4,19.147131245902845,72.9655029841684,suburban,11862499
1822,1,1,18.985109900462472,72.82728017521595,suburban,14200181
6456,2,1,19.175856855255564,73.00374933151437,suburban,30089156
2941,3,3,19.06448620045846,72.89421408768987,urban,18190772
1598,1,4,18.95941067921251,72.80290753172513,suburban,2450618
5573,4,3,18.945681649165355,72.77472176206663,suburban,20711758
9818,1,2,18.88668934013318,72.6127363261124,rural,33414939
8988,2,1,19.120516656403613,72.87419474148481,urban,74549390
4287,4,3,19.03121866298724,72.89774228674227,urban,30690293
2596,4,3,19.264236613245313,73.07627818301864,rural,2313959
2708,1,1,18.995106460044948,73.01064804756135,suburban,8801871
6488,2,2,18.909626938509145,72.63970944899127,rural,18850292
675,4,3,19.114482369129288,72.91366454435976,urban,2456368
7669,3,3,19.03228751162398,72.91436980949764,urban,61796283
6514,3,4,19.03108847340094,72.84311219842127,urban,49067593
2167,5,4,19.24273250031139,72.70044541390666,rural,12786246
9367,5,1,19.328917901698016,73.13074436559926,rural,30595593
2323,2,1,19.165185103243996,72.92802874431122,suburban,6180640
5647,4,2,19.112807438642566,72.92532601805611,urban,37847874
1856,3,2,19.0623892730316,72.90991521884432,urban,16508305
3572,3,3,18.941077228566133,72.94214378410872,suburban,17555255
3759,2,4,19.008685990085915,72.78303691818464,suburban,25803628
6699,4,2,19.204946711215747,72.98473394570318,suburban,36168522
1046,2,3,19.041282750884402,72.84719193675866,urban,6694060
5731,1,3,19.146886479155693,73.00530135553964,suburban,36702706
8465,3,1,19.08228363204404,72.92349716247357,urban,62581590
2583,2,4,19.198803025120547,72.77133161661598,suburban,6397535
2540,2,3,19.210953415324642,72.93671807074209,suburban,11798144
5034,1,1,19.265944247566264,72.59348362160146,rural,8354906
2252,5,3,18.990382945153133,72.73531427739888,suburban,17635108
2349,3,4,19.073327374417875,72.91097646779296,urban,13937171
3142,2,3,19.080608343688585,72.8731482298868,urban,29345507
2100,3,3,19.22839452564055,72.72576535063942,rural,4945580
4902,5,2,19.033341693084694,72.90139453087363,urban,31252990
4299,2,2,19.0882341463292,72.87347295327122,urban,35644775
1118,1,1,18.819529453533246,72.57873929832958,rural,6047565
1632,3,3,19.181705570014728,72.74341440937928,suburban,9063446
5991,1,1,19.00564916712975,72.979795865616,suburban,28461255
6295,5,4,19.034633326405235,72.86844295256664,urban,59382086
8133,5,1,19.30396771369793,73.09114635482156,rural,29975697
1987,3,3,19.10313638886444,72.87372616192569,urban,20584474
8348,5,2,19.068565972783812,72.89823636707861,urban,55237818
5509,4,2,19.081530235888714,72.9147439446614,urban,39853731
2613,3,1,19.074114615141468,72.88513274756723,urban,20152682
1544,4,2,18.906679219528893,73.15309958627674,rural,6114742
2931,5,3,19.197906329278933,72.97064827490811,suburban,20702052
8479,3,3,19.16604102502664,72.81294978049215,suburban,38178573
2082,4,4,19.27420159103415,72.69731789319866,rural,9263459
1808,5,2,19.09885612222494,72.90318603022997,urban,10295361
5417,2,2,19.052499750521715,72.87721902247169,urban,45346991
9293,2,4,18.979592905253977,72.7921752428943,suburban,41461425
2120,1,1,19.00739682573183,72.74041073799314,suburban,15977916
8003,2,4,19.16771794102367,72.99982012565276,suburban,41559346
5266,4,2,19.034538326529272,72.90993905084432,urban,39449409
5862,2,1,19.00407284559859,72.99838175107281,suburban,30623174
5692,3,3,19.095053996981452,72.8748203055724,urban,41324572
7122,3,3,19.096256114847698,72.83098125529452,urban,55118824
6593,3,4,19.03008529391009,72.91733399652155,urban,46150296
7204,2,3,19.100969401597155,72.91054675198829,urban,56700833
600,2,2,19.07165853869213,72.87366468618829,urban,4578151
7157,1,4,19.07940040355511,72.85206620467599,urban,53687019
6375,5,2,18.815974625226715,73.15211816051008,rural,18034755
4771,1,2,19.303555077256327,73.0898864758591,rural,7654340
737,4,1,18.95073342199356,73.01442732197093,suburban,14420096
7726,3,1,18.79350300447907,73.0410562499068,rural,20593712
8532,2,1,19.239319263273085,73.14003614649403,rural,29199670
5718,5,3,19.027599202158157,72.88762609860734,urban,39668332
4525,5,1,19.011372019144133,72.8134588580221,suburban,13143258
6573,2,2,19.298573540337028,72.71037196189522,rural,19620404
3042,1,4,19.15161679861339,72.82761417761724,suburban,20932937
2037,5,4,19.087840776680203,72.88785705605954,urban,24497297
1254,1,2,19.222953364816465,72.81573699210203,suburban,10243782
7896,2,3,19.06511897598966,72.86640362879616,urban,59607160
8323,1,4,19.060881088362436,72.8401736531443,urban,66197465
6007,3,2,19.073850503709895,72.90643779693471,urban,43481696
4735,2,2,19.11354324071477,72.92398592581274,urban,33256764
1040,2,2,19.104529248570046,72.89000917056548,urban,9984427
6010,5,4,19.3006300669559,73.15893458774022,rural,18915951
8961,5,4,19.042125817597153,72.89595504927962,urban,67472109
8426,5,1,19.069103859793003,72.88727996774219,urban,66689150
5631,3,1,19.115835308381744,72.89295705487339,urban,49213063
9197,3,2,19.21987242851763,73.01433696752642,suburban,41466945
1629,4,2,18.92425221293316,73.08536171129734,rural,8080465
3645,2,2,19.049012599271016,72.89683999218995,urban,21585868
9053,5,2,19.073599536922302,72.90230777604292,urban,62146093
4220,2,4,19.142497687897798,72.80379089610166,suburban,23419328
4567,1,1,19.18084658135082,72.7987375542195,suburban,21899488
4695,3,3,19.060679421910418,72.89378511487904,urban,37667004
9744,4,2,19.12085018860968,72.88839237176809,urban,75514481
7781,1,1,19.001784647778617,73.01074566731356,suburban,42861185
3009,2,2,19.051653716143104,72.86644904885479,urban,26358863
5516,3,4,18.89660317079482,73.11830271388085,rural,18188605
7033,5,3,19.06664965684388,72.85713794466544,urban,62538512
5227,1,1,19.069390724336202,72.85682022567127,urban,44199031
1181,3,1,19.259188776241754,72.6750094801536,rural,3408555
4432,2,3,19.32325862850786,73.07230207415955,rural,17027716
6060,2,4,19.05219592299176,72.89891321101783,urban,45552184
4516,1,3,18.9137779914653,73.12742668191476,rural,10423340
7839,1,1,19.18291078446434,72.9461072659514,suburban,45199025
1219,1,3,19.102627785655717,72.90440848328016,urban,8729130
574,4,4,19.14975559612316,72.9629599275113,suburban,6566927
9985,5,4,19.034996217433818,72.84037303526488,urban,79391745
4657,3,2,19.05536513258959,72.90360154867425,urban,37271685
9011,2,3,19.0770250132156,72.90696081365523,urban,77892576
2649,2,3,18.950509429240295,72.76898617904924,suburban,12569214
7213,5,1,19.365698129232392,72.64230946660784,rural,29472254
4707,1,4,19.112912080953983,72.83484387147523,urban,30659311
7641,1,3,19.09160263195179,72.83900272501597,urban,57753486
9152,2,1,18.94401783721139,73.00696661850496,suburban,43913931
9578,5,2,18.9598955849914,72.75043783086959,suburban,52941429
4436,2,3,19.216595791378932,72.78399699907415,suburban,15304677
9807,1,3,19.08427440488484,72.87032432639396,urban,76450413
1575,3,1,19.02559024656874,72.95725559205565,suburban,13257160
4376,1,1,19.06887127890637,72.8698468527174,urban,31777964
5115,3,4,19.174941068106712,72.95633040315226,suburban,23504434
7765,4,4,19.06357631164401,72.91864425304325,urban,57539797
6879,5,4,19.082396677119657,72.91111509691424,urban,57023846
9618,4,3,18.957312590442367,72.8064397015944,suburban,41377245
5152,1,1,18.91290938039172,73.09499567908594,rural,6896839
7292,5,4,19.17975554226322,72.95770495794449,suburban,38866675
9747,1,3,19.36653780517307,72.62133650326771,rural,29387546
7956,5,4,19.086006996165796,72.91655260917982,urban,63944836
5174,5,2,18.99899716102131,72.93952047637383,suburban,30788780
1041,1,3,18.976514698965666,73.00091362611299,suburban,1000000
2661,1,4,18.98061104995153,73.00062980401815,suburban,4307491
2751,5,4,19.320234613340126,73.05805645959414,rural,12931308
9744,5,2,18.87433635120662,73.14892861374258,rural,22413613
5069,1,2,19.00073272425851,72.933215227431,suburban,27884362
3244,1,4,19.16698661787943,72.80571968310097,suburban,7215402
6541,2,4,19.227922197588274,72.66354055477792,rural,22181298
5175,2,1,19.09564701507073,72.92536654321874,urban,39488283
2060,2,4,19.257017392942423,72.69124457894391,rural,10585714
1664,4,4,18.856109354767504,73.13235480430109,rural,8388851
5919,5,1,19.13642005429708,72.75466583627524,suburban,29199002
3222,3,1,19.00123513444121,72.94137562437423,suburban,14091070
970,4,4,19.046831430087135,72.86511634333486,urban,11337869
1968,5,1,19.103736122012887,72.84966070431847,urban,14557781
8425,3,3,19.206625926111872,72.76029800121837,suburban,26084767
1308,2,2,19.07864046010461,72.88910707625062,urban,9689135
8863,3,3,19.005972396218635,72.81320506641875,suburban,41160107
7219,1,2,18.82192382507965,72.65793967398928,rural,16521412
5573,1,2,19.11852127066968,72.89719654458546,urban,43715734
8512,5,4,19.08811962857869,72.89206270119307,urban,73157558
2145,4,2,19.165860560090806,73.02614004993062,suburban,20578047
8749,2,3,19.099914137748325,72.86978759602671,urban,69413736
1629,5,4,19.214109604760814,72.7559738725783,suburban,6628715
1853,2,1,19.219769363438818,73.01894433609398,suburban,13296413
1267,1,3,19.04525880467394,72.89530465849046,urban,2693323
4395,4,4,19.11818394265061,72.87073300025352,urban,31881283
9374,4,2,19.231745786804062,73.12419458899701,rural,26458101
3954,1,3,19.081232173331667,72.86616832586246,urban,21001960
7829,3,2,18.970197296089797,72.73445636805367,suburban,40498618
2290,4,4,18.920820676434182,73.11483769794192,rural,2725126
1385,3,4,18.80927976734063,73.09818927054421,rural,4220174
8234,2,1,19.11688209953483,72.86392739912725,urban,61195199
4406,4,1,18.92706220876092,72.94268128659398,suburban,18398433
4992,1,3,19.129476760313125,72.80639433341489,suburban,20172919
2573,3,1,19.02138082604389,72.81752129147117,suburban,13510294
812,2,2,18.968436286401776,72.92929825553912,suburban,7891293
6769,2,2,19.18857437487451,72.96795227888323,suburban,37271920
5817,4,1,19.087087463519644,72.88828353969146,urban,47141755
1310,4,1,18.97539576449655,72.99701454755956,suburban,10052237
7341,5,1,18.958145925764946,72.81155452603498,suburban,38425138
2532,5,3,19.13275666462786,72.74578726679198,suburban,11034990
7629,4,3,19.12310492023637,72.92193266010771,urban,66193373
3205,5,2,19.125856113623186,72.83782661702823,urban,23023399
9288,1,3,18.8350129432195,73.08883628174513,rural,33639644
2647,1,3,19.056876736600334,72.83250688380585,urban,23643313
1115,5,4,19.0967750269607,72.92428170738332,urban,9887444
1447,4,2,18.97276181739156,72.79474200495382,suburban,1886829
6177,1,2,18.989533347052515,73.01915291927405,suburban,31811257
5151,2,1,19.078871100574876,72.89538726666684,urban,39415575
8366,4,4,18.95596825563844,72.99180917050273,suburban,49040860
2513,3,1,18.95672237882932,72.92802180841117,suburban,7778047
4197,3,3,19.18148361346252,72.80172395778573,suburban,27069724
990,4,2,19.28679184083148,73.10056657769242,rural,9676711
4850,5,3,19.066131968576652,72.84443627924831,urban,35531305
2928,1,3,18.998385668816525,72.95291394986867,suburban,18349061
5487,1,4,19.072049454524763,72.87995924131299,urban,49425416
9233,4,4,19.08310626286813,72.87392197704924,urban,78772249
9979,2,2,18.939047310598294,72.82393202548914,suburban,55086413
5420,5,2,19.112613167964028,72.83180402409124,urban,51562057
3426,2,4,19.175630699942424,72.9866027192882,suburban,17787667
7782,4,4,19.05125001088319,72.90625933375433,urban,60562798
4876,4,4,19.082739778170954,72.85927786972421,urban,47020222
9990,2,4,18.949524477772272,73.00237155742043,suburban,38176201
5368,3,2,18.977135236955075,72.99415189335376,suburban,25788623
7486,4,2,19.088900941100118,72.85280737307318,urban,54182791
7362,5,3,19.26980312412324,73.07430089650617,rural,22634335
4923,2,3,19.109367214210767,72.88421659755892,urban,40267553
7370,3,3,19.082387220941154,72.83331465220552,urban,59862208
8659,2,2,19.09095080632705,72.86051198573283,urban,66506738
2573,3,1,19.08722993621301,72.91172337477713,urban,21501142
6670,3,3,19.030549830586,72.8884063503411,urban,56504217
1201,5,1,18.969579938543323,72.80702334447706,suburban,4570534
8613,4,1,18.97051647660547,72.75096798759778,suburban,41893246
7325,3,1,19.070360735370404,72.92749329337683,urban,51559637
8367,4,4,19.329392127230673,72.62505526660453,rural,24258263
4764,5,2,19.03538881042212,72.9226494375236,urban,29916209
8468,4,2,19.03654714029686,72.92697063106044,urban,71777066
8646,1,3,19.038578097242194,72.8447907348526,urban,69425601
8276,3,3,19.056836695505005,72.87893751934895,urban,59068376
9058,5,2,18.946959834788924,72.73059916980652,suburban,52409571
9219,2,4,19.028041309322518,72.88936795229958,urban,69118763
5386,5,2,19.19707898612488,72.78795557844644,suburban,24817408
4435,3,1,18.9953984405262,72.76212002906802,suburban,24334131
5119,5,2,18.951657597134776,72.94951702445233,suburban,18803367
5691,2,4,19.01041150818033,72.79470845710875,suburban,27465428
7375,1,2,19.099686319165247,72.85431814712041,urban,57744513
8356,3,2,19.120811973548186,72.89831112831969,urban,72989528
5901,3,2,19.00423249682411,72.75512344643715,suburban,23621480
3522,5,1,19.101268407181156,72.91928807247265,urban,22665281
6238,4,3,19.097171718537922,72.86289102928842,urban,47926130
6484,4,4,19.20505174777467,72.75811382421978,suburban,31843386
2270,2,1,19.061383289333023,72.91980491764083,urban,21699845
9489,1,2,19.177275474275245,72.76488966229628,suburban,54443817
3715,1,2,19.10408153088148,72.86180395063872,urban,33575694
7194,5,3,18.80440484127366,73.04389121430074,rural,19291415
3476,5,3,19.173688214923107,72.99757535629219,suburban,26190868
4237,4,3,19.03943063277036,72.87539915425505,urban,33626889
1252,1,1,18.92954410293353,72.75221593987632,suburban,7624690
1892,1,4,18.931588585209315,72.74980537228109,suburban,10926335
7289,1,3,18.96564260342238,72.97036856040364,suburban,38340793
1177,2,2,19.206602940636184,72.94680781251276,suburban,10176732
605,2,4,18.955736187911143,73.0209213688827,suburban,6982843
5253,5,2,19.065323355678405,72.88916477248864,urban,45769070
2446,4,2,19.103930930545197,72.91979311761006,urban,17616684
6044,3,4,19.22607459725797,72.63353549259519,rural,13221481
1595,4,1,19.10472552875408,72.84266665970144,urban,17431133
7485,2,4,19.11546206393445,72.84321242357461,urban,59087341
2282,2,3,19.102432898191257,72.8566303927814,urban,22770077
5041,5,4,18.842411917725464,73.1189651352657,rural,12752355
3757,3,3,19.155869688352606,72.81694922175629,suburban,23589551
6713,1,3,19.002053196148395,72.9793002355839,suburban,31891802
5369,3,4,19.34503394376379,73.0381648941105,rural,13449355
2061,3,4,19.34153359681125,72.65556966876231,rural,10889066
4506,3,3,18.98677859921035,72.80069658091001,suburban,28950138
9814,5,2,19.102362714559806,72.85686936609201,urban,77262032
4481,2,4,19.120513132793306,72.9165125040446,urban,33084711
9993,1,1,19.197627748023372,72.79503656127737,suburban,48779338
6182,3,3,19.07352714801584,72.86316025003276,urban,49055647
6282,1,2,19.216115832402547,72.94004951392813,suburban,28838673
1443,3,4,18.964910320567416,73.00833011913365,suburban,9409825
5050,2,4,19.188954067761546,73.02397406319665,suburban,22673735
9637,1,2,19.036486565881706,72.8670607684728,urban,80535583
1100,4,1,19.0732732793401,72.84768720420627,urban,1000000
6876,2,3,19.134266779698287,72.92991762565642,suburban,32029173
2024,1,4,19.074505739366383,72.91204034298332,urban,20001229
4266,3,1,19.16208372350386,72.7573553869972,suburban,29435226
750,3,3,18.96479300013868,72.96471968411211,suburban,1446295
578,2,1,18.78389396266828,72.60228652206222,rural,1000000
3623,2,3,18.782194559668408,72.68262669028773,rural,11240231
9589,3,3,18.95048643393111,72.79679957516677,suburban,51049113
7564,1,1,19.167008215877267,72.78086106403974,suburban,37870328
8917,4,3,19.02774916580194,72.91961571928552,urban,72741669
1709,5,4,19.0613188632023,72.83786886015515,urban,17172202
5653,2,4,18.950082859785997,72.79819393290022,suburban,30156293
5398,3,1,19.222261103286066,72.7356457108546,suburban,34492725
2678,1,1,19.215928520982157,73.01678675260032,suburban,11287136
8110,2,3,19.07897380008902,72.84944385178014,urban,60933990
9395,1,3,18.90779235868912,72.636744642356,rural,24825834
3044,2,1,19.094864385454255,72.84578004236674,urban,20710020
6022,3,2,19.269502796037756,73.10966263807843,rural,16368906
2870,1,1,19.133225261250736,72.98910516382448,suburban,10720876
3781,3,2,19.04413578486078,72.85232187150531,urban,32158408
5210,1,2,19.05188965901787,72.92168102525758,urban,41848851
828,2,1,19.0667016120788,72.88075714563846,urban,8521065
6079,5,1,18.81735284754245,73.08341903950804,rural,19625218
4728,5,1,18.827851719392193,73.12779097498607,rural,17421262
7294,4,2,19.129522890985072,72.99423531542455,suburban,32460573
620,4,4,19.128606489257276,72.75838167315439,suburban,5960119
7249,3,4,19.00812147169859,72.7755676245398,suburban,45350801
1464,1,1,19.149007940211636,73.00285488916626,suburban,3912676
4724,4,1,18.944544903923017,72.95358989155945,suburban,36833528
4175,2,3,19.06733432444024,72.85434634248223,urban,31150474
6194,5,3,18.90080427992376,72.591352783624,rural,19566262
2576,1,3,18.93942688131172,72.81174550110703,suburban,13924769
7365,5,1,19.03700133477899,72.829456494608,urban,50161547
6143,1,4,19.37525739615896,73.03873059998855,rural,12333245
9024,4,4,18.938161461706986,73.00963795480658,suburban,49314314
5749,4,1,19.087084850667345,72.89067061516629,urban,43987194
1816,3,1,19.036982498301064,72.85619040943396,urban,10526479
1696,1,2,19.15609831611811,72.96551281505347,suburban,14270141
3670,2,2,18.888275230780803,72.67448217309223,rural,11187258
855,4,4,19.2990836085138,73.05373031032225,rural,1816633
528,3,3,19.212066770037065,72.95251648834906,suburban,14609617
1513,4,4,19.098231198126346,72.9201245122723,urban,8670016
9519,5,2,19.029514833917297,72.82914359790344,urban,68455862
2524,4,4,19.044342546138434,72.8961792485308,urban,19374079
8990,1,2,18.781282848825366,72.61514285672611,rural,25317627
6339,3,2,19.331082408931334,73.06230474669383,rural,20028478
6291,1,3,19.058144495347864,72.84994221328327,urban,44316058
1254,2,3,19.002344400148772,72.7609212248144,suburban,1000000
9461,2,2,19.184180211055857,72.93408552613926,suburban,50405333
4235,4,1,19.047716685007817,72.8563468702424,urban,31399496
1738,3,3,19.16648198928412,72.93530280773695,suburban,9757298
2406,3,2,18.819275276192975,72.67569836095136,rural,6282822
7899,3,1,19.03609159443689,72.86922186428002,urban,65316333
8461,3,1,19.35463471362201,72.62860663053176,rural,20782311
9910,4,4,19.110757803121736,72.89576962294191,urban,84677049
5101,1,4,19.07130562940859,72.89690910390132,urban,38626589
1960,4,3,19.043282025543032,72.88274864702726,urban,10258082
8169,1,1,18.833310949465172,73.16686172344147,rural,16391677
1916,5,3,19.163478271426087,73.02138147099309,suburban,5732862
8266,5,2,19.207320032832268,72.92786055349596,suburban,39182603
1928,1,3,19.158762288525313,73.00455037108303,suburban,10516166
4878,4,1,18.98771463563719,72.81455318312706,suburban,30535245
8029,2,4,18.85055087118071,72.67982918870612,rural,11780390
4974,4,3,18.98665030189131,72.99780549642736,suburban,30447984
3571,2,4,19.297939166804113,73.0689079562921,rural,16649785
1055,4,3,19.10815551789082,72.92067299797044,urban,20232104
9047,3,2,19.150297790512095,72.99069709568295,suburban,47881239
2063,3,1,19.210248599898243,72.73779575314988,suburban,1184759
1540,5,3,18.778613653212727,73.17332434603956,rural,1000000
3186,5,2,19.08020321206469,72.89447498395509,urban,31083723
3053,1,2,19.16338161442198,72.99390439139104,suburban,15177675
2279,2,2,19.129543676577725,72.74242710633233,suburban,8190067
575,3,4,19.0286229078547,72.90662618188074,urban,1000000
4826,4,4,19.064581326094103,72.8862631800029,urban,33469560
6335,1,2,19.075999494696074,72.88283106508331,urban,50985541
5557,4,2,18.851722054286288,72.59969369427682,rural,17894876
2849,3,3,19.167263725554584,72.99655685811506,suburban,19678065
3273,3,3,19.034030826205345,72.8665089971558,urban,32812443
2762,3,1,19.35656810484857,72.61684173337828,rural,1766560
3729,3,3,19.029980988762325,72.91397756092128,urban,34095730
892,4,1,19.205179876995487,73.00920390160825,suburban,1107003
1608,1,1,18.91821244473191,73.10856948934263,rural,2102655
4862,3,1,19.30505626289778,72.6166556039568,rural,9150151
5688,5,4,19.05525628898593,72.88765073430704,urban,49580357
9302,1,3,19.134313844308103,72.92823659912173,suburban,43940366
5557,5,2,19.201718636109074,73.00996342309888,suburban,32098368
4498,4,1,19.356201032941268,73.04658722758442,rural,14816431
9364,3,2,18.93382396634922,72.76777627495022,suburban,52617077
7066,1,1,19.17142028628088,72.94562729611225,suburban,37781055
4177,3,3,19.044996519469027,72.87587976604242,urban,42462664
6296,3,1,19.146562692686018,72.94588451303291,suburban,28985933
6863,1,3,19.0230803544484,72.99931149273799,suburban,38063662
8623,3,2,19.195810805393837,72.76235217815658,suburban,45358076
8722,3,3,18.994796524187667,72.98438605333082,suburban,40596461
8190,2,2,19.286197956567275,73.10341873178231,rural,27669280
1900,2,3,18.945670452618465,72.73536594963133,suburban,13424976
4571,1,1,19.045383792950187,72.9041421229801,urban,31352860
9308,1,1,18.907163710309195,72.66494865317411,rural,17549801
3286,3,3,19.095185618643708,72.9010027717216,urban,25921162
7669,5,2,19.00664676084596,73.02586492013721,suburban,36180566
1370,1,2,19.24041101078843,73.12730756028934,rural,2835738
4696,3,2,19.081938371649937,72.88724824345148,urban,37062434
3239,5,3,18.845227287809852,72.72128777088606,rural,18936946
1440,2,3,19.161819912054348,72.73413262046866,suburban,3439256
840,1,3,19.15621157817163,72.7772145251118,suburban,6972853
7922,3,3,19.066030474167945,72.85914029376873,urban,54545512
4633,2,2,19.01128152634008,73.00979218728736,suburban,18198747
1159,4,2,19.31194348386486,73.10968292954537,rural,1000000
3957,2,4,19.096484037184467,72.89063809950403,urban,27008311
3475,3,3,19.153390291739857,72.98307099260326,suburban,20349334
9741,5,4,19.084883645990814,72.87089346202025,urban,76105828
953,4,3,19.02994183782966,72.90109856873683,urban,13353950
8684,4,4,19.1534666417737,73.01971943551338,suburban,39471006
5942,4,2,19.125662274313516,72.87399511678072,urban,47360625
1318,1,2,19.229961097938357,73.03914034727548,rural,1000000
5368,3,4,19.13162144210068,72.95447893996706,suburban,34553538
512,4,1,19.13712858641005,72.97151314848014,suburban,1000000
8227,2,3,19.08963239958203,72.84728645595018,urban,54180838
1420,5,4,19.363097823532602,72.65030138317884,rural,1000000
5420,3,4,19.029952033840043,72.88360886988674,urban,36878411
2918,2,1,18.989189979548836,72.73528279511847,suburban,14838100
6975,1,2,19.08976487000217,72.90448513508058,urban,55820747
2517,4,4,18.961540684288405,72.92939681116074,suburban,17777951
8457,2,2,19.008290923615633,72.75944290450298,suburban,31645022
9920,3,3,18.994909319160758,72.77600720209259,suburban,54010713
5292,2,1,19.095398725203008,72.87997095387504,urban,41830485
7330,1,2,18.930033261903834,72.79191875764892,suburban,39364433
2934,5,4,19.2095841664422,72.80233822128906,suburban,20833500
3368,4,1,18.9866686000017,72.94057271516333,suburban,14862309
1938,3,1,19.100375755263713,72.84632440788785,urban,11313593
4043,4,1,19.031119363421034,72.87742090875396,urban,33711384
2281,4,1,19.060669803462943,72.89688067044767,urban,23886209
6843,4,1,19.036736429539086,72.84096531696302,urban,46726251
2763,2,3,19.06641077083006,72.8797408171569,urban,22540625
711,2,3,18.94358060812784,72.76913748090651,suburban,1000000
9199,5,1,19.047776783613838,72.88732195159984,urban,68782378
6659,1,4,18.96047615902074,73.00028050517153,suburban,30961866
7527,3,4,19.296205073361815,73.08309793697944,rural,25144866
831,2,3,18.899481364237204,72.72214578540805,rural,4634050
7360,4,2,18.88891912181951,72.66822118981175,rural,17231230
8544,1,1,19.060848823021924,72.89849657083934,urban,57653774
8669,3,4,19.05104020097505,72.85804229437662,urban,72372025
9242,3,3,19.26247327901904,72.64187586946615,rural,30831787
6220,3,3,19.097836410266176,72.89572741985359,urban,54659826
9633,3,2,19.06812696759894,72.83025770210378,urban,76405558
1227,5,2,19.128265113222636,72.7744193182891,suburban,14542676
5475,3,4,19.085887367137598,72.87126504615851,urban,31664634
3743,1,2,18.793682174977626,73.05724931735402,rural,8203244
1148,2,2,18.96946905481294,72.79853305308517,suburban,2342903
5595,1,1,18.980767908306476,72.82252777766588,suburban,37500676
7114,4,3,19.3058721302412,72.64519157004716,rural,14676175
7635,5,3,19.085996641842627,72.89436273203593,urban,53451808
1509,5,2,19.004627723006582,72.8170135118365,suburban,6372575
2050,4,3,19.11248799766031,72.88643729517902,urban,14974031
9495,1,3,18.98172167818154,72.98552066413217,suburban,45260845
7992,1,4,19.04018815760153,72.9018184425253,urban,65326091
3901,4,3,19.17930381634647,72.96763228760582,suburban,28145015
7947,3,2,19.262184043168002,73.09189365732057,rural,27753190
5924,3,4,19.048619357366725,72.90259950846647,urban,58751370
4741,2,3,19.07810109118566,72.91387067104185,urban,43214373
3661,1,3,19.110723657769643,72.87715170437194,urban,25045915
4655,1,4,19.00645343893678,73.001364178661,suburban,22593904
7978,4,4,19.08546274834525,72.8384265290174,urban,66185446
9219,4,3,18.8312624015726,72.67166742665823,rural,21275503
9715,3,1,18.92800844212222,72.97094306427603,suburban,46967211
7117,1,1,18.963227246442617,72.93813035508852,suburban,38258976
6160,1,3,19.15831592034336,72.74780604508032,suburban,39922607
9124,5,3,19.05770914899535,72.86332929603311,urban,71464103
1676,2,4,19.099150736966635,72.88270593151229,urban,15097948
8456,2,4,18.95916489593287,72.94353183210752,suburban,45320588
9092,3,3,19.158039131891503,72.98968612671577,suburban,37501219
2733,1,3,19.058142024115696,72.89258672930667,urban,19560317
5200,5,3,19.053420613229026,72.91573121967498,urban,37383836
6406,1,3,19.09212283994434,72.91472783932969,urban,52628264
8360,4,1,19.065539070225114,72.83109851426248,urban,62229328
8026,3,4,19.08361399633551,72.86161935027255,urban,68397768
6059,2,2,18.981181162407765,72.75958897860772,suburban,32360133
7232,1,3,19.230133462229873,73.14309540092594,rural,18930274
3013,3,3,19.081669877332455,72.85749941851898,urban,21676355
8330,2,3,18.983916621399942,72.75666248660207,suburban,38160713
7444,1,2,19.0647106181168,72.89681175326514,urban,64569432
8410,5,4,19.151804350168845,72.74449773348225,suburban,33639169
6149,3,4,19.20351865160669,72.97541548523179,suburban,31020182
1596,1,3,18.861615333002955,73.08492280917176,rural,3334436
9620,2,3,19.04721737477415,72.90361671418799,urban,62067599
2451,2,4,19.034635166132055,72.91645609298858,urban,26160355
9686,5,2,19.008497527710226,73.02568736518516,suburban,50757529
8299,3,3,19.065838704124115,72.92648210726323,urban,67499220
9304,3,2,19.112906851728074,72.83594302769467,urban,74841291
1095,1,2,19.120732856362864,72.83195143859047,urban,13023980
8375,2,4,19.14419142937391,72.98615955408467,suburban,46442185
9533,2,3,19.042172775698937,72.92304917871122,urban,76577319
4939,5,1,19.37520318273314,73.14742048126705,rural,15441027
6472,5,4,19.216030093569167,72.93888987708836,suburban,39076182
1358,3,4,19.061155292745543,72.91384893912333,urban,25722597
6019,2,1,19.19283734059854,72.73167256959444,suburban,25154882
7885,1,3,19.114789781355093,72.890875435612,urban,62401312
9136,4,2,18.942684146902373,73.00341311507614,suburban,50440763
4817,1,2,18.961140310864675,72.94251755465201,suburban,15972716
3954,5,2,19.019405020066003,72.72899533298067,suburban,30544427
1530,1,3,19.143062935370143,72.73413250163388,suburban,10417802
9987,2,4,19.0730105634509,72.90472271279245,urban,77989710
8406,3,4,18.878487428685247,73.10702520048542,rural,22692765
1947,4,4,18.930802357899868,72.93797026392711,suburban,15190975
3350,3,4,19.076887089519406,72.869547496115,urban,21758782
8606,4,4,19.067079616068366,72.85739615029362,urban,75773674
7651,4,1,19.082068479850896,72.91602883361658,urban,64433465
7452,2,2,19.042092434053785,72.84922863294958,urban,56232515
4555,2,2,18.95891765022004,72.82208023457127,suburban,30085604
5902,5,3,19.057445615086333,72.86348539314001,urban,38429126
9781,5,1,18.865167593926564,72.67526186577625,rural,24083123
2172,4,4,19.12060684574003,72.88250114753163,urban,18954010
5032,5,4,19.084187849883495,72.83474831080134,urban,41127234
5424,2,4,19.0973191928361,72.88610988729641,urban,44517662
6585,5,1,19.03103945238076,72.84754256670718,urban,52603992
8234,4,3,19.256291513058883,72.7020548072085,rural,31036897
5364,3,1,18.933156038464425,72.75140246746417,suburban,19348010
9816,1,3,19.066405129798447,72.86634581053093,urban,65019286
1721,5,2,18.835812956345627,73.08158309884169,rural,1000000
3360,2,3,19.316426435986337,72.66909418798586,rural,2032210
8928,3,2,19.12822311135668,72.80028633888456,suburban,45838157
9836,2,3,19.2791359261502,72.72409172714187,rural,27911347
3753,5,2,19.13564193086746,72.73283679986386,suburban,21777475
4282,4,2,19.12747663715955,72.76164367480143,suburban,24433832
7457,1,4,19.0826736255031,72.84277454546095,urban,58345152
1266,1,3,19.124401323512245,72.92472591865653,urban,2332895
3181,3,4,19.19159833516903,72.99842026218221,suburban,15565539
8210,1,2,19.370326901812724,72.66413905694432,rural,19458677
7982,4,4,19.13753786096039,72.80688746996857,suburban,48027015
5586,2,1,19.262763757690895,73.12583741426714,rural,16742892
8464,4,4,19.114687290541724,72.88354780674656,urban,75343603
3165,3,3,19.188260405310128,72.98335598029927,suburban,11599584
4013,3,4,19.13234195679292,72.82096512929093,suburban,20225955
995,1,1,18.949203609795184,72.7843410581718,suburban,8833406
6322,4,4,19.153794506620542,72.80426051141664,suburban,31022871
2572,2,2,19.05551395463612,72.89250787958112,urban,22482750
8295,4,2,19.104709478038362,72.82989665784476,urban,61179461
9029,2,2,18.920918877517522,72.6777293893044,rural,31949750
4449,2,3,19.052079863526235,72.82784832904323,urban,27558239
6533,4,4,18.997185210005608,72.81868691833566,suburban,44229198
8828,5,2,19.15931900006993,72.94050573550687,suburban,50014653
3055,4,4,19.05159202320062,72.8938094799305,urban,28080020
6870,2,1,19.185903285282116,73.01750454876938,suburban,35912147
4915,3,1,19.004539188863635,72.74118215709561,suburban,21435216
6459,3,3,18.897184166422694,72.71153959820809,rural,22757956
9607,1,4,19.043813805682472,72.91481097060708,urban,70454067
6493,3,1,19.222111469937776,72.94978066385757,suburban,22203797
5521,5,3,18.86242533650266,72.60938323628697,rural,16885457
3407,2,3,18.915440660189944,73.13460429089206,rural,5262378
3414,4,2,18.786946236602496,72.6650380575469,rural,9970501
4370,4,1,19.0031519985226,72.74144823825324,suburban,22615608
9690,5,4,19.11163279949797,72.84492867383922,urban,68597270
5585,3,1,19.07282181235773,72.91552594917867,urban,51394043
7046,2,1,18.918739275151513,72.68205842258305,rural,16685786
895,3,4,19.31547894915621,73.13513481965333,rural,6993895
1438,1,4,18.97364035737309,72.74316340989785,suburban,3419583
3010,3,2,19.09456504505635,72.84298544551682,urban,24331242
5136,1,3,19.21990188292347,72.74809156495651,suburban,26427640
2149,4,4,19.083999466638307,72.86534659048613,urban,8774999
4190,2,4,18.95995980011901,73.02707468432025,suburban,17933617
3935,1,1,19.121252363796362,72.83493913321436,urban,31065675
3701,3,4,19.295114695376117,72.65538361991099,rural,10729622
4679,3,4,19.08266992860597,72.91109641463386,urban,37384727
8905,4,1,18.996603781878875,72.93474049376522,suburban,50463624
3737,5,1,19.101174512914827,72.92315230097961,urban,26316093
4362,5,1,19.010047535315664,72.73756401341953,suburban,23448397
558,3,2,19.149575823702406,72.73142515298038,suburban,1000000
5438,5,3,18.81598337213961,72.60996698323939,rural,13289247
3471,2,4,19.094998484472693,72.88494770750293,urban,33902905
8814,5,1,19.045203275243313,72.90368878821135,urban,68590938
9854,2,1,18.933198385516356,72.97656380547191,suburban,46494163
3845,3,3,19.068796531353488,72.87567365756715,urban,26905438
2986,3,2,19.093389751397364,72.84627701442244,urban,17142882
1061,3,4,18.93580539900528,72.74757272028606,suburban,10564607
4481,4,2,19.18695585795041,72.73932520388206,suburban,33716853
6761,5,2,19.077156089978576,72.92087908039848,urban,51124477
2237,1,2,19.06997197688215,72.8777569855492,urban,8607953
9596,1,1,18.900568440375988,72.58555114852116,rural,33836745
4054,3,3,19.146141592419166,72.81758053957688,suburban,17000256
9626,5,3,19.053361454987808,72.90177810005315,urban,76906907
7595,2,3,19.056752162020405,72.89977702617244,urban,60922625
8766,1,2,19.00640389172237,72.80470341566,suburban,49368913
794,3,4,19.063109355192477,72.83887739756048,urban,6712206
8712,1,2,18.78178942923674,73.05430882346654,rural,25936559
9730,1,3,19.16183820633516,72.93726337692314,suburban,47086564
5830,1,1,18.941355540246505,72.94485068557097,suburban,18389670
5155,3,2,19.35799363053219,73.09426947621687,rural,11737268
1609,3,1,19.08415174305045,72.8318505839876,urban,15173288
4271,4,3,19.068738255462957,72.88673138263754,urban,29525060
9063,4,2,18.93028799697387,72.79505352362153,suburban,46501124
6623,4,1,19.01273001860949,72.9710582350034,suburban,35540059
8147,1,2,19.075246783587637,72.86942318588659,urban,68623573
1674,5,3,19.123978504995993,72.91944979979206,urban,10388002
1664,3,4,19.084220589966606,72.84535097779151,urban,15670688
9784,4,3,19.081695699142188,72.90690822783237,urban,70223170
9975,5,4,19.02219728880227,72.78429706513452,suburban,41175343
9537,4,4,19.150395793754793,72.9369114659601,suburban,47151751
9212,4,3,19.009117134721965,72.81268961176637,suburban,44992717
4966,5,1,19.077596729030308,72.90349850314045,urban,41403663
6038,4,2,19.058731465116953,72.8809860705935,urban,53314746
7611,1,2,19.026685371207773,72.86858184713775,urban,58018149
8934,1,2,19.081508978644397,72.87914101634992,urban,64602587
3300,1,4,19.066581968721675,72.90649076637445,urban,21635571
5107,2,4,19.076164082665372,72.8913120523646,urban,45793652
7762,4,3,19.144462113163403,72.74154999035889,suburban,43320855
2041,2,1,18.977789636667353,72.79248052201754,suburban,5688063
3265,3,3,19.116074014696224,72.85012843446103,urban,19270839
4991,5,3,19.338907183364352,73.04313253185623,rural,10542270
3583,3,1,19.351487617025033,72.708023278172,rural,14158107
5856,2,4,19.3169882388941,73.1502152774816,rural,11009907
2357,1,3,19.243128835206846,73.03929835182514,rural,8146358
1269,4,3,19.13764791498581,72.73343080904314,suburban,15840446
1922,4,4,19.185755897407514,72.7356033611084,suburban,6635769
9098,1,2,19.029274575452334,72.8873413807216,urban,66773184
3472,4,1,18.935693469315943,72.95995590350802,suburban,17776409
2372,5,1,19.00111364112992,72.97825445869464,suburban,5279811
6099,5,2,19.198378877139902,72.76321382525805,suburban,28169079
2769,5,1,18.953744494220572,72.81785036935604,suburban,16073776
5775,3,2,18.965709181841632,72.76469171243134,suburban,24333759
5249,1,3,18.96418649882717,72.77828779761745,suburban,36535991
7071,5,1,19.05818533997912,72.82846138833403,urban,52746462
9873,2,1,18.983736259995386,72.78760837757743,suburban,48387752
5572,5,3,18.834200899012995,72.68271406786099,rural,13838657
5963,3,4,19.300667191920994,72.63885234860221,rural,15694601
7950,2,4,19.21416417341316,73.00461440583449,suburban,36061949
8920,1,3,19.08234754151481,72.86948142094899,urban,57519133
4459,1,1,18.871842305987396,72.58401561408134,rural,8698822
1813,5,1,19.097943489496885,72.92440869699568,urban,24816003
8347,2,1,18.90334997961464,72.71950756067766,rural,32043068
1570,2,2,19.030444426534732,72.83937646112535,urban,7305793
9666,5,4,19.225170982252084,73.02371789047677,suburban,41561890
3785,5,1,18.95070130003957,72.9417492077643,suburban,9953522
9449,4,4,19.141441274440815,72.78986138438978,suburban,44084860
3595,4,4,18.96460395388116,72.8197306891224,suburban,16740574
820,5,1,18.965006807578796,72.99131176569396,suburban,7223209
2821,3,3,19.14068711277895,72.73909200842084,suburban,12599689
1055,4,3,19.09773755176047,72.84170447181285,urban,14483755
5439,5,4,18.962262609157307,72.99406558469289,suburban,31834780
5932,2,2,19.065502508227045,72.82987964682329,urban,47131845
1886,4,4,19.2071049385969,72.78329319806215,suburban,10007331
5263,3,4,19.103598494966096,72.87753068212326,urban,46434401
7354,1,3,18.926060059100738,72.78149249229642,suburban,39260285
8137,2,1,19.192980381992285,72.77589332849665,suburban,33034657
5341,3,1,19.105860876177804,72.88486132677944,urban,44092579
4367,3,2,19.171014830528435,72.99390824746236,suburban,19360466
4293,3,3,19.136919387500438,72.81515736199792,suburban,27287081
7873,2,3,18.79523371402234,73.12419418966503,rural,24767788
3013,3,4,18.920008854591867,73.13600105672879,rural,16916940
4303,1,3,19.128328543641103,73.01029266899343,suburban,11200037
2827,4,4,19.147407490976242,72.79365341413495,suburban,17367823
9309,2,2,19.088459057917134,72.8541861135847,urban,67700139
2665,3,3,19.042848933832538,72.8386548237002,urban,32226477
3808,5,3,19.040981657296978,72.91451451530779,urban,15977733
6952,4,4,18.787597494027597,73.17289367114084,rural,21714927
8567,2,3,19.114739032502335,72.90931035004634,urban,68137728
8142,5,1,19.221805576904604,73.01226509415444,suburban,30736892
6904,5,2,19.058325431435797,72.88612118888516,urban,57080417
1492,3,1,19.086818332780766,72.88519145389131,urban,2671701
5924,2,4,19.096672634272096,72.89759765789003,urban,42322706
4881,3,4,19.13471942839249,72.79914775482526,suburban,27768963
3674,1,4,19.1850035054037,72.79484753018086,suburban,13414136
5282,5,2,19.150904228564556,72.96861998643763,suburban,28514987
9997,1,3,19.21313499237856,73.00052886868005,suburban,49209881
6060,3,1,18.932769916752783,73.02044447805433,suburban,32652081
7960,4,3,19.215199363324935,72.7557606878581,suburban,35207132
3578,5,4,18.98392169820735,72.80035302378953,suburban,24614894
3483,4,3,19.20608699715068,72.93991630808344,suburban,4122392
7759,2,2,19.049463421424534,72.87316262990703,urban,66918245
6554,5,4,19.273247573820115,73.15215407693825,rural,18297436
3023,1,3,19.120155477576688,72.88993699187739,urban,22539948
5081,4,1,19.12392765475027,72.8677722658246,urban,41359398
6109,2,4,19.178248744394875,72.80201501678908,suburban,32027344
2501,5,4,19.143970912113595,72.9887487473323,suburban,14489829
1887,2,2,19.085539874682674,72.83557752178697,urban,21357168
7052,1,2,19.187144687874916,73.00440793221115,suburban,26839762
1530,5,1,18.952304714404487,73.01555777080738,suburban,3723972
1720,2,3,19.16700592637843,72.82518376174257,suburban,11316822
6535,3,3,19.192022784016206,73.01683650378997,suburban,31129893
9955,5,4,18.935042421296792,72.7619040227481,suburban,57705167
7023,5,4,19.026238380716208,72.8640731243409,urban,66649671
8574,5,3,19.116685623611644,72.89666176642143,urban,66981469
9563,5,3,19.07279207510747,72.83812524148834,urban,65822284
1334,3,3,19.00136833340657,72.77220774821825,suburban,3075039
9610,1,4,19.135581234764565,72.94307554443755,suburban,38252503
2224,3,2,19.155414973149707,72.94467037915116,suburban,15076132
7098,3,2,19.175261322609657,72.7693255743958,suburban,31186517
2913,2,1,19.17898171889421,72.99682735814945,suburban,13394018
6493,4,3,19.097346028691035,72.89256935889352,urban,49590581
4998,4,3,19.047618206254654,72.89463774650555,urban,45403476
2605,2,3,18.89427619335132,72.63866333373201,rural,6692203
3068,3,1,18.956664945545263,72.73677334072624,suburban,13839917
9830,2,3,19.207019795240136,73.01557481131829,suburban,44247242
709,5,2,19.162266810873035,72.9316722214491,suburban,8446966
9756,2,3,19.164172432278,72.74094244898819,suburban,43247639
5411,2,1,19.190886105110778,72.79141844053161,suburban,20548159
2720,5,4,19.107553649892697,72.85782413819771,urban,20359031
733,4,4,19.36583850469432,72.69570297561722,rural,11998177
1292,5,2,19.02882975453469,72.88197522777499,urban,11620659
3610,1,2,19.124517290276607,72.88867787267573,urban,27221642
2666,2,2,19.08148616230362,72.89594702467551,urban,22796376
9026,2,4,18.997069775217803,72.82230846609222,suburban,47129667
5693,4,3,19.143624716715024,73.02005692367862,suburban,28400675
1714,3,1,19.157771388355858,73.01130693062932,suburban,3862812
4919,5,1,18.896063111948063,73.14283031434405,rural,12055881
7814,3,3,19.03247926394246,72.89969865809346,urban,59183907
8975,1,4,19.224960138009234,72.9842977714827,suburban,37266175
712,5,4,19.163290569368012,72.99256495585989,suburban,4338555
2158,1,1,19.35894983343441,72.59137469415214,rural,4125560
5524,1,2,19.090849092622488,72.87268523698194,urban,39494219
6417,1,2,18.82410417734336,72.62771518139608,rural,22794746
5641,5,1,19.07675536294021,72.84852147639374,urban,46091247
2294,5,1,18.936087621901464,72.79537520913993,suburban,8738106
6488,4,3,19.163722706485803,73.00407361415608,suburban,31433913
8796,2,3,18.811438517370267,73.0546298051742,rural,30947064
6078,3,3,19.037362674478942,72.88048980808101,urban,44216025
6051,3,3,19.108071435009144,72.90325469525216,urban,43060965
4345,1,3,19.031071521534123,72.87691775713404,urban,29009553
7406,5,3,19.21122253104083,72.99271034903177,suburban,38726552
878,5,2,19.158563202344414,72.98335868887307,suburban,7048173
3793,1,1,18.823712889919737,72.63247303859524,rural,11958076
3829,2,4,18.97096020352051,73.00887185558969,suburban,15629763
5308,3,3,19.05069865750004,72.89782205734531,urban,49177107
8437,4,2,19.03308043140114,72.91096738070873,urban,67687247
724,2,1,19.120345896726413,72.924178700517,urban,3905102
1237,5,1,19.16925387543157,72.76537971590325,suburban,11559821
735,1,1,18.89248640149356,72.7235445996863,rural,10026285
1211,3,3,18.79334434114735,72.65193921326818,rural,4545935
6488,1,3,19.19514740452359,72.77024827396258,suburban,40731865
2388,5,4,19.0820860125147,72.89249588508876,urban,16004617
7673,1,3,19.09015957778223,72.90053441590781,urban,48736882
1759,3,1,18.974007972290288,73.01770587977522,suburban,11427096
5746,1,1,19.30372797095183,72.61065413655757,rural,20107718
7771,3,2,19.090836146699807,72.84033732126633,urban,53146461
1248,1,2,19.0591952094163,72.829715555236,urban,15964630
4051,1,4,19.155544980815648,72.98472442912615,suburban,18037501
6900,3,2,19.184564977360232,72.8237105344278,suburban,38235164
7143,1,4,19.08380616814523,72.89860477216028,urban,55970929
9201,2,2,19.355968077502915,72.58255321757868,rural,27258910
2323,4,1,19.072732798688783,72.90239295110948,urban,22208274
7352,2,3,19.262079169966142,72.71812538082389,rural,20772756
8277,4,3,19.05013056846792,72.83145410851462,urban,61989909
4732,2,4,19.1110272413935,72.87669207574612,urban,38661312
7019,4,3,19.10709000406918,72.92168982768581,urban,53321476
2277,1,3,19.125390788655054,72.92141640094786,urban,14051481
1722,3,2,19.197655679717098,72.9718979651841,suburban,10561884
8130,3,1,19.207649636790958,73.01745545051094,suburban,37442801
2277,5,3,18.9529394300943,72.98169535491218,suburban,11900011
9996,4,1,18.93013750382322,72.77994471624149,suburban,47768793
7990,5,2,19.106926714789214,72.87100791066848,urban,70310338
5359,5,2,19.108937762668315,72.83884554724852,urban,43110699
9393,4,3,18.8538272418721,72.65530812516666,rural,19713884
8618,3,3,19.243461951526303,73.04318156501755,rural,31830267
3489,4,2,19.056374146445336,72.86039223783081,urban,19241487
8843,1,2,18.948313845330492,72.96919090361116,suburban,54239308
1825,5,4,18.985853126883597,72.75164002337922,suburban,11072874
9993,5,4,19.119582812633823,72.86043889729586,urban,74658035
5627,4,1,19.162269059503913,73.0246986516244,suburban,26812856
9498,5,2,19.203256733862435,72.79810232510529,suburban,40926778
3222,3,1,19.057354098542923,72.85368688868594,urban,25043064
5156,5,2,19.079524118762723,72.926476062425,urban,38852035
1825,4,1,19.004537735278564,72.80344801409124,suburban,9981930
4633,3,4,19.10517022616133,72.87874820611147,urban,41254363
9851,3,2,19.064476765673096,72.91207898343673,urban,76937308
3369,5,2,19.155749063836055,72.96692178986747,suburban,12767436
1742,4,1,19.137891010187502,72.94137310667212,suburban,5070680
9039,5,1,19.07840852604877,72.82777443148892,urban,71248910
2331,1,3,18.897510153275025,72.70135249697135,rural,8035377
2069,1,3,19.00939190739468,72.80818718188361,suburban,10121603
7746,3,4,19.085473025915462,72.90396931648533,urban,62892782
2418,5,2,19.207934337708068,72.9944680597426,suburban,13942693
6916,1,2,18.962771655546472,72.76276265219538,suburban,34722204
3732,2,1,19.044573847387547,72.85517300358264,urban,33002061
4258,1,4,19.016674145118127,72.74396755370358,suburban,30737993
6497,5,2,19.216710456054752,72.96886757132464,suburban,35202930
2855,5,4,19.17083565012876,72.76645069078191,suburban,31527900
2324,1,3,18.990870772388277,72.99071654534224,suburban,12027173
7780,5,1,19.181404710450146,72.98235848998438,suburban,40755845
4560,5,2,19.115584522384975,72.87642111582996,urban,46471367
5824,2,1,19.128459946577838,73.01216219506182,suburban,28051789
904,3,3,18.978174636449246,72.82572098423665,suburban,1000000
2221,5,4,19.18967646860666,72.7905799096946,suburban,7500548
5816,4,4,18.96192363665552,72.99234438725547,suburban,34787960
4345,3,3,19.129854352429625,73.0015179723492,suburban,24915540
4710,3,3,19.305518754050574,73.09014020588866,rural,8458517
564,4,2,19.10068154041504,72.8989785430788,urban,1000000
9991,1,2,19.09181096623282,72.91807772674034,urban,73496345
6882,2,2,19.08698883773003,72.8291509647545,urban,58507842
1468,5,2,19.087806383563525,72.88895592456703,urban,13179402
868,1,2,19.019036383649457,72.9704729754316,suburban,2371833
8924,4,4,19.096450123174805,72.9170049625238,urban,63790204
2742,2,2,19.110138098070987,72.8393551809311,urban,19831863
5502,2,3,19.086878442663743,72.88734814111967,urban,45382466
3583,2,3,18.99562520823224,72.9461105706118,suburban,17504063
8573,4,2,19.25263216535602,72.60676044913775,rural,24039274
9612,1,3,19.152439197734182,72.94947884045217,suburban,53716713
9380,5,1,19.041839589439213,72.83010649526085,urban,68568084
1969,2,4,19.163422542191825,72.9582094261151,suburban,12805367
5225,2,4,19.10138157391134,72.82893669088952,urban,39651621
4759,1,2,19.029770760173758,72.85326446318659,urban,44268621
4122,2,1,19.359381272941974,72.70233882491034,rural,14560934
1323,2,2,18.945430743392865,72.97331365531292,suburban,13084136
3931,4,2,19.077881512493693,72.884299226464,urban,34888548
7028,3,3,19.184077174191884,72.99257205128637,suburban,33207800
4651,1,4,19.087649810493634,72.89939485818586,urban,43016860
4713,1,1,19.05707231350367,72.92555788304735,urban,37331088
7920,1,3,19.011555491398855,73.01874425225284,suburban,40274146
9489,4,4,19.092431447818875,72.91530226599197,urban,69597888
1279,4,4,19.350759381695095,73.07951516484492,rural,6928372
3392,5,2,19.131060258268693,72.97410184322258,suburban,16615865
6034,4,1,19.267113417170197,72.72020438164017,rural,15182753
3806,1,2,18.990490023693354,72.78973165299008,suburban,20196136
3402,5,3,19.188158905934824,72.9714321965582,suburban,15555119
4218,3,2,19.22532557567458,73.02341479580346,suburban,17105369
521,2,2,19.0421479526939,72.86369600839876,urban,1000000
2000,2,4,18.93769117759132,72.97005659161792,suburban,15281093
9534,5,4,19.074830178325904,72.91387691342052,urban,81602351
4141,3,3,19.0295378899528,72.87111636947928,urban,42250035
5712,2,4,19.196026185074917,73.01405645323433,suburban,33217393
691,5,4,19.143326202594114,72.73912058347675,suburban,1000000
9087,4,4,18.909797272737393,73.09727701660847,rural,28908700
7674,1,2,19.071101574631637,72.91477901072646,urban,56847160
5614,3,1,19.168369431456078,72.98604526895332,suburban,40292094
5162,2,3,18.849097047493235,73.06112859648991,rural,16132844
4826,1,2,19.053990254224324,72.83211992674477,urban,32434893
9565,5,3,19.042330964173978,72.8701360625333,urban,70861585
4835,2,2,19.039106049870735,72.84103847505172,urban,28406840
8781,1,3,18.7808102257429,73.09176460447958,rural,23447523
9148,4,4,19.052773565484,72.87894471591075,urban,63324605
9696,3,3,19.085606490165805,72.86951855219596,urban,64597246
5994,5,1,19.16538085164551,72.7576573316356,suburban,26516138
9036,2,3,19.35767331064739,72.7099069599642,rural,20306738
3211,4,1,18.924942858124847,73.12266376660263,rural,9313672
8095,3,3,18.976888694765616,72.98650256078521,suburban,43042418
6773,3,4,18.81658132960281,73.034371854732,rural,19609833
6784,4,3,19.108981598066915,72.83451726244357,urban,52378311
9808,2,2,19.05829466006777,72.90690640768321,urban,76575362
9317,3,4,19.299966022355257,72.62346633967852,rural,32628562
4494,5,4,18.928177755019185,73.02131930728665,suburban,18726626
2178,1,2,19.06458848217435,72.87083459978354,urban,18743487
8914,5,4,19.136420433294358,72.96810749468794,suburban,46909387
1243,3,4,19.210689628144912,72.73908672495618,suburban,8625001
962,1,2,18.807679094187748,73.1030941526728,rural,1000000
2068,4,4,18.851188246623284,73.15433907000228,rural,1000000
2236,1,4,19.225046108059903,72.76603168153315,suburban,9921188
8403,1,4,18.881766600819898,72.72604234060415,rural,20403211
7502,1,4,19.183749554635636,72.77601856447676,suburban,32383285
9356,3,3,19.210352237114396,72.95938699246403,suburban,53236072
1856,2,4,19.193994762585856,72.94868189269286,suburban,10460720
1514,3,4,18.95228774752261,72.8223704599844,suburban,1000000
1554,2,4,19.118987014536014,72.90706700482238,urban,1000000
2264,4,3,19.06862246016937,72.92713768997179,urban,18320797
6509,4,1,19.01355641005891,72.98136058413536,suburban,30372522
4958,4,4,19.069934880284624,72.92044243066256,urban,39671131
1167,4,1,19.105426112840167,72.90590819415304,urban,11757366
3870,4,1,19.061385380098184,72.92112701774435,urban,30703381
6476,5,2,19.0628260930654,72.831697343572,urban,47088183
1894,3,2,19.189780126246095,72.79143523834742,suburban,14799170
8790,2,1,19.119465806205408,72.89142395340343,urban,60845822
4570,4,3,19.120052968951022,72.88599786822941,urban,42510846
7482,5,4,19.132386365962578,72.93069405137105,suburban,42849797
9113,5,4,18.920190809468195,72.6354236304226,rural,24472782
6099,5,4,19.094765813910296,72.85617224287172,urban,50957685
4150,3,2,19.02972221704495,72.9007838472799,urban,30725669
9824,4,2,19.27263539453953,72.64508016091102,rural,35658508
4120,5,4,19.096282330183,72.86255711052047,urban,30765586
3690,5,1,19.338173998883946,72.58884784894624,rural,13891902
9289,4,2,19.096350606064455,72.91429081396804,urban,65316950
891,3,4,19.11036406162793,72.86286013274858,urban,10298165
1575,5,1,19.12517005967764,72.83055660000471,urban,15324095
3150,2,4,19.124670757176876,72.85229971333867,urban,28052427
2884,1,2,18.85993444243171,73.16025331067371,rural,8462642
1309,1,3,18.89228275473649,73.12416631432822,rural,1000000
8547,1,3,19.227120602630155,73.09526663539637,rural,14390330
6001,3,2,18.88522472004171,72.64578354280567,rural,10187578
7395,5,1,19.27454087027861,72.62071411496682,rural,11318071
1659,1,4,18.96706210382868,72.82021554606588,suburban,7021454
8074,1,2,19.360639673133456,73.1033471064495,rural,27153899
2031,4,1,19.12514135794523,72.89132977875461,urban,13218682
5981,5,4,19.106602890166617,72.89234934852763,urban,45837744
8048,5,4,19.14809156865639,72.95610781839963,suburban,39516309
5476,4,2,19.294410669510786,72.66704783146758,rural,17037626
6195,5,4,18.93756309326013,73.01614977898369,suburban,33184802
8945,2,3,18.82088911870615,72.70102709693971,rural,23234943
4048,3,3,19.169886564189987,72.99336135708117,suburban,15998409
6663,4,4,18.976156571733103,72.79812875429867,suburban,37970893
7171,1,2,18.788446136147392,73.02953474352611,rural,24636902
5764,5,4,19.07076107821943,72.85960923542925,urban,50355149
1731,2,2,19.30878768050949,72.65845804772442,rural,1000000
2923,2,2,19.017197986909455,72.81394647294158,suburban,3768386
8571,3,3,19.210594553398575,72.81763611080781,suburban,42287814
4761,2,3,18.80718632812316,72.6861841582528,rural,19465286
3408,5,1,18.95733420553171,72.99847927310265,suburban,8094040
5212,5,2,19.16585260644911,72.95206891376715,suburban,25736185
7255,2,4,19.019745162676458,72.96109209302006,suburban,45115809
4383,5,2,19.07920575602442,72.87136753042397,urban,40605967
4015,5,3,18.999431608929896,72.80266243152938,suburban,23258901
3903,1,2,19.10892336681199,72.92620203721928,urban,23618883
5098,4,1,19.306219764990967,73.03967501257593,rural,22140418
5508,5,4,19.11370544234203,72.92082281709895,urban,43108491
6722,5,2,18.963122465397863,72.97838808332588,suburban,23753579
4509,3,4,18.924057392358055,73.12601298129482,rural,20146122
3235,4,4,19.334304552145685,73.11216076713642,rural,3830435
4991,4,3,19.18988323907302,72.93925284198423,suburban,42167149
9093,4,2,19.18827275076879,72.7549205629517,suburban,45286083
1474,2,4,19.11792395162291,72.87796157661887,urban,14552941
723,1,3,19.093900599165867,72.92291820605979,urban,6501306
5113,1,1,19.117608274493286,72.89217987707387,urban,37278561
7277,3,1,19.009425860846676,73.02275684309737,suburban,40455554
8927,4,2,19.0363396695382,72.87272976821184,urban,69957513
4711,4,4,19.18082555638462,72.81849184595312,suburban,25455923
725,5,2,19.079770539107937,72.92400894478507,urban,2723705
8683,2,4,19.128780997592877,72.73645569258431,suburban,42961856
4777,2,3,19.211717863518658,72.78994490713357,suburban,17992197
1841,3,1,18.86546080410112,73.16983792796432,rural,5649914
4536,1,1,19.034061260866704,72.85510598443112,urban,35942318
8901,4,1,19.072203321291475,72.92305559323178,urban,69384663
4227,3,1,19.082895109062232,72.8973072623168,urban,39408515
4428,2,2,19.034851984733383,72.91543240459248,urban,38064784
3303,2,4,19.17990182220138,73.01982284125407,suburban,26980091
9801,2,2,19.09430839969449,72.8747838593727,urban,79645158
7058,4,3,19.04025579295143,72.85490499779554,urban,55893782
893,4,1,18.915911405833825,73.09373995143677,rural,1000000
7339,4,4,19.001628872419037,72.77866119417935,suburban,31196653
9535,5,2,19.079342049090336,72.84615846670272,urban,80971577
9295,1,4,19.079398408840685,72.86412055567872,urban,73724654
1081,2,2,19.054604184895904,72.88629820140237,urban,7013516
632,2,4,19.01119631964984,72.73763413493926,suburban,4965373
3338,5,4,19.19206096897953,72.95801546896038,suburban,19255872
3885,2,1,19.186152346652815,72.78857490183707,suburban,18750389
4270,2,2,19.042845295231224,72.84943838400257,urban,37616823
2768,4,3,19.191302992354856,73.01628943310658,suburban,6895117
1475,4,4,19.013810051549818,72.92898063016513,suburban,13632861
8105,1,3,19.00274330488136,72.95995555670089,suburban,47116497
7713,2,1,18.826377855188785,73.12347714512673,rural,15273872
3335,3,3,19.09597449148447,72.84419413805949,urban,16936108
3238,2,4,19.101159442930804,72.84582678625524,urban,28004790
4634,2,4,18.842209867108437,72.7161382685772,rural,17689267
7333,1,4,19.07242299926242,72.83819835614426,urban,51497950
8853,3,2,19.056666660488208,72.86158333783133,urban,61050860
2409,2,3,18.949057308095288,72.96096801051797,suburban,2724724
9819,3,2,19.20325859300005,72.80721016931501,suburban,54956119
2463,4,4,19.350769219544297,73.17602701927538,rural,5608506
5653,4,4,19.063064932866045,72.89790052705753,urban,51475018
1466,3,1,19.031815111727077,72.831675151153,urban,1000000
1389,2,1,19.05949908634657,72.90065150881766,urban,11751392
3561,3,4,19.13764544436781,72.76414531517877,suburban,24383493
6961,3,2,19.09116746726855,72.87339761238894,urban,49253171
6666,4,2,19.13751516752947,72.80297171852371,suburban,38458155
7467,3,4,19.042458459270897,72.87453454484049,urban,52690629
8601,5,3,19.1214665539317,72.8935088800291,urban,62385012
7879,5,2,18.94239979685019,72.72959198109686,suburban,40654487
7780,4,4,19.261710511352955,73.16687165105654,rural,19675343
1567,2,1,19.369841189082052,72.63004520575167,rural,8906883
4723,2,4,18.79240457078317,72.613812603272,rural,12139169
9518,4,2,18.978807906773852,72.74536226650872,suburban,55381286
5107,2,4,19.0626430823931,72.87753319673422,urban,43337156
4485,1,3,19.08949907558857,72.83053702190522,urban,29689610
3679,5,3,19.001243130006834,72.95272143950714,suburban,21549921
5038,1,2,19.05914877534963,72.88221433877979,urban,34344277
2862,1,4,19.109158646700422,72.85366938125433,urban,28126287
2724,1,3,19.038375707746688,72.92253598065085,urban,28231565
6871,4,3,19.196468293603417,72.80999462343199,suburban,26930381
2226,1,1,19.104712661333558,72.91145410974755,urban,19782638
6291,3,2,19.053621257665423,72.8725579673389,urban,54907776
8573,2,1,19.19536737432281,72.96676675742295,suburban,47041760
8958,4,1,19.039644975399543,72.88741135050975,urban,68493449
7513,3,3,18.988483180040138,72.82716198681904,suburban,52378810
1337,3,4,19.167670374279517,72.7963230714554,suburban,8939612
5084,5,1,19.07151088189864,72.89718311093922,urban,33214420
1186,5,2,19.127319808238123,72.92864201140848,suburban,11572032
856,3,2,19.124221203422852,72.85493572379184,urban,13248707
9563,5,4,19.194289355716666,72.81047424570974,suburban,52710880
5147,2,2,19.13380748904752,72.73962068400432,suburban,26667232
4918,2,1,18.891430032889552,73.13729062676599,rural,5818385
7142,5,4,19.001972463950164,72.93806162536607,suburban,29790151
3891,1,2,19.05076377495217,72.92726633028025,urban,24683373
4857,3,2,19.00838505590315,72.92976518499782,suburban,13299540
5379,2,1,19.084001725184013,72.86284099999841,urban,49019719
5819,5,1,19.177333966245705,72.95377269549074,suburban,30881097
3239,5,1,19.087646855834258,72.83571922890397,urban,24878050
5284,2,1,18.934931189939892,72.97375253422251,suburban,18723615
1377,2,4,19.056738385943603,72.91432217548376,urban,5290115
3370,1,4,19.16431851719821,72.77150388288044,suburban,16868317
792,5,4,18.960828356241805,72.76012832560744,suburban,4167157
9228,5,3,19.0928295185028,72.86708027441925,urban,72769539
3186,4,1,18.78934362731005,72.70826917281342,rural,1784969
733,1,1,19.01939992713578,72.965790384917,suburban,5234057
2874,2,4,19.110514375446243,72.92020432019892,urban,29210416
2772,2,2,19.092942564480474,72.83803345999858,urban,20328768
1466,3,2,18.99183691183776,73.0241491892348,suburban,11461357
1389,2,1,19.08164893826228,72.86299294759957,urban,10590293
4363,5,1,18.77612560817707,72.68489164030373,rural,10299658
6654,2,4,19.096218281482468,72.86037393302442,urban,53583890
3900,5,1,19.091758143395463,72.83816519868145,urban,29190544
8726,5,2,18.847540519860463,73.0839847322604,rural,22863132
5042,1,2,18.79797914030883,73.1736120931942,rural,17374755
4023,2,1,19.10268583152204,72.88059360897394,urban,22012296
2263,1,4,19.13573999438583,72.99440595463217,suburban,11754611
3791,5,4,19.050566105657875,72.89845825130702,urban,26116621
2988,2,2,18.960300740588192,72.95913259415899,suburban,23957683
2058,2,4,18.78510263233366,72.64591105682834,rural,8789171
5190,1,2,19.053177958447026,72.92478070446427,urban,45695747
6621,1,1,19.05337049117858,72.91644090242488,urban,50893816
2776,5,2,19.11878691117987,72.89966285946039,urban,26397345
4939,5,1,19.107158742772075,72.87348568077903,urban,40481384
1603,2,4,19.117954678945004,72.90196462450392,urban,10521918
8020,2,3,19.275011598730153,72.72245822485169,rural,31991661
5909,4,3,19.110065032474115,72.91376681188723,urban,49938817
8369,4,3,18.942488127451647,72.94917464854211,suburban,38809878
3456,3,2,18.964617414481854,72.7609443507932,suburban,9738087
8210,5,3,18.956735767624956,72.76861029925324,suburban,37449997
6517,3,2,18.959697517626473,72.76736320711339,suburban,33163222
3884,3,4,19.113441632736528,72.85175697534726,urban,27716754
528,1,1,19.20044887812324,72.94534566729585,suburban,6591247
9397,1,3,19.115568375879917,72.82867105153707,urban,72342233
9712,4,2,19.22396776665403,72.93066758666599,suburban,48141636
8256,3,4,19.11175600983373,72.8985704003104,urban,63813184
7448,4,4,19.13658106579284,72.73395850934041,suburban,37864326
6255,5,3,19.13710435435381,73.01375535959245,suburban,31714478
4102,2,4,18.998186630993313,73.01020410502328,suburban,22700114
5562,1,4,19.088304380214407,72.91755131521327,urban,40028710
8571,5,4,19.112127981006818,72.85037916584449,urban,61292091
7744,5,2,18.79419707684279,73.08380597593606,rural,26380012
6872,1,4,19.123233238712857,72.90368743285458,urban,48322579
7605,1,4,19.058148595436254,72.89249258896666,urban,64307602
4081,3,4,18.97206756637349,72.81603967629545,suburban,20672149
3262,4,4,19.3492822225451,73.14435655353304,rural,6534364
1072,5,4,19.048083744028144,72.91608960293196,urban,6192590
8205,3,2,19.161296564361898,72.8256881882045,suburban,40379907
1114,3,4,18.939884289657808,72.9899680355438,suburban,7855108
4550,5,4,19.04877160571748,72.87290498879759,urban,33200490
825,5,1,19.188808492324643,72.75688454832574,suburban,8854030
4240,2,4,18.842650861146947,73.12612751417771,rural,5576670
858,4,4,18.81802380345038,72.584478150169,rural,6043145
4277,5,2,19.042936127779544,72.92244191267172,urban,34971559
6406,1,4,19.146417599256463,73.02682637857015,suburban,29429264
2221,2,2,18.96324684472587,72.79526772237354,suburban,13027515
1849,4,3,19.038617301644937,72.91435751925903,urban,23958559
4196,1,4,18.982755815380038,72.7717148143137,suburban,26634194
4396,1,1,19.051535470480996,72.90409374854272,urban,35132253
4760,4,2,19.073046476183823,72.84897546591192,urban,42491484
7441,2,3,19.11129716805804,72.89569491734498,urban,54893937
4308,1,1,19.03549216825769,72.8818757195289,urban,29453375
5746,3,2,18.940823614780676,72.82100651917786,suburban,32723663
8884,4,3,19.106521447051676,72.91353572801103,urban,69948243
4345,4,1,19.20353627763346,72.79712904249735,suburban,20965827
3077,5,4,19.1001277976665,72.84295877529455,urban,29987942
591,2,1,19.18549977632574,72.75566262747911,suburban,2734606
4734,3,1,19.24275075857852,73.07715120418888,rural,19724206
9172,3,1,19.096105689991454,72.9007036295525,urban,59610168
7092,5,2,19.000674082602785,72.82631233879829,suburban,34919524
8628,1,4,18.93508737126602,72.74794829548966,suburban,47141959
1575,1,4,19.223757044055162,72.97101167780944,suburban,15689160
3013,3,2,19.02722867639584,72.92229513628338,urban,30473394
8668,2,1,19.184334665493243,72.96677999839056,suburban,39972662
7361,1,4,19.06224190643264,72.82805981016757,urban,62329565
9490,4,1,19.058433513799816,72.92284549240685,urban,63829854
1104,5,4,19.010573263576962,72.77315888909106,suburban,2986894
3479,2,2,19.104337913030818,72.88393978072386,urban,25910265
7640,1,3,19.146223601835228,73.01432412982389,suburban,40033525
7565,3,1,18.930869867057446,72.92776281928927,suburban,33083668
5416,5,4,19.225984130049792,72.74658120830283,suburban,27697413
7300,1,4,19.08811324627263,72.89898996520833,urban,62618439
1097,3,4,18.80520106118246,73.04154209713879,rural,1000000
7820,1,2,19.207540810003273,72.93178657876851,suburban,32310907
9205,5,2,19.058401161588286,72.91315823952812,urban,67591351
6122,4,3,19.104035138959688,72.89334214709156,urban,60132339
2377,4,2,18.945527681915713,72.78235702993423,suburban,14765086
2199,3,1,18.89086762353454,72.62201346777502,rural,1000000
9721,4,2,19.129986197341083,72.79928487601802,suburban,54650029
6280,5,4,18.941656398492885,72.97858564893323,suburban,23838747
1216,3,1,19.125276597099973,72.85470730679806,urban,9621647
4586,1,2,19.12452947250984,72.92133346815082,urban,35314752
1165,2,1,19.080244150864065,72.83689630826417,urban,15087798
8346,1,1,18.956458518854554,73.01227176615488,suburban,33428792
7111,5,2,19.04990404593459,72.90798241647127,urban,62253934
1579,3,1,19.080507782567594,72.84746300048155,urban,18366535
8919,1,4,19.120953864096748,72.92250982266852,urban,74239133
8840,3,4,19.28105745101669,72.71809953362875,rural,20219024
1569,4,2,18.994277326541653,72.8210644739,suburban,17924253
5763,2,2,19.125811631460028,72.86274055137103,urban,34694837
8451,5,4,19.33771193950763,72.71783438115799,rural,19325788
1863,1,2,19.036875176604966,72.83323499371636,urban,15171140
5008,2,4,19.084879104050952,72.90790309875233,urban,37156482
2255,5,1,19.071297025114173,72.8801179110441,urban,12855425
1019,5,2,19.053073001702522,72.90133872808738,urban,22031001
5963,4,3,19.062107326714184,72.83444990203263,urban,38383476
7733,3,4,19.009449228897434,72.94054686052456,suburban,31369149
1602,3,4,19.019478732541664,73.0083484322467,suburban,10514818
1097,2,1,19.15083941792023,72.9762509756782,suburban,5175691
3773,4,3,18.927499878354205,72.82113804216135,suburban,12563754
6281,5,3,19.160576498321287,72.77751937878874,suburban,44092530
6756,4,3,19.042024228017624,72.85205652986924,urban,53361326
7758,4,4,19.13312619642581,72.79989097028184,suburban,37779396
9280,2,4,19.191148193524445,72.98314962055923,suburban,46634734
7054,3,3,19.2448672999706,72.60126958570271,rural,12158155
8502,4,2,19.117219888857914,72.91515461147783,urban,71048477
5346,4,3,19.041492703413418,72.91751520422531,urban,43471770
9686,4,1,19.188783483056252,72.76467131946653,suburban,47791504
5298,1,3,18.98549442354525,73.00122632964198,suburban,26051511
7105,4,3,19.103151466791992,72.89371889492406,urban,51133272
3486,4,3,19.13400548006567,72.79842889976896,suburban,24726250
900,5,2,19.048342518865613,72.87492604010026,urban,6104960
3355,1,3,19.27953919636321,72.71475519150088,rural,5777278
3912,4,3,19.054666712125798,72.87403184856856,urban,32717831
556,4,4,19.113452398564114,72.87926162821759,urban,1000000
8522,2,3,19.091190496078287,72.8702955151697,urban,68099692
2375,2,1,19.21300623519518,72.761437854591,suburban,11136782
5043,1,4,19.073750120726594,72.91042342045102,urban,41453783
4798,5,2,19.19936553526655,72.73716888522202,suburban,23812915
4268,1,4,18.779424175370465,73.07046165018049,rural,6356114
6252,1,2,19.075567262719648,72.83873387384764,urban,47972519
5333,2,2,19.194131094100968,72.73764437292509,suburban,31196858
1853,2,1,19.086703724268645,72.88122648708548,urban,12213338
5487,5,3,19.12539914232053,72.8856425718986,urban,47902126
7097,4,1,19.118745832381222,72.91935950505442,urban,53338115
4811,5,4,19.054951379585102,72.82907510755776,urban,36569448
3434,4,2,19.16991684077982,73.01383701361115,suburban,22344083
522,3,4,19.086366918753317,72.84336584100224,urban,7588633
1709,2,2,18.90986184291052,72.58449770243321,rural,1000000
9440,3,4,19.190816101673374,72.73711355850446,suburban,46679021
1304,3,2,18.96930968178693,72.97649051805728,suburban,1157585
8825,2,1,19.278446853863016,72.6338914054812,rural,27143357
4916,3,2,18.802353115887414,72.57799515871707,rural,8039393
9125,1,3,18.99001051594622,72.77458987179558,suburban,46186561
5641,4,1,18.995701259465605,72.78196538983474,suburban,31751026
5468,5,3,19.027788239083886,72.86707741304151,urban,46262628
4171,2,4,18.97035030816766,72.94921830421869,suburban,18643018
7792,1,4,19.179957385931832,72.76391900155143,suburban,38963221
7501,5,2,19.27948765775534,73.06330426939087,rural,19160694
2598,5,2,19.030052394005732,72.8461683351965,urban,19708011
8944,5,4,19.107860612710894,72.82800512657612,urban,65046513
5561,3,1,19.030388860255734,72.8404018940279,urban,43097652
9821,3,3,19.289036087401364,72.67763932484529,rural,31030597
3764,3,4,19.03709494741069,72.92158625369399,urban,25725963
5935,3,1,19.2171250221293,73.00488986083863,suburban,25283809
8993,1,3,19.158369803201722,72.99428449682635,suburban,52614780
7191,3,2,19.079062281322734,72.8928283844393,urban,51477493
3263,2,1,18.974080370348705,72.78637152362849,suburban,19741455
4505,5,1,18.948225008355752,73.00159989949776,suburban,28480742
3741,1,4,19.06346771131946,72.90527366263483,urban,30478435
3557,3,3,19.221770363197855,72.99659795191165,suburban,19827830
1050,5,4,18.806527810575954,73.11909531140782,rural,3190442
6074,1,2,19.332977379746627,72.61221199193737,rural,8604649
5911,5,2,19.135202045866155,72.77918827800586,suburban,36660041
2087,1,3,19.170754915302304,72.75605730114096,suburban,7759751
6420,4,3,19.02616302519344,72.8646285093101,urban,54397775
5760,1,3,18.915836152521447,73.14478945827486,rural,15152657
4909,3,4,19.106637858937102,72.83073271913678,urban,40950438
6283,5,3,19.02277306911152,72.7373550641344,suburban,34373878
1212,5,3,19.09300902304441,72.90724543921962,urban,9514596
5906,5,4,19.07078637037306,72.88234720927143,urban,51481832
8490,2,2,19.048738072357594,72.9200599955143,urban,57891768
7920,2,2,19.156180110283945,72.8059188810624,suburban,46075564
7343,3,1,19.006948627709914,72.75903083706221,suburban,42553630
2933,4,2,19.011219554598902,72.93442464183553,suburban,14877630
3801,2,3,19.039662465514475,72.85898505251158,urban,30955455
770,1,2,19.350990597378686,72.71910589695577,rural,1000000
1579,3,4,19.05628991827597,72.88303331789038,urban,9788623
5822,4,2,19.102288284044366,72.91981914525479,urban,45140085
9295,1,2,19.167208820864104,72.81711651855768,suburban,47644249
5757,5,1,18.88291285545698,72.60978535332576,rural,23323894
8482,2,1,19.04690053234042,72.91157455050636,urban,63371873
6714,1,3,18.940084415565025,72.73945612250414,suburban,32781650
5506,4,4,19.012626975508493,72.81730425930198,suburban,35983524
4485,3,3,19.29039872154195,73.15793149969613,rural,14565880
9291,1,4,19.08868921416327,72.90652127098248,urban,63684179
9205,3,4,19.15291528944194,72.95441395967772,suburban,47086948
6491,5,1,19.09861362803798,72.9236762641258,urban,55053497
6727,4,2,19.110994067065768,72.909905140387,urban,64664396
9758,4,2,19.095231422369732,72.8395486633548,urban,76084806
8333,2,1,19.347386183807373,72.58740174112047,rural,11813083
3386,4,3,19.057366195838608,72.87994816423202,urban,18702825
3153,1,2,18.78253165992963,73.03532484112603,rural,3593010
9780,1,3,19.107466833320736,72.90657491667235,urban,69281917
5364,1,2,18.840983839254452,72.5896155504241,rural,17413690
3014,5,3,19.001484940325614,72.79700436969152,suburban,26424394
4469,4,4,19.06306692572075,72.84376598378286,urban,39832571
3784,4,4,18.9535373847842,72.96919528071274,suburban,24725934
8240,1,2,19.055365326974556,72.84089177474216,urban,65586100
5066,2,3,19.03919890235551,72.84802637524378,urban,40936718
2696,2,3,19.13752156926209,72.80564529260936,suburban,10329115
1289,4,4,19.151633601496368,72.9619946561484,suburban,12054943
3975,4,3,18.93677909074302,72.9415160992079,suburban,19118062
1809,3,1,18.98805207496617,73.00491262690264,suburban,13336598
1364,4,3,19.064295628881798,72.89728746985905,urban,14766426
5889,1,4,19.31555221260528,73.03942018756806,rural,16077211
3863,5,1,19.37279121928989,72.6551997195454,rural,6864490
8715,4,1,19.04099198012797,72.91160701738652,urban,66718359
3503,4,3,19.039330787749208,72.83820837441924,urban,25423606
9002,1,4,18.982099964947526,72.7840353120631,suburban,36358344
1731,3,4,19.0132466513427,72.97608270986711,suburban,4242770
8459,4,4,19.0961763891715,72.8668686877068,urban,67478634
3211,2,1,19.09084678894008,72.86154111836277,urban,12043788
7081,2,4,18.96954540133662,72.78078630248122,suburban,47646701
8205,2,1,18.9722475207332,72.96607986770479,suburban,38343741
921,5,1,19.075523760025288,72.91801272664867,urban,13495043
1446,5,2,18.892579363891674,73.04451858196778,rural,1000000
9878,4,3,19.00763404386136,72.96701193931038,suburban,45966686
2334,4,4,19.11282163089732,72.88449045297897,urban,25235932
2064,4,1,19.175758926498165,72.74892549059318,suburban,12977779
7832,5,3,19.11170147205205,72.87603040582063,urban,59504746
5444,4,1,19.012356677047542,73.00964114661288,suburban,37893536
1808,1,3,19.08646005424569,72.91706088858513,urban,7189618
3486,3,1,19.115069163222042,72.91698188915565,urban,32767615
886,2,4,19.067691745919298,72.90266058817801,urban,6034864
6631,2,2,19.049327085974422,72.91081769885295,urban,46468682
9853,1,2,18.991827769360068,72.78130875380396,suburban,39052597
3758,4,2,18.94542600484058,72.73244887948609,suburban,10120482
6621,5,1,19.041108526965758,72.91874104230781,urban,52517927
5311,4,3,19.075315438710938,72.91664007910906,urban,42423722
7074,4,4,19.199207359273327,72.7402197094478,suburban,32521343
7197,2,4,19.107237201372065,72.83973359988447,urban,54264843
4433,2,1,19.122829468921267,72.84579792226418,urban,33137558
1939,5,2,19.023549723210238,72.98078073749443,suburban,9086660
6669,2,1,18.81853723486243,73.07858492677342,rural,12935858
4980,4,3,19.35238400815594,73.11920176135602,rural,16509943
555,1,2,19.18735745841662,73.01392304003514,suburban,8143427
3824,5,1,19.02915166271295,72.8399398558381,urban,32653643
7277,1,3,19.12645140479279,72.77845578176402,suburban,38550772
605,4,2,19.08058016617917,72.89606467319673,urban,10528385
3701,5,4,19.06257837419379,72.84855772687634,urban,29571798
1169,1,3,18.986517962161436,72.82679889993132,suburban,2702004
9434,5,4,18.987627370025304,72.76542116575513,suburban,39090919
1466,4,3,19.087481238884,72.88174353935888,urban,10708605
807,5,2,19.046855932988567,72.89023240248446,urban,5483076
2638,4,1,19.015037758064388,72.77959141531717,suburban,8974960
609,5,1,19.3083594082749,72.61575933988185,rural,2198732
4132,5,1,19.021118147000948,72.82210296223637,suburban,21613218
7228,2,1,18.98523329078539,72.98145052053758,suburban,38095601
6184,4,3,18.80005857747612,72.62364785391539,rural,11777505
6999,3,1,18.999551298412825,72.7849197675126,suburban,27870891
2415,5,1,18.9635537386129,72.74587931395051,suburban,16383312
1056,1,3,19.030583947465928,72.92167486279165,urban,12516657
8119,2,3,19.055428401180237,72.91915103385189,urban,57823647
604,2,2,19.207306830252698,72.78638748866908,suburban,1036204
2547,5,3,19.12077039044228,72.89360536671916,urban,23097457
645,3,4,19.05096539825894,72.88105362034356,urban,9784484
1373,2,2,18.962462949112346,72.95036593271448,suburban,1000000
798,4,2,19.052746554583468,72.83246026682616,urban,12799141
3738,5,1,19.23649797653673,72.70421224347602,rural,4907327
9337,5,1,19.050795158493333,72.92144292321889,urban,65206843
6882,3,4,19.18358200228744,72.96995051799402,suburban,33224586
3011,4,1,19.02542884468197,73.01717469097144,suburban,13605628
7096,4,3,19.17116506650289,72.73353980606194,suburban,36493352
1283,3,3,19.05974208400423,72.9213157481457,urban,12041032
5492,1,1,19.211199762499355,72.73224662706903,suburban,34654038
870,4,1,19.369292733408074,72.64626757416927,rural,1000000
986,1,3,19.257835834952576,72.70663977649221,rural,6884091
7878,1,2,18.983768690785528,72.9498349469626,suburban,31731428
3696,5,4,18.930493380407132,73.00103913432476,suburban,13687348
4787,5,4,19.10033474828075,72.88884581722976,urban,34233324
2761,2,2,18.899295110917958,72.63268453339691,rural,1000000
9648,5,4,18.890379374126372,73.07572169709185,rural,31768066
9072,4,1,19.186254663968025,72.81501920179437,suburban,52389405
738,4,1,18.991397572923663,72.99687726196929,suburban,8962736
7343,1,1,18.939012535324157,73.0014581129482,suburban,27858756
1605,4,4,19.09920743685755,72.8912789405966,urban,25967943
1886,5,2,19.341882023376815,72.59737791187425,rural,5252477
2167,5,1,18.961569592757982,72.80018618147454,suburban,19877373
3191,5,2,19.17806445442553,72.97111633917322,suburban,16774217
8256,3,3,18.95012385296213,72.76719799753957,suburban,41061457
2496,4,3,18.815281998631953,72.57994822603071,rural,4250995
1925,2,3,19.17679188722493,72.96880057630938,suburban,20194673
8523,4,4,19.094712439054625,72.89457647036906,urban,73409651
7349,4,4,18.953821615577382,72.74048278867534,suburban,37416089
3747,3,1,19.31073420933418,72.6372048218559,rural,7974427
3092,4,3,18.92720503852356,72.74914620836539,suburban,19818673
1990,1,2,19.279765153350212,73.13543872232603,rural,1000000
1724,5,4,18.856393949348828,72.67623335418467,rural,1000000
3087,5,2,19.205129491044893,72.79449030732796,suburban,11619222
8214,3,2,19.11736000060675,72.88294588491343,urban,64966476
3564,5,1,19.04192370026581,72.90473280828483,urban,34302062
8304,1,1,18.99406557599723,72.77497186099602,suburban,34684690
1332,3,2,18.97599095773829,72.96572645332404,suburban,14919220
2940,2,2,19.02192163200439,72.7652054527864,suburban,12170805
5295,5,2,19.127277814663387,73.0026963344672,suburban,30157309
2146,4,2,19.095805611547295,72.87322763763757,urban,15593739
940,1,3,19.181199130631178,72.79396527495692,suburban,3871501
6456,1,2,19.133104735805734,73.01416899874812,suburban,40732260
2867,5,4,19.124279915932092,72.9127451900405,urban,21525426
7196,2,1,18.939036673278085,72.76791503193174,suburban,30718009
5690,4,4,19.36300943930988,72.71001706487762,rural,19879426
5163,2,1,19.111685573811165,72.87494080143233,urban,44435008
7562,2,1,19.042567035415757,72.86501968487069,urban,50018299
4831,5,1,19.12483873602099,72.92767591864913,urban,40071114
9996,4,4,19.097083499004775,72.91649923093544,urban,80011897
3534,5,1,19.02157932718354,72.95529715749825,suburban,28147956
9877,5,2,19.02719976474682,72.8653961555597,urban,74462439
3762,1,2,18.91204526224109,73.10531139530235,rural,16115179
2607,5,3,19.053044988856715,72.91432834026342,urban,23026929
7536,3,3,19.147305805392026,72.82121565703511,suburban,37373351
4820,4,3,19.108755870600348,72.88641873634946,urban,34698434
6438,1,2,19.313911155400632,73.02778610175012,rural,19883547
3247,4,4,18.999438196029878,72.96132090122164,suburban,12061298
5177,1,3,19.357150966268804,72.70045146412433,rural,7845180
8472,3,2,19.130890217743843,72.96037291659127,suburban,46292585
4764,5,1,19.217558398367295,72.94549979063659,suburban,34187254
3633,1,4,18.901282525136715,73.09872255729151,rural,2288080
1965,1,4,19.030135719223384,72.91028675937007,urban,11812872
4609,1,2,19.204011271511664,72.95548583720678,suburban,23911997
2711,3,2,19.062266958088077,72.904622714328,urban,19167406
6039,4,1,19.195248445628287,72.936746698112,suburban,21663287
2189,3,1,18.899086084235744,72.7015835446302,rural,1496223
8227,1,1,19.253487659208616,72.70934045696879,rural,25382782
8264,1,4,19.109871248080317,72.84538087582325,urban,61411376
5041,5,4,19.05990729931178,72.85632539505772,urban,42674913
4041,3,3,19.06160608647199,72.89912717943578,urban,25328656
1318,3,3,19.06654655809844,72.90365766813409,urban,13388883
5021,2,3,19.090040313824836,72.86380991821089,urban,28584686
1624,4,4,19.069224078160723,72.89806227120586,urban,18672277
6160,2,1,19.306213311976734,72.5974489757859,rural,22892235
6141,2,3,18.954229267396165,73.02662071198223,suburban,23415397
1629,4,1,19.02201692096893,72.97818520561272,suburban,6344729
2202,5,1,18.99262868196157,72.77869299478519,suburban,5003593
2501,5,1,18.995037836123483,72.78749836635899,suburban,14451952
7412,4,3,19.25142514927719,72.61286596061431,rural,22423764
4378,4,3,18.942824269951004,72.73942830104855,suburban,15880330
7732,3,1,19.065667316204184,72.89983221130215,urban,56551001
6831,3,3,19.141522050437857,72.99381157591556,suburban,40304805
6535,3,2,19.32434666224876,73.14091858882126,rural,20668070
7023,3,3,19.09024785930549,72.84905279314053,urban,55430425
8611,1,1,18.96673004452907,72.97374742887953,suburban,47788279
9236,1,1,19.06703157543713,72.85879240279858,urban,78788041
2901,5,4,19.056533466238644,72.89767064279506,urban,25469088
9981,1,4,19.30966996337535,73.03219281610455,rural,29977635
9474,1,1,19.08301190010482,72.91232834788052,urban,69987522
1039,3,2,19.030397781120897,72.87842069341102,urban,10088899
6115,3,4,19.111113537550573,72.82814479780988,urban,44029313
3456,4,1,19.26736908614027,73.16568803275192,rural,1000000
8577,3,4,19.08669964774995,72.87843816665993,urban,70514166
4222,4,4,18.90324809552767,72.72132694850208,rural,16623169
5587,4,1,19.099513018898907,72.84542427773246,urban,44053799
6960,1,3,18.822302025676944,72.64574250323719,rural,19174385
2670,3,2,19.325664574433773,73.05649651663758,rural,3357639
3891,1,3,19.08093049815649,72.87356955402656,urban,36232466
7442,3,1,19.06575013768572,72.90179136395683,urban,51178942
2116,1,1,19.091610096652236,72.89164620853614,urban,23404546
9608,1,2,18.936819935508645,73.02705006573548,suburban,49818660
6958,1,1,19.06082678776947,72.90558753491818,urban,54027821
3256,5,4,19.040209906278285,72.87899091710442,urban,29117720
7353,1,2,19.078450848195466,72.92604678675296,urban,60630735
8209,2,3,19.125100681498672,72.9076214138281,urban,59783431
2436,2,2,19.073301568778557,72.88242257899748,urban,23544890
3591,2,3,19.273961244727765,73.15217685555167,rural,6992700
1468,4,1,19.341713793173618,73.04850145072326,rural,5770768
7797,1,3,19.179735169042196,72.94016579686568,suburban,31004440
3703,2,3,19.13474325224142,72.73181587727251,suburban,15168166
6999,4,3,19.188074812098478,72.80721435664731,suburban,45042980
5673,2,2,19.011551509808665,72.7740880373039,suburban,35203792
1389,3,4,19.02409634783102,72.81736913303027,suburban,16693581
9484,5,3,18.95459332568409,72.73830201612307,suburban,54375026
9673,1,2,18.97350524498291,72.81718876358858,suburban,44904005
7882,5,2,19.01543602596261,72.96246898550895,suburban,38720080
4031,5,4,19.061922346339163,72.86065290434007,urban,38257693
1301,3,2,19.102917971671673,72.84487237339617,urban,16632944
8734,3,1,19.110584605010736,72.91352602474778,urban,73637273
3849,3,1,19.17509258228227,72.93831487484893,suburban,20749565
8505,4,1,19.108093137179917,72.85664735192243,urban,65279615
3701,2,4,18.94222525758035,72.99539188527147,suburban,24504564
849,1,2,19.208471136348866,72.80754995359071,suburban,1000000
9821,3,1,19.241526269720392,73.03815058502198,rural,28013261
1083,1,3,19.1172931804774,72.92505755166754,urban,7305932
3877,1,2,19.153046635422886,72.80752286581408,suburban,18013157
6528,1,1,19.005913992691983,72.95729070900683,suburban,38905300
8194,3,2,19.10704628564767,72.91720732750036,urban,65946775
6696,3,1,19.174224351492846,72.98410857336935,suburban,34349688
7583,2,3,19.26188982996794,73.1511640386924,rural,13410822
3901,3,2,19.105765988881185,72.90529079478526,urban,25080844
3685,3,1,18.880733007523613,73.13688685372416,rural,13548555
5785,1,1,19.31243489564808,72.62261198376255,rural,15848650
9854,2,3,18.927706486497765,72.80949943381543,suburban,55379133
7272,5,3,18.937989545576084,72.98385126060701,suburban,34160467
8990,3,1,19.169405877739223,72.74816485788729,suburban,45267702
3847,3,1,19.21064393697106,72.74056349554428,suburban,18174659
1288,5,4,18.860152380407705,73.05388578065877,rural,8803411
5445,1,4,19.07478273078512,72.92370877547093,urban,51984109
3389,2,2,19.08519113063011,72.9130845096584,urban,23639121
5773,1,2,19.119718399452275,72.8363575358864,urban,33414924
3772,4,4,19.142206399017955,72.7986158219822,suburban,23065005
9569,3,1,19.03217292184961,72.90636545098594,urban,75015103
5734,4,3,18.916431692461604,73.05146477113472,rural,8361599
7402,3,2,18.9702280143352,72.73954953260598,suburban,32235797
8112,4,1,19.35869631860672,72.71164330134727,rural,21060283
2992,5,3,19.07017145721201,72.84027922181113,urban,30882302
7245,3,3,19.081511237125255,72.86336583055855,urban,51131216
4740,3,1,19.060578783929635,72.83714451187113,urban,35476329
2822,4,1,19.12388529656707,72.90029599002239,urban,12991408
5798,2,2,19.15403342113404,73.01944751572375,suburban,31208061
2361,4,4,19.347556226497506,72.62880272538331,rural,1000000
7120,3,1,19.06943465077508,72.87320112534344,urban,65887293
4547,3,4,19.220876265505105,72.75168653953041,suburban,18863114
8081,2,2,19.188464058695477,72.98709005367154,suburban,44983583
7820,1,4,19.035530839598255,72.89782715915179,urban,62178522
1598,2,4,18.992883015967475,72.81473679592877,suburban,4415351
5747,1,3,19.059164602386844,72.90071237436707,urban,49467556
2234,3,2,18.901634457490854,72.57981082632845,rural,1000000
5163,5,1,19.15491517859963,73.0017524254062,suburban,26917445
6409,5,4,19.09134374521688,72.8336636864704,urban,54430979
3916,4,2,18.992661254023304,72.72985374546782,suburban,19076622
6802,2,3,19.0857424032441,72.8347605385966,urban,46454265
8093,2,3,18.959059878847064,72.95556621529606,suburban,48558689
1180,5,4,19.276670380294284,73.05847352219385,rural,3501563
8663,1,4,18.790125223640697,73.15820228449759,rural,20508273
2570,2,1,19.049344483850675,72.88892258593118,urban,14659577
7168,1,2,19.123037100138983,72.88818173823047,urban,54656448
8501,1,1,18.993289823832516,72.74595958887699,suburban,40583781
2691,1,1,19.358261282518196,72.58149848148207,rural,3232644
9359,1,3,18.90384551548763,73.11014112602444,rural,34540155
8086,4,2,19.045491859042027,72.8823777347227,urban,70901217
9372,4,1,18.961346242602694,72.96059617447472,suburban,48895941
9664,5,3,18.916964225033304,73.17122383398866,rural,32191047
3346,4,4,19.101944913090446,72.82987789199419,urban,19905060
2963,2,1,19.319646365688815,72.70060571968132,rural,7533303
7337,4,4,19.088115549097544,72.91289253576639,urban,58795592
5422,2,2,19.05154340953148,72.83044617789542,urban,40447662
4892,2,1,19.117411087937594,72.91856360284798,urban,35125223
3683,1,4,18.980414045895124,72.81989119410729,suburban,14651527
3667,5,4,18.847397866883483,73.15095882076601,rural,10914920
3497,1,2,19.13308045759286,72.99823376109202,suburban,22776358
7021,1,3,19.03494720270495,72.86756071314349,urban,59889668
3727,4,3,19.033736360683417,72.9106268993785,urban,30016637
7064,4,1,19.17231291850067,72.76899962443379,suburban,41398344
2524,2,4,18.928189021365004,72.73612174930537,suburban,7708880
829,4,3,19.164326922691313,72.81319002994951,suburban,8469644
2986,4,1,19.07003160751101,72.85025266524127,urban,23751139
1655,3,4,19.135769211526114,72.97130932973275,suburban,6054645
4977,2,1,19.319808472060586,73.14378821597317,rural,23302007
2685,2,2,18.993836042473944,72.7738299582968,suburban,11135541
7586,3,1,19.130509053804634,72.77483341967681,suburban,36640475
2817,2,2,18.910197464161648,73.09290058489462,rural,4835866
4121,5,4,18.97318344327562,72.82478235297357,suburban,24478203
4991,5,4,19.002799741619928,72.79355234449591,suburban,33882439
3011,3,4,18.940148669222516,72.93245730176363,suburban,10134992
8342,4,1,19.06548163368618,72.88958342634838,urban,66990354
9141,5,4,19.204896484847964,73.0004665137665,suburban,48964048
8348,3,4,19.254858052445517,72.59093940893821,rural,15911968
5904,5,2,19.027110903095068,72.89450961820849,urban,53416631
5893,1,4,18.835399580143324,73.04659364526339,rural,17384868
1793,3,4,18.96984355691873,72.7807736013691,suburban,13442050
2965,2,4,19.00501486216064,72.73241871907881,suburban,4640357
3675,5,3,19.182760374892528,72.76457997982033,suburban,27241317
8349,2,4,18.962427971901853,72.81624092710287,suburban,52552899
9925,3,1,18.841269593616087,73.17265161614937,rural,26953888
8944,5,2,19.160400291598027,72.81416021485923,suburban,42946662
8710,2,4,19.32790314212177,72.70110867231396,rural,12608900
3259,4,1,18.94343882419871,72.81199498216155,suburban,10529135
5755,4,2,19.01917423664002,72.92849500828868,suburban,34596611
8914,1,2,19.32072568664648,73.17370430790264,rural,23638534
502,3,1,19.05144092600405,72.83486886865009,urban,1000000
8630,2,1,18.9643345871007,72.82737711148478,suburban,50751856
1759,1,3,19.050312052575894,72.8576217075975,urban,10620874
8690,3,3,18.874403151938978,73.14223294125775,rural,17447401
4823,4,4,18.997552910611294,72.98179919381538,suburban,25836012
6273,2,3,18.782664546674845,72.68819051268791,rural,19477759
3068,5,1,19.307147221188384,73.05537793680087,rural,2290782
2385,4,3,19.044719794356535,72.91579698887251,urban,18493705
7560,5,2,19.058744963231902,72.90518675053418,urban,66968040
8344,5,1,18.931139660688576,73.02175505801772,suburban,35603208
6611,2,4,18.927674489362,72.76210627816236,suburban,34728574
9991,2,2,19.114837694305823,72.87456892417536,urban,74357804
2838,5,2,19.041269428779394,72.90684217554093,urban,26414039
9768,1,2,18.96355969924224,73.01591209716108,suburban,42719931
4258,5,1,19.05801104261561,72.85333145649994,urban,35500859
5310,5,1,19.336074282234424,72.64170307033301,rural,10350654
9639,2,4,18.89875433010568,73.05040301702155,rural,18237167
7291,3,3,19.134576226316756,72.80692990631083,suburban,30583723
7671,4,3,19.039305680990918,72.85252718157962,urban,58597801
3231,2,3,19.116679103383294,72.89741175184724,urban,26549807
1369,1,3,18.995311857202676,72.73996448776458,suburban,12402284
5666,4,2,18.83763759345281,72.67242584935337,rural,18043154
593,2,1,19.063158735593795,72.85258616726726,urban,13158743
3487,2,3,19.08677046074677,72.90223404417168,urban,26479025
9127,3,2,19.079636368818544,72.899328828569,urban,72892186
5447,1,1,18.983798379463543,72.74815538549402,suburban,21437549
7151,1,1,19.145624998478468,73.01677517031005,suburban,36471847
7479,2,1,19.122391220917283,72.88460085163707,urban,54956653
7294,3,2,18.958425901590275,72.74134207637708,suburban,34156015
7024,2,3,18.93477953666111,72.95481634208913,suburban,35465457
3644,5,1,19.149760698684076,72.76906400366285,suburban,12516715
4087,5,2,19.12607647663225,72.76376373268677,suburban,23746005
576,3,1,18.79935046234771,72.68906790697122,rural,3602620
9507,2,4,19.018245359609082,72.7738488320072,suburban,44627084
9459,3,4,19.15997078484857,72.78193673257819,suburban,49235843
7053,2,2,18.910221710620156,72.64916095587198,rural,25986420
8797,2,3,19.257858679603437,73.06621028180584,rural,29144199
7194,5,3,19.075440004930748,72.91485112616316,urban,56016933
3373,4,1,19.115211214063777,72.88636642030441,urban,29076690
3846,1,3,19.26821062334808,73.15046554863643,rural,16764360
7524,1,3,19.105795343269996,72.82933675835024,urban,58229926
3648,3,4,18.81292042129898,72.59979208143037,rural,14152166
744,1,2,19.10112441979382,72.9053170206829,urban,10085385
3125,5,4,18.850012489142348,72.60565689256771,rural,9613037
4349,4,2,18.934389564303668,73.01983736321188,suburban,28589432
9673,2,1,19.022850615992446,72.92961069064488,suburban,43763506
8237,2,4,19.059736108589508,72.86545332030583,urban,65513198
8833,5,2,19.296486204410304,73.06756984958018,rural,23724878
1392,1,3,19.104462039159625,72.85343416370408,urban,15627273
5987,2,2,19.10030612577709,72.89490191432586,urban,45916577
7751,1,3,19.078558346280566,72.8602442097046,urban,63830435
7810,5,1,18.79508383105326,73.0881194107568,rural,26447762
2899,2,3,18.961862914856223,72.73566683423009,suburban,12171083
5140,3,2,18.953730933644557,72.7820116975104,suburban,28734245
3460,4,4,19.01360476737416,72.81406735635007,suburban,21496171
7825,1,2,18.843064658436784,72.70803410309391,rural,20471307
1969,1,4,19.224289752466802,72.7781131273219,suburban,13692411
3874,1,2,18.991192752459284,72.99150269455095,suburban,18301945
9347,1,2,19.160338212092725,72.96201666517365,suburban,42546190
8734,5,1,18.97054538177696,72.99955554277385,suburban,46190633
8423,5,3,19.103959156099968,72.85813457080337,urban,68207525
5622,5,2,19.10191224338507,72.87270245273123,urban,29914039
5887,5,4,19.10376563906877,72.91635712705505,urban,58964798
8131,2,3,19.05099393491299,72.851564501153,urban,76373596
7726,5,1,19.169262490827414,72.82254661263521,suburban,36072747
5608,2,3,18.951029892042666,72.79315699946982,suburban,31209588
2724,3,2,18.837446511931216,73.03873967690232,rural,1852545
2610,5,4,19.078670167074904,72.89012622822227,urban,14437852
1457,3,4,18.953616941914913,72.7601441259227,suburban,5594085
7646,5,3,18.94774079238842,72.98870465818338,suburban,32702900
1060,3,4,19.05215017250121,72.84984272191844,urban,12553936
7913,4,2,19.20860922778608,72.9667389184903,suburban,44763867
1812,3,4,19.308739320854933,73.11547502336796,rural,13211647
2321,2,4,19.05624736456166,72.83434805394864,urban,18967954
6146,1,4,19.174016097526867,73.0179098680407,suburban,34635152
5445,3,2,19.104244975393065,72.8564246358935,urban,44333590
5874,1,1,19.11162657720368,72.86965031088745,urban,45829543
3151,4,4,18.990478258434912,72.75795203954623,suburban,12090494
5201,4,1,18.875401993289724,72.71898616557839,rural,14047089
3377,2,3,19.20323237171266,72.7356268292438,suburban,14741371
6082,2,3,19.182944122150822,72.82428263060608,suburban,33767263
5890,3,2,19.293318193853068,72.61731831990518,rural,5642453
4583,5,2,19.104123065100282,72.84796477643053,urban,42122965
1245,4,2,19.201953177104492,72.99024708117861,suburban,5604805
9249,1,2,19.19837514807912,72.80406774161861,suburban,42384931
1441,5,1,19.235261713726178,72.66873842392638,rural,6120482
4523,4,2,18.984049909464037,72.8267196423923,suburban,23846968
2796,3,1,18.78614420889617,72.60836572757444,rural,6924900
1439,4,4,19.097829200707135,72.89454817910755,urban,19859005
2110,2,4,19.143692561404382,72.96480585270108,suburban,2294650
6800,1,3,18.952128211679437,72.75166508036935,suburban,26379589
2225,1,3,19.192553979873512,72.77682615237318,suburban,7914819
9676,2,1,19.19927276454217,72.82459168124278,suburban,55228082
9353,5,2,19.08898136637242,72.83443199655997,urban,76548935
7687,2,3,19.067038126517364,72.91757891236124,urban,58226125
532,1,1,19.12134388247033,72.90592109477133,urban,7182364
6485,3,3,18.903279321654374,72.6714920064818,rural,23064526
3914,5,2,18.82817957957591,73.1436716676969,rural,13596943
1656,4,1,19.112064847546836,72.83762099276609,urban,19501567
3626,3,3,19.24485110104686,72.5912492280587,rural,10530070
8752,5,2,19.072037816504945,72.87070520917771,urban,70910347
2043,1,1,19.18127996748831,72.98736358498817,suburban,11874426
771,1,1,19.066374176347725,72.8896692964139,urban,4277662
5795,3,1,18.895059892089634,73.17752498564498,rural,14913167
4576,5,4,18.9707584721978,72.98311595937325,suburban,27233072
6402,4,1,19.050154345667714,72.88423530723355,urban,45068689
3209,4,3,19.13510144153501,72.78900738866645,suburban,13956147
9846,2,1,19.038417777396894,72.92024829308812,urban,73169813
5721,3,1,19.09599429149433,72.84458288823411,urban,44491745
9029,5,1,19.12093958605995,72.84929921081478,urban,69787638
7222,3,1,19.049561326379724,72.84102703755451,urban,55326166
8701,4,1,18.816822029685277,73.11333131489523,rural,25473461
4644,5,4,19.023470005058503,72.77443405122243,suburban,24190919
6106,1,2,19.108287361651588,72.87552729241555,urban,42958220
7266,1,4,19.093653047875907,72.90106556609571,urban,55682523
1230,5,3,19.08730526929781,72.86292162523675,urban,15332820
5390,3,2,19.039189548302765,72.89245385445295,urban,46231272
2148,3,3,19.20286963318124,72.9466827118654,suburban,1443058
4728,1,1,19.065724538478698,72.84827030755254,urban,30890680
2630,1,3,19.001468685013815,72.80393258516723,suburban,17919851
4866,4,4,18.986953808166824,72.98311787322268,suburban,24352181
2006,5,4,19.08412503359043,72.82988460882899,urban,8684745
2658,3,1,19.264606269251047,73.10302070209693,rural,12844049
3416,4,1,19.10312656236146,72.83125613162665,urban,32311998
3729,3,2,19.0797486887967,72.86314365925227,urban,23802943
6765,1,4,19.095490892028828,72.85607797621117,urban,45884299
4636,5,4,19.100372362962744,72.88792369078367,urban,52716711
3189,2,2,19.10496723837176,72.92613939580714,urban,20167846
7690,5,4,19.116858597716416,72.88702901948463,urban,66639662
3310,2,2,19.360064326611198,73.05066347192823,rural,15726599
6652,4,4,18.97268667500964,72.73026302238611,suburban,26999332
512,2,3,18.99548575964164,72.99457713528072,suburban,1000000
6438,2,3,18.97893803793395,72.95142556834134,suburban,37728649
8499,4,2,19.001008961929383,72.99994604313278,suburban,36647626
7719,5,2,19.028343489828746,72.8686737753154,urban,54951166
5828,4,1,19.10121711045336,72.92316046935633,urban,44410839
4121,1,4,19.113435757085902,72.827851975123,urban,30958332
4183,1,3,19.147870199702684,72.80692631157582,suburban,26459613
8372,2,1,19.090575456454236,72.84300690608814,urban,66428623
5810,4,4,19.117567869400546,72.90541169148214,urban,46908302
1152,4,3,19.067933193732763,72.88609934762742,urban,10387219
6299,4,4,19.080180200528243,72.88592300556772,urban,44697154
9312,5,2,19.112011525374957,72.84771196394507,urban,78352651
4290,3,3,19.094371396867587,72.83840328001375,urban,34536833
2145,3,3,19.071916397478905,72.89128388689485,urban,21323652
5012,3,1,19.02725016611468,72.83850662640074,urban,39770644
5259,5,4,19.03512667694248,72.86516926076011,urban,42877552
6374,4,2,19.088200895687844,72.92729650304656,urban,50214179
4188,3,2,19.05140788853417,72.84129595314916,urban,32891202
8189,4,4,18.98452373516124,72.81310245673316,suburban,41917968
1879,2,4,19.08239590589883,72.9156572513226,urban,12512573
4743,3,2,19.112085010512068,72.83777885728186,urban,39592640
7007,2,4,19.040747691529788,72.87681209931584,urban,59621624
8319,5,1,19.062771652013843,72.89800745427682,urban,66052916
9093,1,4,19.075494100021192,72.82971181786874,urban,77041515
3153,5,1,19.268684626741916,72.59247621939623,rural,6416428
6111,5,1,18.806307687244527,73.08804441489154,rural,28347128
6627,5,4,19.042900321723696,72.90135332672217,urban,54811083
4423,3,3,19.20465810464168,72.81868597408841,suburban,8939281
8959,2,3,19.07228892735895,72.89144367364077,urban,78210998
6412,3,1,19.089749133457484,72.89452029805757,urban,44815054
5630,1,4,19.197441524699972,72.77712333622792,suburban,28918753
5939,5,1,19.02684061338083,72.84436007053422,urban,49203934
8380,4,4,18.976143595790507,73.00225930580704,suburban,43449764
6949,1,4,18.953105630791946,72.97634027232853,suburban,33904541
2225,2,2,19.17047161602415,72.826770510191,suburban,8245470
9804,1,3,18.914814964383506,72.70589148576894,rural,25591835
8022,3,3,19.024665132765424,72.98505553332944,suburban,46962530
5284,4,2,19.204827501351687,72.93450305279636,suburban,22327770
9972,3,2,19.102685789392986,72.85670538791992,urban,76618527
1732,5,2,19.114720522152357,72.84619685941249,urban,18940235
9308,5,1,18.967449424465126,72.93864096643541,suburban,42722635
8838,1,1,18.79369034075466,73.11895212626158,rural,25836316
7946,5,1,19.003402966959584,73.0199750920368,suburban,46073358
5116,5,1,19.241882822632974,72.72536716282451,rural,17560673
5225,2,1,19.031121179221586,72.91886158622717,urban,45406252
4177,2,3,19.06183787296698,72.85752325275453,urban,32474324
6787,3,3,19.06765457233452,72.86865715801974,urban,48642866
8980,3,4,19.002150672431043,72.81851719904151,suburban,45488531
1909,2,3,18.966081130177283,72.96738350516398,suburban,2902955
8705,1,2,19.07237367104877,72.87804915757094,urban,78030507
756,2,3,19.365236747194437,72.65245388907647,rural,1000000
2221,3,2,19.16231629802933,72.75665881396166,suburban,2108916
1923,4,3,19.18483221703999,72.7829604656272,suburban,7513604
5453,5,1,18.94329727008383,72.78632669786573,suburban,27350478
3490,4,3,19.0830320425448,72.92145088185417,urban,21939916
1695,4,4,18.9566787979171,72.79686367561166,suburban,3381430
5059,5,1,19.060271690116643,72.9260254023819,urban,38413619
4865,2,1,19.04519897286565,72.92766495343406,urban,39804119
1744,1,4,19.01840943500914,72.75637601182744,suburban,13426342
7266,4,3,19.327936203044718,73.14434101514695,rural,26308039
5802,1,3,19.13141139465759,72.96347532927345,suburban,26142754
1806,3,4,19.190624704730087,72.80818061676867,suburban,1000000
2902,4,1,19.174669813788245,72.75483894772879,suburban,24026414
996,3,4,19.034648484804094,72.92026199156723,urban,8088854
3899,2,2,19.365159749381895,73.0288900613147,rural,7649308
1409,4,2,18.967285573595866,72.77232865708766,suburban,14130913
872,3,3,19.076335128186294,72.85708069137667,urban,6873970
6736,3,1,19.035570438616073,72.84853794105886,urban,54175165
1844,2,2,19.1000255113788,72.8518063518632,urban,16107029
9015,1,4,19.108971033562774,72.86804883670045,urban,62382505
2931,1,3,19.067447585489813,72.9145498741182,urban,17268145
5170,4,3,19.04742888282764,72.84666192366998,urban,39843407
3284,2,1,18.927459359447216,72.7736395559742,suburban,15723394
9907,4,2,19.142580483004483,73.01386649693261,suburban,47310849
2195,1,3,19.137503825428176,73.01639080885563,suburban,7404692
2407,2,4,19.12493572721304,72.85587603276859,urban,18956957
5314,5,2,19.178881723144823,72.94501002807327,suburban,24721729
1280,2,3,19.043653754900934,72.85842310865189,urban,15285807
1519,2,3,18.999013426218003,72.95600939322573,suburban,9607482
1903,5,2,19.02984464857882,72.87738615253734,urban,14073462
1926,3,2,19.188924580426434,72.9937761374444,suburban,12853833
9355,3,1,19.10209654082264,72.9232502982436,urban,77987920
6368,3,4,18.950433204539628,72.74533107508269,suburban,33203359
510,1,1,19.3246510015735,72.65598135247592,rural,1000000
6830,2,1,19.15733830802961,72.96375327433452,suburban,42029204
9730,5,4,19.07931610625869,72.85246317253066,urban,84367277
3325,1,4,19.077664211353177,72.91932413111608,urban,32020046
7964,5,1,18.865105425670695,73.06109690966923,rural,26948352
3503,1,2,18.938311270549562,72.73353020765795,suburban,18958207
9767,1,4,18.882897858296808,73.0858768270507,rural,28474348
7695,1,1,19.05838523106677,72.84148598845948,urban,58493175
7220,5,2,18.88368586935334,72.58310337118401,rural,15231892
3588,4,3,19.3660822909895,73.04331233216473,rural,4317011
2289,1,2,19.135334339728114,72.94744957246964,suburban,7031349
3536,3,1,19.069447816189935,72.89436742528439,urban,17997735
7877,2,4,18.928659370795334,72.82242862732765,suburban,33373845
8098,4,2,18.829966411619154,73.16217896752856,rural,22904221
5338,4,2,18.85616262716749,73.13952120126267,rural,3823431
6372,5,2,19.02737305915743,72.88470166503255,urban,45437886
4153,4,4,19.10732446709927,72.87104435393803,urban,32469590
4799,5,4,18.84061268443269,73.09102717919608,rural,10690649
9768,5,2,19.21443462637849,72.97551401093028,suburban,48370328
1473,3,2,18.80602270364943,72.63504239878962,rural,4116496
7583,1,1,19.361163080951098,73.07063213543458,rural,24811153
5994,4,4,19.316372532401882,73.07950867467436,rural,13957037
9991,1,2,19.095756617989988,72.90104075838131,urban,74001934
3906,1,4,19.10680072683766,72.85350841813116,urban,19145551
5650,1,4,19.100564178966497,72.90508068595503,urban,46271556
9850,5,4,18.799641118002345,72.65441932542475,rural,24986750
3629,1,1,19.135817822010118,72.74248790411818,suburban,19081059
604,4,3,19.08544347216442,72.83984406564862,urban,5164257
7933,5,4,19.086182253190636,72.83189883500951,urban,73487071
8189,4,4,19.118320876664065,72.91405374720027,urban,72812312
4067,5,2,19.255147613544683,73.11677009990849,rural,15256657
4848,2,4,18.945656758529804,73.00339203627523,suburban,26363691
4890,2,3,18.990915932286544,72.94016324518178,suburban,26268443
7311,2,4,19.102399167406674,72.85627933523057,urban,53992081
1681,2,1,18.8905690449713,73.14806818929196,rural,1000000
5144,5,2,19.04633919677372,72.91462706039954,urban,36302120
6373,1,3,19.012527058274085,72.93862398252719,suburban,28917844
4894,3,1,19.114653259295864,72.89724401686593,urban,40071472
4034,3,3,19.065471858255123,72.84342509234519,urban,30803927
6344,2,2,19.097347651272266,72.88761472194884,urban,38518713
6439,1,4,18.92723170889309,72.75114405381855,suburban,44368303
6975,4,2,19.198821505941062,72.95344470455164,suburban,35015485
2274,1,2,19.027927361747423,72.8515350590318,urban,28156523
8783,4,4,19.075899837651182,72.83560684004539,urban,66240115
946,3,1,18.87439057484837,73.10228524598179,rural,1000000
608,1,3,19.07205852250674,72.91560230519394,urban,9916539
3739,1,1,19.076529087356533,72.92180468508259,urban,26806173
6431,3,4,19.011226831923594,72.95572560875061,suburban,35449825
4553,1,3,19.268468387285342,73.07979141041211,rural,10323250
5037,4,4,19.079855917480504,72.86116607559593,urban,38017792
6861,1,1,19.342506766683638,72.71710028689247,rural,25853425
1745,4,2,19.03596697221466,72.84538508020493,urban,8940643
3220,2,3,19.032244545428952,72.91786830287829,urban,22604515
8969,1,4,19.030820445876785,72.87934164479402,urban,77245139
8241,4,3,19.00350225980159,72.78934113663028,suburban,41014862
5605,3,3,19.07100601412838,72.90250871898718,urban,36528763
3422,2,1,19.217188332625614,72.79767277859153,suburban,19761349
3013,1,2,19.115394543573984,72.92557840656994,urban,22699802
9530,4,3,19.069335117437287,72.87327888773493,urban,76242601
3301,1,1,19.247623416572942,73.0990285175144,rural,8130523
7481,4,3,18.926561993246388,72.80921520357934,suburban,32834821
8721,1,2,19.08765019819986,72.86221235518225,urban,67307889
7002,2,3,18.9785576460948,72.73035163667592,suburban,41178392
6538,2,2,18.93496795615262,72.93200828687453,suburban,30072972
6729,1,1,19.120451159475312,72.84057311116881,urban,46159516
9949,1,1,19.199655119539106,72.97230036041522,suburban,48020860
864,5,2,19.091922026427607,72.90046008252588,urban,8056565
2300,1,2,18.93280307197143,72.95338854888752,suburban,9173936
6458,1,1,19.160228581767267,72.75593902551171,suburban,37685858
9596,2,2,19.071754254973055,72.84606297276764,urban,74262517
7936,1,2,19.059644622977267,72.89926294074625,urban,68436475
5293,3,4,19.049334984947595,72.89618839038171,urban,42808350
8660,1,3,19.300391029107125,73.0415054835585,rural,26105744
679,5,1,18.939079379703976,73.02662908979563,suburban,14970282
4373,4,1,19.03148747312187,72.84071877743061,urban,36134113
4460,2,4,19.204814841394445,72.99327870731898,suburban,21092634
1686,3,2,19.06512985627074,72.90881502312456,urban,9507323
1273,4,2,19.167310994695786,72.75212267881639,suburban,2940354
4960,3,2,18.953518820140502,72.97433974431054,suburban,23054463
852,2,1,19.315809966852555,73.09528620417495,rural,1000000
7443,5,4,19.052570862069263,72.92627643781105,urban,48266737
5702,2,3,18.935418494395122,72.98043828276188,suburban,28288274
5844,3,4,19.0091572029145,73.01309352114362,suburban,16370340
5007,3,1,19.250193815686167,73.13787779845353,rural,19973310
5330,2,3,18.99566150300489,72.78409085963733,suburban,17575362
617,1,2,19.13612959138028,72.8087957348074,suburban,3993929
981,2,4,19.116220172541333,72.88508961895354,urban,9476774
4787,5,4,19.178342743580874,72.99832406406165,suburban,32364595
7302,2,1,18.900164406734422,72.7077340973704,rural,21344246
8798,4,4,19.361591623965506,73.08941909171614,rural,25142714
4977,1,3,19.146292815986754,72.778339455764,suburban,26343637
7033,4,4,19.067289840003074,72.85392819668618,urban,52658037
743,2,1,18.84358526062307,72.61063906803872,rural,1000000
7512,1,4,19.054384278126488,72.90201316957094,urban,58384753
1365,4,3,19.114559233728205,72.84018518770503,urban,10832425
5829,4,3,19.184593222810523,72.98888463085986,suburban,33397639
1103,1,1,19.02825145596092,72.85337029464837,urban,4029990
6256,1,2,19.31371019108619,73.05716640686202,rural,21449766
4518,3,1,18.955207753990873,72.78786844084293,suburban,25135869
5692,1,2,18.986083411577983,72.72772310351277,suburban,27739231
2515,2,3,19.152525652845018,72.94468864146594,suburban,5456860
3880,5,4,18.96852466965855,73.0241602132018,suburban,25071859
4270,3,4,19.166984759227777,72.96666336290738,suburban,32190063
6329,1,3,19.02625423021999,72.90741935469796,urban,45667961
2113,5,1,19.175016066251477,72.93102094130332,suburban,16435932
2379,3,4,19.06166818838762,72.90602888899839,urban,19251816
5872,2,1,19.06943867031994,72.90663001748263,urban,39458535
4608,5,4,18.96262659491312,72.8243863793584,suburban,21251032
9791,1,2,19.044143303667532,72.8552619561708,urban,73407386
9766,1,4,19.347394104278198,73.05617597961313,rural,29616540
9478,2,2,19.21249912181533,72.99142722762018,suburban,39711827
648,3,4,18.829392541771135,73.14959367133063,rural,1000000
2254,5,4,19.083167468447616,72.9264927684852,urban,19876713
7878,2,4,18.7813155735419,72.65134440320941,rural,15416889
7181,3,4,19.096068208881352,72.85456207870803,urban,57812809
4256,4,4,19.09294749281422,72.86287555982183,urban,43113807
9871,4,1,19.097875843848197,72.86443225582839,urban,75468895
9616,3,2,19.220119527737957,72.81403271275423,suburban,52079923
5892,1,2,19.104119909724997,72.86783259601255,urban,38412991
3552,1,4,19.172557558998964,72.73431827397809,suburban,14178174
6192,4,1,19.092017064827306,72.82964659264074,urban,53106357
4718,1,1,19.093051440711946,72.86653529359323,urban,29060190
5303,1,3,19.172021446252376,72.74689498809992,suburban,22443139
2877,3,3,19.124687080955145,72.90738111288061,urban,28821796
5586,3,1,18.953140845174943,72.9865686657164,suburban,24938669
3682,1,3,19.020712766635423,72.82585040925694,suburban,8752508
3660,3,2,19.369825457586675,72.6792181827707,rural,6515592
7076,5,1,19.08543146043114,72.88486677094377,urban,64370692
9403,4,3,18.839113765416336,72.68235562649441,rural,34937255
3086,5,1,19.217920622675038,72.99215257852568,suburban,15911905
3148,5,3,19.23499715253794,73.0427586876135,rural,9085469
7813,1,1,19.110650704079838,72.85924294011808,urban,70700347
2217,1,4,18.971194408384147,72.8267039468516,suburban,6540053
5808,5,2,18.810952869753166,73.08191287197764,rural,13769503
7907,5,3,19.035242798929787,72.87411757653706,urban,67290226
1370,2,4,19.02011487149983,72.96119650214919,suburban,3313457
4074,2,1,19.27348262797717,73.16981139740686,rural,11729550
6327,4,4,19.158486081126036,72.99177723800516,suburban,26845325
8486,5,2,19.12437688663138,72.8823057772293,urban,73509951
8962,3,3,19.20125636438162,72.96591650192593,suburban,43216120
9241,2,3,19.06898354294437,72.86957758386916,urban,67552051
6269,1,1,18.862907976246035,72.62338688601376,rural,11973661
6233,5,2,19.12141627293853,72.92597496823844,urban,43235603
3740,3,4,19.078336142941577,72.88354440092134,urban,28540173
5393,3,1,19.06676263717434,72.86325935816768,urban,30184268
9976,3,3,18.927467346404473,72.82363431313144,suburban,44948611
1386,1,4,19.248701058077394,72.61875795975061,rural,2429949
6354,2,1,19.114464572839744,72.86514779763213,urban,48891329
5818,3,4,19.117714873289664,72.92635625300854,urban,44941006
2758,2,4,19.10311714138662,72.89001580491554,urban,18392227
4882,4,1,19.248485249705325,73.16765905041697,rural,21040322
2285,1,4,18.99719542212674,72.97455019343624,suburban,15822371
8227,2,4,19.09190003224089,72.84022646687023,urban,62574880
795,2,2,19.19115312848942,72.76054463386492,suburban,3156064
3097,3,2,19.1208662679086,72.90559625058744,urban,22227745
1180,3,3,18.976326634496782,72.73584308127134,suburban,3050864
5390,1,2,19.095221822575727,72.84299653143617,urban,40144769
4798,2,1,19.30056108882803,72.59803656911573,rural,16733469
824,5,4,19.307826716717905,72.58441636995526,rural,1000000
8452,3,3,19.12720463849336,73.01698205201387,suburban,49278408
1486,3,2,19.159254371370523,73.0201025481793,suburban,4425792
3618,4,4,19.190815890586396,72.76200016848443,suburban,26716784
1260,1,1,19.07905335910126,72.89069730640469,urban,8529973
8258,2,4,19.156571532569163,73.00723639158042,suburban,44966410
9728,2,1,19.133144415350053,72.80755454262159,suburban,60314252
1406,2,4,18.789791616778373,73.09006425378088,rural,14545596
5999,3,3,19.04564567666344,72.88214674863126,urban,40074721
864,1,3,19.008234399529666,72.9340954612161,suburban,9706897
8269,2,2,19.20443473952955,72.74263667647897,suburban,36160369
3913,5,2,19.06392595800664,72.90114699820924,urban,33859932
8527,4,4,18.967646114051632,72.82536356981667,suburban,46675791
8439,4,4,19.23393184388527,72.71519659168396,rural,30157061
9761,2,2,18.781858019255203,73.15433014862012,rural,20246506
3581,3,2,19.150799746776457,72.93494508295231,suburban,12969992
5948,4,4,19.08603528810576,72.90741033231119,urban,42959321
3758,4,4,18.918265852073354,72.6650194973725,rural,14342166
2607,4,4,19.13807205354126,72.96772993947859,suburban,15969357
8428,4,3,19.03940393554063,72.9115945688241,urban,67368680
3433,2,1,19.0957115210344,72.86885564842352,urban,20849051
3329,1,1,19.06290672827427,72.91047487594685,urban,26151818
9133,1,2,19.035078384565175,72.84238332804513,urban,65562506
5506,3,3,19.216655000809354,73.00942066540507,suburban,24625534
2059,5,4,19.088397592430383,72.85694500515734,urban,17860836
2241,1,4,19.119478660526042,72.87688688217347,urban,10093332
6330,5,2,19.05406195311644,72.8642574606613,urban,52770293
8023,1,2,19.127684101519595,72.9532159061828,suburban,32933783
1125,1,3,19.03955566420712,72.83091399931801,urban,6888361
2190,3,1,19.048687544341746,72.83805187180704,urban,21352506
8782,4,1,19.0305140378214,72.84143222590984,urban,59925762
6810,3,4,19.005759663647332,72.96929623251127,suburban,28181679
3506,1,2,19.058226586243332,72.8418259415479,urban,31972548
4802,4,3,19.220032382917843,72.9791853712221,suburban,19473629
1588,4,4,19.095443514126888,72.85618967571277,urban,19259091
6507,4,1,19.081986192538164,72.88791641158521,urban,53080564
5111,5,1,19.061179102408328,72.8947766565484,urban,34106936
9872,1,3,19.105067655143912,72.86412105507078,urban,75675210
8428,2,4,19.02749153715424,72.86263359376309,urban,66766925
4990,3,3,19.037681560346662,72.84326078891834,urban,32037604
8878,5,4,19.062594947694517,72.84846210982101,urban,69867283
2097,3,1,19.219488895338692,72.99298029223375,suburban,14523054
4247,2,2,19.02697243426764,72.83806177432459,urban,32213245
3170,4,2,19.344271677007143,72.66923843554407,rural,9261753
8931,2,1,19.349833864068888,72.6823030980204,rural,23928681
3080,3,2,18.928563092935896,72.92925127410345,suburban,20855510
7932,2,2,19.12088841763118,72.8340859582353,urban,59778548
8830,1,4,18.79608844634523,72.6652637459696,rural,20787304
3006,2,3,19.056827459289043,72.92596627204999,urban,22502951
5225,1,4,19.09070494096714,72.89040903604374,urban,32474111
4800,2,3,19.106590338288132,72.87135860696421,urban,22216343
9259,1,3,18.887199555183745,72.68826047109214,rural,22062865
7502,1,2,19.08773526345742,72.91153897306118,urban,64427714
9573,2,3,18.85106331823583,72.66718276544738,rural,32332360
6631,5,3,19.05496679068011,72.89660352690389,urban,44334297
9331,4,1,18.910129216891026,73.0446857399373,rural,22593831
5037,4,3,19.23841257714134,73.05095767459257,rural,12216600
2835,4,1,18.860269445434803,73.11189446793189,rural,6565731
4821,1,4,18.962803896206804,72.98678508042514,suburban,18680584
3485,4,2,19.320631639249914,73.02964992885481,rural,6912654
1059,1,3,18.915665395923412,72.69467416295925,rural,6967681
1213,5,1,19.09279505485093,72.86617965404008,urban,6595099
5093,2,4,19.16789799159894,72.97750224058139,suburban,28717874
4488,2,4,19.024237222840984,72.78299320012451,suburban,26970292
6703,1,4,19.05791418606328,72.87968486213133,urban,63383674
756,1,1,19.133991928366747,72.97622135279764,suburban,1000000
9268,5,1,19.094534233770407,72.90592526718768,urban,66281550
537,4,2,19.18404142182166,72.73806410199528,suburban,1000000
9152,5,3,19.070978603320466,72.88740332343825,urban,74933105
2332,2,4,19.113347534157633,72.85850102454621,urban,21012913
8100,2,2,19.026112797776577,72.92514141110432,urban,60943997
5667,4,1,18.92210340438007,73.05055500908597,rural,18502300
932,2,2,19.075636981299787,72.91114659574292,urban,8470405
4651,1,4,18.85882730751265,73.10981437049763,rural,10030981
6911,2,4,18.96908413008601,72.79286162570146,suburban,33311594
2251,3,2,18.931353710865135,72.81953157145567,suburban,11111985
5497,4,4,19.11681931529278,72.84562046542231,urban,55764968
6220,4,1,19.0497117666129,72.87037067651424,urban,53129496
8116,4,4,18.99654900318139,73.00360331397373,suburban,36065778
756,3,3,19.12458355404186,72.913578723251,urban,9151766
1171,5,3,18.936465586621566,72.82133357147326,suburban,7414993
989,1,4,19.251405261037824,73.12849469722634,rural,10235723
7389,4,2,19.1066426199976,72.88240460184254,urban,63801490
2596,2,4,19.18263130315874,72.9814336422241,suburban,12788771
2182,1,3,19.255682911195034,72.68522304172716,rural,4871312
2960,2,1,18.824323325371633,73.06849306400277,rural,1238916
5029,1,3,18.804411024832845,73.0687819110734,rural,16141125
5621,1,4,19.27833842818011,73.05630286031561,rural,21196822
2475,2,4,19.125148121830655,72.88427191781923,urban,20475392
3716,2,2,18.788907994271046,72.63137467886828,rural,10087760
5015,1,4,18.853978267992886,72.692342754996,rural,11820215
6192,4,4,18.981766408198315,72.77156900864512,suburban,36749649
5439,2,1,19.0955570635409,72.84690987835675,urban,34921842
6063,3,1,18.990579702108683,72.96925672712904,suburban,25170194
3463,3,1,19.116646421367214,72.89585114574129,urban,31872795
5029,1,2,19.03518623463424,72.89897980398672,urban,31104455
7286,5,2,19.18077876060205,72.77530595332068,suburban,34697531
6700,1,3,19.187820082117558,72.73802718070037,suburban,31418288
1476,1,2,19.136141863174085,72.92853622563796,suburban,9848427
7845,4,1,19.102928498104102,72.91011959553306,urban,61385650
545,4,2,18.94725059533661,72.97242879585143,suburban,1000000
1693,5,4,19.097877652452617,72.85908192509649,urban,18615193
5012,5,2,19.04287205602389,72.8898418717222,urban,39032337
5443,5,4,19.193708639218208,72.9844970690868,suburban,34258315
6782,5,3,19.053667332035545,72.89854862714594,urban,48810286
746,5,4,19.12226223640372,72.92218356015559,urban,16131953
3719,1,1,19.07796581464173,72.91635594747655,urban,22327667
9483,1,3,19.128945120030533,72.74158478784024,suburban,44741320
1136,3,3,19.204152733490833,72.92825829095875,suburban,12703190
4275,3,3,19.085497962238087,72.85172303982523,urban,45160849
2921,2,1,19.06074830544355,72.84776660869312,urban,16903044
9780,1,4,19.16844057578459,72.96070060312806,suburban,61424468
4683,5,3,19.34821766628394,72.58035871022285,rural,1219248
1212,2,1,19.01534917373072,72.96726672499027,suburban,9957915
6345,4,3,18.80086396968735,72.65253126806955,rural,26886807
5823,1,3,19.01093874457236,73.00266088158367,suburban,23646263
6532,3,1,18.977761474850773,72.73145426952094,suburban,38742609
4144,1,2,19.231358407072154,73.17170193661391,rural,7450464
8273,1,3,19.0071310272976,72.96408747990927,suburban,37610848
2608,1,2,18.82060433966469,72.60139601597372,rural,1000000
4114,1,3,19.191657412348892,72.78002885863621,suburban,19761953
9934,4,2,19.302279740991697,73.09530395757642,rural,29778058
7457,3,4,18.978766408764102,72.94666551380418,suburban,32423727
5779,1,2,18.8699263263578,72.72395663918758,rural,22787831
4832,4,2,19.03323924533402,72.8714553642287,urban,35168894
4400,2,2,18.927985716262477,72.82671184793811,suburban,21642041
8439,1,2,19.326989428394135,73.05153753569299,rural,24322414
7463,4,4,19.051819035861563,72.84997686915843,urban,73383670
5068,5,1,19.215498355074594,72.94802804789802,suburban,32891081
8338,2,2,18.900560374268817,73.07028316096306,rural,27886748
2345,3,1,19.058677302375706,72.89180669368268,urban,16856968
882,1,3,18.951740725688847,72.97876697195314,suburban,5777682
4612,1,1,19.20732687469833,72.72774393386597,suburban,24152235
7569,4,2,19.219643449559264,72.97673700930285,suburban,38346050
4310,3,1,19.08332230451483,72.91610392252372,urban,38424510
2009,5,4,19.070870320161678,72.89728150012972,urban,33820336
8073,2,4,19.07263152192182,72.91340274013368,urban,56438603
2078,3,2,19.12543686791424,72.85203149919259,urban,18997263
1379,1,1,19.073433896320726,72.83582566797604,urban,12578548
2662,4,3,19.14009954444138,72.73478498177545,suburban,13158407
8214,5,4,18.986488398277395,72.99484825293077,suburban,39548535
1859,4,2,18.99712822770328,72.80503854937399,suburban,7016692
4931,2,4,19.04482655112114,72.84161721007722,urban,49512783
8648,3,2,19.157838756246708,73.01383410631435,suburban,44344323
4460,4,1,19.109326625362268,72.889797383623,urban,40361753
4311,4,1,19.23205591363355,72.63739416254177,rural,10868333
4742,1,1,19.210112760810535,73.01841987106631,suburban,24630945
4717,4,1,18.808374498641584,72.68122957560186,rural,15613715
580,5,1,19.045263834070482,72.89554890282825,urban,5499010
3232,3,2,19.152168547902676,72.7812141657977,suburban,18150592
8333,2,4,19.20519128417074,73.01324426092954,suburban,48011517
3209,4,3,19.314033914342353,73.16492597672641,rural,2932923
2922,5,4,18.946547322700162,72.95232372141872,suburban,17544503
4141,2,1,18.95425949559709,72.73514148417095,suburban,22891745
1167,5,4,19.110823110809054,72.83223180125997,urban,15471788
2996,4,4,19.168054278025732,72.7837481071331,suburban,21264091
3999,4,2,19.074134047476786,72.9244961520883,urban,35545046
8580,3,3,19.03385395708481,72.85420166619292,urban,71940042
7323,1,3,19.122862878144954,72.8722302546209,urban,53523191
1689,5,1,18.84032638217939,73.03985383164627,rural,12199089
7104,1,2,19.029965169866152,72.84145048424878,urban,54212129
9150,1,2,18.83100277733177,73.142243369578,rural,29112025
9904,2,2,18.888280342918065,73.07762957624047,rural,21824431
9603,2,2,19.238552879520192,72.60669226097167,rural,30364055
1525,5,2,19.370826132904195,73.04529740135386,rural,4854852
8285,1,3,19.27828659261756,73.0587143299068,rural,21737192
571,3,3,19.120681045759493,72.83669045099552,urban,12247554
6046,1,4,19.050223633311248,72.85148981480327,urban,47399565
3185,2,3,18.97509269360378,72.78249745576012,suburban,17145933
9885,1,2,18.952736877917562,72.77042455365444,suburban,41547905
7872,4,4,19.110231638988648,72.86739364377524,urban,58052139
2348,4,3,19.12723429482961,72.94900302887528,suburban,14381994
2522,3,4,18.986650377720096,72.79191643745703,suburban,10299693
6838,5,3,18.81274616136988,72.64474088989917,rural,27358560
4241,1,1,18.95008739241344,72.7609068807958,suburban,18720573
1798,4,3,18.92771116693604,72.94544260658556,suburban,5139297
4602,5,4,18.92917135168899,72.75514978197884,suburban,18816160
1404,4,1,18.935667855318126,72.95461321938858,suburban,6952998
3526,5,2,18.82982594169434,72.59537933304627,rural,13988820
7209,5,4,19.123704875630953,72.84999023093668,urban,52118608
5211,4,2,18.94341203971423,72.73497363517488,suburban,21279955
8521,2,2,19.222198252673234,72.94791476204556,suburban,39502425
6469,5,4,19.21628080594557,72.93431458721628,suburban,33795141
3120,1,2,19.078883905149706,72.83339734268999,urban,18570685
3146,4,4,19.02995311601075,72.82820967808146,urban,26325307
5365,2,4,19.07845088434189,72.87408156039692,urban,49775782
7845,4,3,19.12004601935564,72.86193063158582,urban,60901161
2789,3,1,18.827265890670297,72.72656548780391,rural,5116493
7870,1,2,18.93465399759731,72.7922232043335,suburban,44189663
4372,3,2,19.088602986487256,72.86055520654575,urban,28718051
8190,5,1,19.06624183754765,72.85501165408634,urban,66531165
1940,5,1,19.060488920627893,72.89564106124311,urban,17146871
1265,3,1,19.364356277963928,72.6402326786426,rural,10222108
4592,3,1,19.152389256179877,72.73247614713476,suburban,29289633
9841,5,1,18.908652914059918,72.5914374405399,rural,19128375
3166,2,3,19.058457189576036,72.89780068094034,urban,26124963
9155,1,4,18.842002637672955,72.67714255121739,rural,18386606
6468,4,1,19.062692022410545,72.92047965714386,urban,55965260
8141,3,3,19.107124837557336,72.8607674530643,urban,58038879
2681,1,1,19.080767535201083,72.86829616787097,urban,24637071
4388,4,1,18.97937621520072,73.00382106860056,suburban,28308655
1340,4,2,19.04410444634118,72.85460356278045,urban,2947435
6399,3,2,18.96922061381224,72.75841804400709,suburban,39661753
4618,2,2,19.31903157985118,73.14610654273632,rural,17247698
1065,2,2,19.123719145005232,72.85125686518028,urban,3575195
6505,1,4,19.117968825039007,72.85246597947975,urban,55404356
9656,1,4,19.305746686465056,72.65931398437961,rural,21104172
9687,5,2,19.222273466860084,72.9549301560866,suburban,54223721
7726,2,2,18.80538971419808,73.05725102684141,rural,20874265
9879,1,1,19.08066404757058,72.91914906616131,urban,67277035
6390,5,1,19.092388105966386,72.89264268507767,urban,57783908
4811,4,2,19.06055860892402,72.90475901434262,urban,45539346
8236,1,2,18.92153205242002,73.11107307231796,rural,23771581
9348,5,2,18.879969219083176,73.04214436703172,rural,28497653
3482,2,1,19.320239054980828,73.12797659253113,rural,6143675
9805,4,2,19.199303247526245,72.94011955761474,suburban,52809090
6583,1,2,19.372725609558945,73.05981738363901,rural,19211620
1056,2,4,18.969638568587868,72.78853539542052,suburban,13323898
3519,4,4,19.1616400385615,72.93706804426863,suburban,20403956
3080,3,1,18.816616968977687,72.67633251865728,rural,14655570
8646,2,4,19.118802666461008,72.85505499759603,urban,56858614
8743,3,1,19.07971576726963,72.84919550712065,urban,71037268
9886,1,3,19.125521461391518,72.90465085862716,urban,75571035
4519,5,2,18.96923650598463,73.00228264491828,suburban,25649199
3638,1,1,19.12231241944206,72.90630188844256,urban,36533030
1171,2,4,19.110906596833324,72.86747939245865,urban,15754387
1277,3,3,18.867226550724055,72.60645550208845,rural,1000000
5427,3,4,19.116098170362108,72.84100096941634,urban,38197541
3522,4,1,19.09508131186922,72.89246482338083,urban,18792082
2360,1,3,19.205851984035355,72.93015523849066,suburban,13751298
3639,1,4,19.274963997991783,73.13076831965301,rural,15147466
1574,2,3,19.070019832082952,72.9023027533892,urban,19492196
9975,3,2,18.929878106958448,72.96004749799219,suburban,48079865
7263,2,2,19.057453704484352,72.91226531403161,urban,61734525
2486,2,3,18.982272683411058,72.97262657340613,suburban,19048972
9693,3,4,19.07561696994771,72.85436446179409,urban,79593866
6827,2,4,19.125553693366943,72.88972253929151,urban,52755051
1546,3,4,19.190514955674825,72.99235819178378,suburban,8183110
2676,2,2,19.25358080084777,72.71882727422383,rural,9720419
2838,5,1,18.969509481949153,72.79912903788237,suburban,18978011
1000,2,1,19.237087396840593,72.60909357933748,rural,1000000
2733,2,3,19.004605521282585,72.79785457613939,suburban,12384845
5108,5,4,19.10333378430181,72.9090766157334,urban,42538893
7734,1,3,19.05822428448918,72.92465711834734,urban,55510207
8472,3,1,18.818699265593906,72.7179198818905,rural,21545464
7110,4,1,19.19245470454726,72.9445650192347,suburban,27607829
1100,5,4,19.339116305172567,73.03991476515998,rural,1000000
4784,1,3,19.066436968010947,72.87294694775684,urban,40595425
9680,2,4,19.10431081604267,72.89209976834002,urban,79117642
4983,1,1,19.069752869524557,72.85366246576547,urban,37627876
6401,5,1,19.077689573196984,72.88561797473804,urban,54580427
6629,2,4,19.08909323476726,72.88820632495856,urban,40193461
2254,1,3,19.1877303496303,72.97527375949606,suburban,13026926
2964,4,2,19.15486381846957,72.94353749152845,suburban,8896537
4982,3,4,19.030699869187696,72.83422069635539,urban,34837390
9544,3,1,19.050731599618796,72.84713270125432,urban,76129622
7900,5,2,19.16341131314413,72.9648288812778,suburban,45261295
7306,2,4,19.150650300950982,72.92815691696194,suburban,27902412
9143,2,2,18.946356482243683,72.80108400115053,suburban,37271802
7896,3,4,19.016174482122796,72.9289284671761,suburban,37638109
7838,1,1,18.85677738857569,72.69897212023798,rural,12426489
5741,2,4,19.129067140692932,72.74792001234053,suburban,27033622
7894,4,2,19.258918462914085,73.14839865516014,rural,27148278
6937,4,3,19.154452581707876,72.80142475380612,suburban,28430513
5195,2,1,19.02714957591522,72.92116717189876,urban,49572117
3088,2,1,19.112414519900746,72.86914930568885,urban,22682505
2282,3,2,18.981456506469062,72.7752845754846,suburban,13777133
6447,5,4,18.948086630866747,72.97654199286698,suburban,28776878
7094,3,4,19.137697188679244,73.0195271433345,suburban,41430322
4020,5,4,19.115756054344523,72.89674791921676,urban,34178419
3718,4,1,19.166470468611873,72.80898215513217,suburban,20926424
4257,5,1,18.973012630124856,72.99338509436886,suburban,24370011
4516,3,2,18.981270628827016,72.79030259066032,suburban,16724051
3337,2,4,19.218541343729253,72.73625349893442,suburban,18529705
6500,5,4,19.23785304763783,72.71670652826195,rural,24038573
7534,3,2,19.199285351489262,72.7779655965186,suburban,30330461
7809,4,1,19.110331906495354,72.83173355836868,urban,58846408
4739,5,1,18.78742751248525,72.67806539144412,rural,11870439
4928,4,3,19.10954285361445,72.92111540259572,urban,39223391
4650,4,3,18.949137798812863,73.00815154432306,suburban,27638455
1946,1,4,19.07823635314216,72.89574628798464,urban,19803825
6968,5,1,19.05464515819167,72.8526700514931,urban,54131862
6290,3,4,19.086894264663588,72.9011607766337,urban,53995669
4675,5,1,19.065714055777224,72.86772910804311,urban,30731908
5580,5,3,19.12142335679598,72.87954603937725,urban,45802303
1364,4,2,19.12462842758127,72.9139842666666,urban,1952779
7360,4,1,19.189965765060144,72.92861355929264,suburban,35261747
9163,4,3,19.16776437844462,72.99298149097352,suburban,49350232
6717,4,3,18.801826417243714,73.12713579073053,rural,22615111
6172,3,1,19.343665107101483,72.68223645284453,rural,18371005
2002,2,4,19.008744371360283,72.82742595072273,suburban,18840615
5184,1,1,19.320066274386438,73.11328539661298,rural,13402637
1910,4,3,19.191359832500158,72.77115000591444,suburban,2057571
4270,4,1,18.98190529899637,72.74721905529023,suburban,10572838
5159,1,2,19.145950483585437,72.97307633796149,suburban,20551867
4501,4,4,19.109085519186248,72.8301006562208,urban,30985748
3983,2,1,19.148305012242957,72.97008743966542,suburban,20129543
5062,5,3,19.15206246228947,72.80187001611183,suburban,24579191
1098,1,3,19.065665897868183,72.90900107739176,urban,4246426
9683,3,4,19.05041136412406,72.88590673119913,urban,71739728
3541,1,1,19.081757806028296,72.90949240829042,urban,25244208
8660,2,3,19.285099910829928,73.06123529272018,rural,20618853
6891,3,4,19.35094205946302,73.12092555194108,rural,19496864
7787,5,2,19.027611782921323,72.84596246211414,urban,65460876
566,4,4,19.04566385584365,72.8413247417488,urban,3327696
8623,1,1,19.052218137130172,72.86148885612565,urban,65499071
3250,3,1,18.812834240044072,73.13412832079543,rural,18124428
9161,1,3,19.123710697353378,72.90291392541704,urban,70493234
7306,5,2,19.250514988913004,73.0463744856395,rural,27842843
6929,1,1,19.199178866665896,72.95132865604724,suburban,31547097
8623,3,3,18.86272585858578,73.13400476471007,rural,30479830
2131,2,4,19.1742645572418,72.808432503181,suburban,7234492
6952,3,4,18.990105776857487,72.78430815848125,suburban,38799330
1274,1,1,19.016770115829107,72.93703683522706,suburban,11617636
6607,5,2,19.243363753117382,72.68978235295289,rural,27915256
8304,4,3,19.27861091161284,72.6956884700685,rural,25416585
4519,4,1,19.211815759479556,72.95774188399338,suburban,21868673
1429,5,3,18.93042078945883,72.98010963736388,suburban,1550741
3512,1,4,18.802043783478048,73.16889334581467,rural,7470282
5524,5,3,19.232516851437055,72.71210693993802,rural,21414508
6764,1,4,18.972972202783925,72.9575453033174,suburban,37306635
8473,3,2,19.096938142961296,72.86175028720027,urban,65086909
5229,2,2,19.086395178593282,72.89892935865083,urban,42234145
8461,1,4,18.861430193405027,72.69868906017852,rural,32243597
3319,4,1,19.03535309492488,72.91064706829238,urban,29975084
7155,4,4,19.10966795761476,72.88479992652188,urban,54948180
1684,2,3,19.088947605142362,72.86350170610845,urban,14024243
8980,1,3,19.210158422212643,72.80132963144386,suburban,47834367
6843,2,3,19.025820516453994,72.73371568940782,suburban,37262151
1027,3,1,19.097041668514706,72.87002398318566,urban,20464138
1416,2,2,19.043861110137165,72.87694628860403,urban,19951923
4074,3,2,19.205141047234726,72.9882273621844,suburban,15444878
3819,4,3,19.353416631999004,72.6807299096136,rural,7402972
1906,3,1,19.06994534027383,72.8279413831341,urban,21885106
1741,1,3,19.099194200770008,72.91548433846452,urban,9830268
5706,1,2,18.977563916098074,72.78222521308449,suburban,28901298
7749,1,4,18.79328378795658,73.17386301586848,rural,28574892
3633,1,3,18.9665311233265,72.74540816551287,suburban,19108355
1298,5,3,18.97981466668073,72.77050679188083,suburban,13064369
2023,3,3,19.254811414114492,72.71770533298852,rural,6876576
7709,1,2,19.0639134361482,72.91599530032528,urban,57960956
5428,2,1,19.048295917910234,72.8587711650009,urban,32368315
3388,2,4,19.22305062362269,72.98332912047151,suburban,18214433
3190,5,4,18.796865851428727,73.1392062634303,rural,6394905
4591,3,4,18.937090030909456,72.81830384755925,suburban,30458178
7782,3,3,18.804417484426143,73.08559144909846,rural,9398894
9933,3,2,19.010747887195215,72.79403626937668,suburban,47966752
6749,5,4,19.194696208626997,72.80816505179078,suburban,42612334
1190,3,3,19.123650931418723,72.91757570988959,urban,20184338
9219,3,1,19.056022208538778,72.87604808398801,urban,76405772
1995,1,3,18.977107978961296,72.74077744443738,suburban,12732605
1392,3,4,19.10864310227579,72.9188994151345,urban,3593896
9078,1,4,19.08259531317126,72.85624824677387,urban,63863341
9941,1,1,18.851193829123552,72.60006955869137,rural,31595054
6373,3,2,19.360358286010126,73.1620154013923,rural,10549150
5003,2,1,19.07081138955961,72.8954913760241,urban,37364238
1397,4,1,19.1371064455213,72.97425572174387,suburban,6485559
1210,2,4,19.110795618412638,72.92197844307677,urban,12408734
4195,3,4,19.040154887553147,72.8944341425396,urban,36719299
3186,3,2,19.189654322909853,72.75169251989654,suburban,3439384
7688,2,4,19.14771290353154,72.95682126542454,suburban,40596622
6278,3,1,19.11811439990617,72.8798823465119,urban,44960346
8268,1,1,19.123616115208094,72.87263218514329,urban,65011885
5513,5,2,19.08127231712428,72.90662939219965,urban,35057196
5012,3,4,18.806416451026706,72.69302756115516,rural,19147568
915,3,4,19.016219316245248,73.00824645015754,suburban,1868590
4680,2,1,19.134125880815862,72.8019567409315,suburban,21710502
4762,1,1,19.080177894358293,72.87995442190636,urban,44521237
3015,2,4,19.224307528769415,72.75128745501941,suburban,14244185
9787,2,3,19.15535023779411,72.79315727633532,suburban,54315170
9501,3,1,18.808108151528703,73.08178418980836,rural,26713053
6140,1,1,19.079345416784268,72.85474236732884,urban,54842873
7116,3,1,18.877595630482954,72.61070036467689,rural,21420675
1492,3,2,19.129708010270672,72.98821545603754,suburban,10715111
9973,3,4,19.099730920154755,72.8970846773212,urban,77691746
4870,3,4,19.113742449116334,72.83554723122516,urban,36778457
2273,5,4,19.16483722385297,72.74949105518598,suburban,17480721
4061,4,1,19.2657152657421,73.11549260660603,rural,7604383
4316,1,4,18.940910565015077,73.00074301490511,suburban,24695614
7133,5,4,19.18837731528156,72.97863203759985,suburban,42260186
2256,4,4,19.11531226014794,72.84248392976949,urban,21875977
2873,4,2,19.07274598026487,72.88597982846511,urban,19149805
3076,4,2,19.208354564632707,72.81268200876325,suburban,18542915
9583,5,1,19.126655974389486,73.00995813142345,suburban,54440910
4684,1,4,19.198091531395104,72.76751222107052,suburban,16740361
9399,2,1,19.04432300160714,72.85447406958878,urban,63672115
2897,4,1,19.11467276879894,72.87578033886727,urban,27767669
6469,2,1,19.11735032181053,72.83244499005416,urban,45871472
5035,2,1,19.22698458105742,72.5854630068942,rural,16748019
7383,3,1,19.204331679821365,73.01928056141017,suburban,45259891
8627,2,1,19.035771216791197,72.84352913441222,urban,58016000
9668,3,2,19.04485734489538,72.90954176587856,urban,66169663
1234,1,3,19.061554991319927,72.88702714472329,urban,14195260
1132,1,2,18.94047780879985,72.99601598397545,suburban,11323128
4768,3,1,19.170567385672484,72.82094999483928,suburban,33008878
4599,1,3,19.25889540730895,73.02789622992877,rural,16563491
3401,4,3,18.929061715559715,72.73128673182292,suburban,16859866
2163,1,4,19.108877361006286,72.8955776901415,urban,17627665
6091,3,1,19.206007639029934,72.74307619517376,suburban,31964826
4372,4,1,19.141172963766707,73.00467460239844,suburban,31051060
1554,2,2,19.054773583768853,72.86695875558036,urban,14282015
9072,2,3,18.899486292848827,72.59070902103714,rural,21998101
3582,2,3,18.833894747809786,73.1044444999827,rural,10144259
8507,3,1,19.204960355702998,72.82687950876796,suburban,35035519
4761,2,4,19.212055117712637,72.98954853344328,suburban,21066871
2889,1,1,19.133070742561944,72.9563704729446,suburban,12635045
4053,2,3,19.13096173012531,72.79460642465143,suburban,18920173
5638,5,4,19.075871838903424,72.86393752523847,urban,37514202
9899,5,4,19.07141175374639,72.88239973464457,urban,71542963
1044,2,3,19.038834784153654,72.8457475414674,urban,8840767
4163,2,1,18.942748900564432,72.78172320575302,suburban,24565242
2739,5,1,18.982611848581833,72.9451818552812,suburban,13154474
4273,2,1,19.177552354256655,72.96359264963016,suburban,21611030
3127,4,2,19.140970467282155,72.94334683323231,suburban,21498222
7118,5,2,19.06388576326954,72.91603323435248,urban,69236503
7280,3,4,19.129345138073884,72.72841445583475,suburban,35533712
8515,5,1,19.1802250950658,72.7558242238045,suburban,39463596
3630,1,2,19.05111939058536,72.85926306080641,urban,31765696
596,4,4,19.03709246833981,72.8840846117325,urban,11135207
4358,3,3,19.249917256350578,72.5880694075404,rural,5256164
3208,2,3,19.217968672620067,72.8071900098366,suburban,10460859
5897,1,1,19.090759207805363,72.86766756804509,urban,37899618
6652,1,3,18.791248530934112,72.66247969236167,rural,13905332
956,4,3,18.928301461885372,72.97184814029985,suburban,9945322
6414,3,3,19.062363266048145,72.88905094565372,urban,51813132
4868,1,4,19.07720275356114,72.89121170228303,urban,38517032
4588,3,3,19.09218572785185,72.84003810317128,urban,31191529
9723,3,3,18.99451150360265,73.00257009907884,suburban,43924664
8899,1,4,19.017165166317394,72.79618524145022,suburban,45161051
2437,3,2,19.112201265588343,72.89476428525796,urban,19534490
1646,4,4,19.018713617946357,72.76699448134123,suburban,12230846
5652,1,2,19.09211264051697,72.90082115490065,urban,49946694
4799,4,4,19.07572436196045,72.82808066444011,urban,32601919
8618,4,1,19.19266101184039,72.74572599144611,suburban,42781885
9134,3,3,19.096919750473177,72.83673213593222,urban,70711750
8259,3,2,18.95446781483238,72.76628070379584,suburban,42513247
8453,1,4,19.328800099295723,73.12453743236142,rural,23496780
5284,2,2,19.04429454033164,72.85732217247588,urban,40469786
9524,1,2,19.125138277176575,72.87101091740617,urban,72781547
1961,4,3,19.031942652355493,72.91760053108139,urban,19297919
1659,3,2,19.1432932087425,72.7873480180536,suburban,5538944
886,4,4,18.929612454683824,72.96550985789098,suburban,7870946
7692,5,1,18.966161702806794,72.93199751716018,suburban,42508239
5275,5,1,19.165002196260637,72.72871666745955,suburban,28514543
3909,4,3,19.111665427612152,72.85905211700212,urban,39396519
1189,2,4,19.058905461511333,72.87926057084358,urban,11627327
7528,2,4,19.089101513272844,72.9005293488115,urban,59820427
7762,1,1,19.20808018557862,73.01502022193407,suburban,32718464
6164,1,4,19.105609588305192,72.88878369897931,urban,52413626
7266,1,2,19.179208477946748,72.76485336631417,suburban,45275118
9861,3,3,19.180529089430756,72.9439188005899,suburban,50949229
1452,2,1,19.11844595335592,72.90914837569073,urban,1239687
6642,4,3,19.005695439858506,72.75628562492271,suburban,39782422
6467,5,2,18.87371945045146,72.65736239540364,rural,26156604
7705,2,1,19.028927982668016,72.90510092249802,urban,59525432
2984,2,4,19.110638599416845,72.88079432396793,urban,21240805
2354,2,4,19.00870489171316,72.95249380254855,suburban,18931674
3731,1,2,19.009049374566697,72.74006026062204,suburban,24013735
3097,3,1,19.037101346785075,72.85317452619887,urban,25725806
8329,4,3,19.368425212434516,72.65131014647912,rural,29586468
8686,1,1,19.178564486380157,72.93886168143682,suburban,39310208
4483,3,4,18.913327137897767,72.6226942368369,rural,19185511
7463,2,1,19.070359177041855,72.91766782730062,urban,58136926
7184,3,1,18.81073331864225,73.07790140324498,rural,18403482
1156,1,4,19.042527465561825,72.92331202394247,urban,9981442
8243,2,4,19.096867734374868,72.86512937609767,urban,67418680
7339,1,3,19.273690189273143,72.6919041875667,rural,21946711
6812,4,1,19.06946142504114,72.86072172210444,urban,62287212
8438,2,4,18.790216737943968,73.05023269213572,rural,29843229
6676,3,2,19.160476571247987,72.95368514855484,suburban,28285738
3785,1,4,19.31615466672544,73.03591234587255,rural,14400795
6059,5,3,19.145852875637935,72.9347328068515,suburban,37524169
4063,3,3,19.149965138898562,72.79313793926123,suburban,24367638
5084,3,2,19.047790507888934,72.89470258314434,urban,34949304
5317,2,3,19.131788101958474,72.99352409263038,suburban,32495384
5541,3,1,18.965519205115537,72.80756077096251,suburban,29398285
6682,1,3,19.206518134886128,72.97089718924913,suburban,27850025
8526,5,2,19.119269153657555,72.89143548566106,urban,68174505
3744,4,3,18.94542852894518,72.93015018849063,suburban,25572727
1540,5,2,19.1718896902383,72.98644215541358,suburban,4937700
2773,1,3,19.075795355271918,72.89626253676897,urban,17501281
4129,2,4,19.160587605669203,72.99684422030381,suburban,24627646
2614,1,2,19.296419510355765,72.70755606491416,rural,7792848
7864,3,3,19.04842756880234,72.91058501290472,urban,64757391
2177,2,1,19.181344337104697,72.98372567496152,suburban,10945424
3594,4,2,19.251110406696423,73.10723520168166,rural,22839337
9690,4,2,19.12263240750997,72.90697140468481,urban,72766816
6373,1,3,19.201750086462905,72.80728786438654,suburban,34869448
2784,3,4,19.023081917260818,72.99155353619425,suburban,12685912
5552,4,4,18.994795930562567,72.76399687744892,suburban,22161281
7562,5,3,19.01269704540068,73.0195661453906,suburban,38744432
2089,2,3,19.016489365976486,73.0115128139122,suburban,9199501
9853,5,1,19.11992548542709,72.87386529965913,urban,85090779
3020,4,3,19.218612298595577,72.95166296256308,suburban,18296932
5148,4,2,18.926553199705424,72.79009371919425,suburban,22567666
6229,1,3,19.032405220548206,72.91360596035467,urban,47580675
1194,1,1,19.075188563515468,72.88137181983878,urban,5133262
8307,2,3,19.345913915701356,73.14943685131139,rural,21480356
4183,1,3,18.94019392232316,72.97454249583397,suburban,25571069
7204,3,2,19.129336183106155,72.81390006131383,suburban,39490156
7868,2,4,19.27296776334564,72.67748840891082,rural,14374025
2471,3,3,19.185253815072993,72.9359188640649,suburban,9282657
8555,1,1,19.31858336442646,72.59940022207151,rural,18542718
4718,2,3,19.28814872539753,73.08340106865849,rural,9374051
2368,4,3,19.022021577735533,72.94082114252807,suburban,15093744
2171,5,2,19.214065053234226,72.77798036450051,suburban,17289654
9774,4,4,19.140611136058148,72.95331305936108,suburban,48998380
2228,3,4,19.304220208855337,72.60709372325725,rural,2304374
8132,4,4,18.965055268222866,72.76668973849328,suburban,46073345
6903,4,3,19.07052685180319,72.91410490370286,urban,55574207
6592,5,2,19.074909863189642,72.87123354213274,urban,49670468
2642,5,2,19.078654557424198,72.86577670379368,urban,20652427
9840,4,3,18.848690004867613,72.7073982775844,rural,27828896
6684,5,2,18.920880509002394,73.10018111463589,rural,25794966
6510,4,4,19.02016441940691,72.99287053785274,suburban,36278819
753,2,2,19.200960495405127,72.95310206673838,suburban,12880483
4602,4,3,19.233467233396798,72.64794946131667,rural,16362531
4042,1,3,19.105460764288715,72.83337063989977,urban,26452434
3275,5,1,19.02693609659006,72.91385570385816,urban,18317407
8178,5,1,18.931745778889116,72.819044597485,suburban,38921536
6712,3,2,18.814745408250122,73.10864801978977,rural,10393376
5137,3,2,19.16491800110446,72.82736771107159,suburban,22674054
6534,1,3,19.08248544560408,72.9029105397878,urban,49943824
8957,5,1,19.105061701796966,72.9188517039087,urban,62875595
6976,5,1,19.00309254591167,73.0015405905369,suburban,40076863
3648,3,4,19.351441302717173,72.66596846466565,rural,7238993
3859,3,4,19.181156530344335,72.76795140652315,suburban,24077122
1504,4,3,18.957676555169346,72.99870173102613,suburban,3702193
5217,5,3,19.070363243859685,72.86991055762813,urban,45751107
3771,5,3,19.33834259725827,73.1276754590374,rural,8265340
709,4,3,19.091253130974,72.85398616052173,urban,6453314
9579,5,1,19.049234788240753,72.8516919652754,urban,70993348
6039,1,3,19.23042465130097,72.62403856079591,rural,15495193
653,3,3,18.879645178767316,73.16717500425928,rural,3440937
4093,3,1,19.14849342653411,72.92888646371435,suburban,14386036
9106,3,4,18.956342576500795,72.95062533327936,suburban,57537944
1784,2,3,19.115804673931617,72.8434233311035,urban,25620077
3648,1,4,19.109544386812193,72.84462234425177,urban,25687172
1268,1,1,19.07417271357385,72.87759652877048,urban,15173902
9674,4,4,19.173208964643592,72.79890704309321,suburban,43939169
6107,2,1,19.099315476899807,72.85526769031873,urban,38481654
3702,5,3,19.3174873056808,72.60070404693731,rural,20195741
3287,1,4,19.04271514081478,72.8931737642967,urban,29554138
2710,2,3,18.96577208681846,72.95589845108431,suburban,14582763
9730,2,2,19.15451130246293,72.77399348399157,suburban,52521319
7899,1,2,18.938249666361575,72.75541764068024,suburban,35226778
6838,4,4,19.121809528358693,72.88408790114785,urban,54157700
9233,2,1,19.29778200330883,72.59918395655049,rural,26555931
858,3,4,19.010212165473106,73.00595424714244,suburban,1000000
1349,2,1,19.13327747816551,73.00410861015969,suburban,12344834
7998,5,2,19.196372682310077,72.81420306639353,suburban,39301905
5022,1,1,19.114128029405975,72.86829725282679,urban,32117795
3044,5,2,19.215335882613335,73.01719257271375,suburban,24608069
2331,4,4,18.93131144980639,72.73001428744168,suburban,18581410
1972,3,3,19.23600000194684,72.67802753239565,rural,4427208
829,1,3,19.239901459807502,72.70660106637786,rural,1000000
6351,2,3,19.099730059632638,72.91519380692601,urban,51463408
7532,3,1,19.123115457883472,72.8655144359301,urban,58091537
5766,2,3,19.09478639415779,72.84610219944302,urban,55479225
4854,4,1,18.8432499198842,73.05918177169703,rural,20556851
6935,1,3,19.035844363172497,72.88567365625642,urban,50458055
8478,4,1,19.220985119933374,72.8154778205149,suburban,50354430
4738,4,1,18.95729318827352,72.97728616807002,suburban,31151450
6612,4,2,19.009370434934215,72.93011632610076,suburban,25911608
5222,4,2,19.081548880880177,72.85315070914082,urban,44283187
1888,2,4,19.042843354772657,72.90818378304778,urban,21625151
4685,5,2,19.144857519208358,72.78343177920476,suburban,23160940
9411,2,1,19.087270483366964,72.87747234527556,urban,65543711
3735,3,2,19.06202502326728,72.87973854530479,urban,44874982
5076,4,2,19.09943070605501,72.90995272385157,urban,48084122
1600,3,2,18.961015226321557,73.00673170547245,suburban,9641027
9364,2,1,19.02743744501362,72.90114110309088,urban,60375778
9208,4,1,19.05217040702281,72.91546782503721,urban,68952660
3032,2,4,19.07958506776602,72.87555209479555,urban,34547984
8270,4,2,19.103281877246474,72.9018096003552,urban,70990700
4170,2,2,19.196427653239,72.99669009560006,suburban,19439087
1281,1,1,19.11864755359755,72.91676414097275,urban,7447376
4023,5,4,18.993059505853953,72.74723054607395,suburban,29421635
6631,5,4,19.08782549711257,72.88325791927082,urban,51942479
5282,4,1,19.326783012139195,72.7032409013782,rural,14630622
5495,1,2,19.108015027496712,72.88503262271055,urban,44209915
2001,3,4,18.907624776449712,72.66525229592827,rural,8813667
3580,1,4,18.79467830686615,73.1037830271719,rural,3198199
9768,4,2,19.002470959507168,73.00760635475913,suburban,53113417
9792,1,4,19.344874152304772,72.65377112852033,rural,22461392
1002,3,2,19.04479588711624,72.8390413660039,urban,15687908
4385,4,4,19.069821912028964,72.84585344670786,urban,33948038
8509,5,4,19.051916055611432,72.88621167586813,urban,68597670
1123,1,1,19.066390311378374,72.91428782796105,urban,1000000
1550,5,4,19.048561234547513,72.92737906989662,urban,18829837
7885,5,2,19.16193934159264,72.97924028506593,suburban,46162341
6581,2,4,19.083929901274615,72.9238284894435,urban,48376419
5984,3,1,19.1009397777877,72.85210545601495,urban,39641227
4272,1,4,19.070261171083406,72.8702433314029,urban,26506670
4416,5,3,19.13579477675925,72.73911498193223,suburban,23962285
4518,5,2,19.300138941665615,72.68401283376852,rural,8191804
1829,3,3,18.935788938022853,72.93143974776602,suburban,9696325
4614,5,1,19.199069542694698,72.95858579182008,suburban,25164046
3867,5,3,19.08244772510341,72.92720816122359,urban,33032657
8595,5,4,18.950169866219913,73.02441153737568,suburban,51823264
5641,5,2,19.052905288809246,72.85644888090401,urban,51725034
4451,2,3,19.34936964550509,73.09185702367951,rural,12550135
5584,2,4,18.931490597362707,72.92902331664708,suburban,31825009
2073,4,3,19.10350766572878,72.90131690161824,urban,20070285
3134,1,4,19.281136158070698,72.64735275322448,rural,15260141
3268,3,4,19.30622454045526,72.63913981604009,rural,9830845
5802,4,3,19.00492627301899,72.74518542875923,suburban,35052292
6750,2,1,19.0926030864886,72.86713878243008,urban,62993483
1711,2,2,18.989256561856237,72.75737387775662,suburban,10929009
9467,2,1,19.06653537591787,72.91955997775968,urban,69733470
6455,4,3,19.08465450823644,72.91451656535699,urban,48808932
1660,2,4,19.047719044704195,72.90392320747445,urban,10540172
6477,4,3,18.942505648925817,72.74448308600986,suburban,37270272
7541,2,4,18.995580437026728,72.77550497802167,suburban,40381659
2883,5,4,19.060296590670873,72.85782188835883,urban,23242082
6376,5,1,19.268634057200245,73.13171325087629,rural,26715957
4040,1,1,19.046426423462314,72.89685187201,urban,29047078
5135,2,3,19.055106859594115,72.84787183345499,urban,40593656
1595,1,2,19.20072518804019,72.79141319071913,suburban,3819977
6401,4,1,18.895981405930158,73.11975407559889,rural,18206696
8715,1,4,19.25103153851504,72.66972071423224,rural,21079453
1579,2,3,19.008346565173994,72.93940265675135,suburban,8428043
8870,4,3,19.06759657565304,72.8559025064897,urban,64013404
3347,4,2,18.882183732408155,73.17499129141927,rural,6700063
2460,5,3,19.29476405757791,72.57974477431415,rural,3589718
1973,4,1,19.095665744467535,72.86480829522534,urban,13817864
5388,4,4,18.935390238638824,72.7365058562273,suburban,23579334
5479,1,3,19.003853653471975,72.78489965616993,suburban,25956412
1712,4,3,19.154139858912046,72.7295682201767,suburban,1000000
6197,3,4,19.266117849730428,72.60903957993757,rural,21263896
9501,5,3,19.08080633765544,72.86343491391688,urban,75902215
919,5,3,19.16869359983837,72.78041456619258,suburban,8119004
4159,4,2,19.0916412274489,72.89737770277823,urban,32730825
5783,1,1,19.22357040366185,73.00397786687245,suburban,34191337
9970,5,3,18.986754111606928,72.93948080644873,suburban,48520893
1840,5,1,19.073768471032515,72.89452567126273,urban,8061419
5637,3,2,19.091015985125843,72.92298614201752,urban,45245873
5689,4,1,19.28336449598635,72.63353242801406,rural,25785479
1861,5,2,18.985592224342202,72.77992568471494,suburban,18286329
1091,5,1,19.181024195303014,73.00766099382652,suburban,11240818
1026,5,1,19.083105803855602,72.83861869689945,urban,21513482
8355,5,3,19.20816999537744,73.00947821653963,suburban,41133306
1792,1,1,19.180811815161558,72.77899143645477,suburban,6098887
2154,2,3,18.88480582513135,73.0916416562429,rural,4065330
687,3,3,19.077724519264102,72.92320342746936,urban,1000000
3258,1,1,19.22206573277328,72.81954275092157,suburban,22867381
9220,3,3,19.02675348157116,72.86948603485047,urban,70879367
9125,5,1,19.092213905288126,72.8748284781086,urban,67952576
6931,3,4,19.132718187356016,72.80810437624997,suburban,35162370
6537,4,3,19.077112828975892,72.89546800157429,urban,46797001
8994,4,4,19.057632542315062,72.84074600643437,urban,70165368
4682,2,4,18.946140235192743,72.74186381631841,suburban,20826762
7473,2,3,18.98392522976388,72.81950688973735,suburban,35605118
937,3,2,18.94929996219498,72.96421978896076,suburban,1000000
1332,1,2,18.93138155196167,72.7553362154179,suburban,5886747
9488,1,4,18.989311968963424,72.80864729850391,suburban,45131121
9251,5,4,19.037242521915953,72.83383936903789,urban,78895618
9453,1,1,19.036482867526406,72.85199053868648,urban,73824836
6294,2,4,19.188712341487005,72.74156698666621,suburban,24962470
4074,1,3,19.099148414781006,72.84229770956807,urban,34298985
4285,5,2,19.267655713719424,72.707901988359,rural,14904875
5720,4,2,18.969226735145863,73.01837230569069,suburban,29587001
8250,1,2,19.10606501972604,72.8785096761357,urban,61689097
7318,1,3,18.97846788953462,72.73395154338124,suburban,41836042
1184,2,1,19.29490116659134,73.07758736697674,rural,1000000
4733,3,3,19.108098291105286,72.84463236928994,urban,36796248
1077,4,3,19.07750158293105,72.89142792393588,urban,2156575
8507,3,2,18.814388284210377,73.04020153371748,rural,27008629
727,5,3,19.09660084958446,72.87313912747598,urban,8018801
2828,5,4,19.04411353598983,72.92590274120562,urban,19028628
3231,3,3,19.10513541552525,72.88555130611604,urban,26954171
9519,2,2,19.19621070928957,72.9432023456447,suburban,54447596
930,2,2,18.926363292095274,72.76285544902613,suburban,4720835
9755,2,3,19.19644585257354,72.76112137765612,suburban,40823908
2209,4,4,18.844898564416866,73.07010892962353,rural,6326530
6282,5,4,19.169610330599617,72.95651404223133,suburban,34959304
1734,5,2,19.28745080065645,73.11045729184502,rural,1493997
8993,5,4,19.173496690018062,73.00384553312036,suburban,57769790
5705,4,4,19.08177413838472,72.89787065841166,urban,38130782
1920,5,1,19.284346336192556,73.08069238288621,rural,1000000
1268,3,1,19.084227239436323,72.89839585490631,urban,6302070
6534,1,4,19.18412524615056,72.79934746549081,suburban,22892140
9135,4,4,19.04194876132061,72.83239908309902,urban,75466991
3604,1,1,19.16868780362262,72.81164796787482,suburban,22889632
4855,3,1,18.781740048574537,73.03872223333775,rural,4857012
3805,2,1,19.09177160884975,72.91372789807095,urban,23901387
2038,2,2,19.041495885119296,72.9183482028552,urban,10077357
1831,2,2,19.121787182145834,72.91837141089525,urban,14406272
8668,4,1,18.94745003685567,72.93673042572601,suburban,46476703
7439,2,1,19.117313521110756,72.85064242972268,urban,63975970
8761,4,1,18.99122859676829,72.82265231054429,suburban,47117789
6058,4,2,19.08233009222693,72.92387716679077,urban,45685051
6444,1,2,19.115234463528687,72.87829438908621,urban,46927116
7626,2,4,19.186933730305253,72.9690196820155,suburban,38981313
980,5,3,19.21277905954386,72.77274614189945,suburban,7065458
5763,2,4,19.032846540603444,72.89423834083547,urban,43947704
4594,2,3,18.986033509424427,72.95306958662802,suburban,23883187
6667,2,3,18.89845522485014,73.10495298116626,rural,18597582
3293,5,3,19.11090747731127,72.90957053999196,urban,20065789
3392,5,4,19.11566263353065,72.84193573775616,urban,28945357
1698,4,2,19.220045853239153,72.82661970675039,suburban,4988470
8511,5,2,19.03440387462108,72.92225331351716,urban,67155587
2872,4,2,19.068393565336592,72.85922694048783,urban,26187314
2392,1,2,19.009291253646904,72.94328179074405,suburban,17810917
6290,4,4,19.030708416639243,72.88713303752316,urban,49345525
2383,2,1,19.103464937219883,72.88780148669589,urban,15588766
5967,3,3,18.802013184793108,73.06748880560727,rural,20889845
1297,3,2,19.098099061692352,72.91051303903913,urban,11549056
8709,2,2,18.850748519515182,72.60460745900168,rural,33804919
8735,4,4,19.045852763392247,72.87513940176069,urban,60919663
654,2,3,19.258392597342745,72.6568952643818,rural,1000000
5462,5,2,19.007443792857337,72.73940872345229,suburban,25100184
4580,4,1,19.04842742800954,72.92725200506217,urban,45203711
8550,2,2,18.96839814839092,72.76911807828405,suburban,44895663
6447,5,3,18.847352054526656,72.69443270697748,rural,10155994
4820,5,1,19.101500125363046,72.91494484384434,urban,29431843
2392,4,4,19.15332038249983,72.95389752641393,suburban,17969227
9589,1,1,19.18562106998562,72.79984909343936,suburban,42011269
3924,1,3,19.223800758871633,72.99561199224947,suburban,18855943
9950,5,3,18.997214953150074,72.74618296468145,suburban,50284152
2515,1,1,19.052319183066405,72.85954072802447,urban,29155397
7173,5,2,19.07486256665034,72.90686433365346,urban,55220638
6532,1,3,19.21322222692053,72.76430529562485,suburban,29868996
5333,5,1,19.265577430642246,72.61653926753328,rural,18292972
9565,5,3,19.04829209052463,72.92271869716025,urban,79869242
1065,5,2,18.974714039058515,72.74825379805404,suburban,7194150
7912,5,2,19.119293671633653,72.84182793846378,urban,50198876
2518,3,1,18.971384537422946,72.93021550020599,suburban,17163160
2814,1,4,19.15410265046037,72.97496100710974,suburban,7337432
4912,5,4,19.17266545005665,72.98381871995085,suburban,18747179
4383,2,2,18.812520130324693,72.72016949176769,rural,9017906
8716,4,4,19.029821751213127,72.83460562607786,urban,68163694
7239,2,2,19.059885480198794,72.90048585038663,urban,62707014
9829,2,4,19.26265293391559,72.66885706062928,rural,18299984
8402,3,2,19.08503065503423,72.91699190071651,urban,65285622
1689,1,3,18.927677271656943,72.98816109643279,suburban,15083763
7656,3,1,18.95781243149668,72.99450312474221,suburban,37809832
7842,1,1,19.19969562988175,72.9768271402985,suburban,42179063
7384,5,4,19.03089973034469,72.87202156217674,urban,61659346
3657,3,1,19.06570243439056,72.90473039569468,urban,25991122
6020,4,4,19.145082535640743,72.78429245019923,suburban,34773541
2241,1,2,19.08631918663168,72.88221218314767,urban,18181396
4188,3,3,19.169495513240584,72.75249911997561,suburban,19888672
7985,4,1,19.2134711025346,72.75440011135503,suburban,48259810
5869,2,3,19.08795380417646,72.83215384332271,urban,44273871
6144,5,1,19.06473708622929,72.86889377067219,urban,56188056
9589,5,2,19.354232435515073,73.05475575601658,rural,26664407
4523,2,1,19.006761297741438,73.02256701511979,suburban,21570143
1216,3,1,19.19682137648285,72.7630454609523,suburban,4950762
4467,2,2,19.36117966406347,73.12178730030736,rural,16295819
7923,4,4,18.973163930655044,73.01676905241422,suburban,36362295
6950,1,4,19.284359313813663,73.15394412917286,rural,20997215
3715,3,2,19.089918121932214,72.86802641831399,urban,31570021
8325,1,4,18.895312479424696,72.63598926991145,rural,25263242
890,2,1,19.072733955434625,72.8423737389421,urban,17765401
3537,5,3,19.271922682973294,73.17490298750735,rural,9088806
732,1,2,18.901892746972152,72.57917332281352,rural,13300293
3631,1,1,19.096712874473575,72.84279832534611,urban,33133802
8134,5,2,19.150054914985162,72.94571822040653,suburban,35330371
733,1,3,19.16588688877404,72.8229220863805,suburban,1000000
1891,1,1,19.112065322606465,72.90730423334148,urban,19552423
9947,5,1,19.190301180396922,72.93625435141942,suburban,47428798
1389,5,3,19.079451780874827,72.877157601003,urban,14713563
8402,2,3,18.785890463452667,72.72637339596125,rural,20068732
1245,2,4,19.10512443911887,72.83406904746556,urban,8299868
927,1,1,18.990282793258512,72.72995148154803,suburban,2352369
1231,3,3,19.079117943340595,72.90230690260346,urban,16012782
1299,2,3,19.065037385250694,72.86848732466578,urban,10072119
7007,2,1,19.13232683521033,72.80869066515794,suburban,42478979
7525,3,4,18.944168235958326,72.9581638522263,suburban,33504820
9527,3,2,19.070041042362206,72.86229436282743,urban,77159636
8124,5,4,19.324086755627064,72.72577573536925,rural,25831866
8826,2,3,19.056064909355264,72.91493734618264,urban,61197720
5883,4,2,19.17143858176233,72.75006690082932,suburban,27272020
6707,4,2,18.995871117636877,72.76366751908832,suburban,33952532
3038,1,4,18.978398589808315,72.97465686768973,suburban,21312146
4218,2,2,19.057019051160797,72.88251516082721,urban,32209605
8732,4,3,19.022772938201065,73.02106643819748,suburban,55070031
3867,2,1,19.170344353982987,72.9338806002134,suburban,17844076
5508,2,1,19.027774266274417,72.8956867195092,urban,42487342
5729,4,1,19.0332524447524,72.89331021897598,urban,51323969
7888,2,4,19.066588776635044,72.89396284948498,urban,54475428
2915,3,1,19.039849732557332,72.83943829092078,urban,29044273
7671,1,1,19.050742404100987,72.86885113182232,urban,54713670
3449,5,1,19.051303095187997,72.83590153843764,urban,26915315
4761,4,2,18.993497190169336,72.75712390998703,suburban,25996643
5645,5,2,19.122332455501954,72.87129216609905,urban,40732516
3966,1,2,19.0592802355138,72.89706795276928,urban,43696591
3588,3,3,19.0671958789463,72.88953092687332,urban,29976762
1615,3,3,18.931371271943362,72.77778107714609,suburban,9106155
5078,3,3,19.10351665234273,72.9033076655183,urban,36861226
3090,3,1,19.17762314463908,72.82122796511032,suburban,9278249
7872,4,2,19.16373204210293,72.79602935835513,suburban,46241913
4073,4,3,19.213213521689397,72.96072166418375,suburban,20006677
3478,2,4,19.098095414263412,72.86113159024951,urban,29262987
9922,2,2,19.15114319631644,73.02566708469273,suburban,44469304
7813,1,1,19.102249762125496,72.89900549596919,urban,63028936
7522,2,2,19.33932889919752,72.59219150357248,rural,18508491
5475,1,1,18.95066218207385,73.00738138343232,suburban,18008794
5425,1,3,18.95469032969473,72.73843842006151,suburban,24930928
8547,1,1,19.244914489086213,73.05145192842656,rural,27812211
8590,3,1,19.134751881240135,72.81544262142138,suburban,46733152
8551,5,4,19.053218502955048,72.87550481071452,urban,69122274
5792,5,2,19.108161536953546,72.83953046740879,urban,45665064
7145,4,1,18.994263499369122,72.94362860202176,suburban,37067070
5903,1,4,19.370113007094577,73.15645367540273,rural,12177478
3930,3,4,19.356302019969856,72.70451497486619,rural,16602415
2495,2,4,18.953212879823273,73.02024153604246,suburban,12140554
6530,2,3,19.067404438687564,72.85719285127139,urban,47722754
4391,4,3,19.15179178183168,72.76246183124772,suburban,32131818
7645,4,1,18.979519288036684,72.99236404474269,suburban,45117571
8998,1,2,19.151698013733775,73.02443660579044,suburban,44724465
2602,1,3,19.19369546762874,72.74210307928988,suburban,10559449
3530,2,3,19.02539255655999,72.81230333640244,suburban,16820104
9024,2,1,19.31149605607488,72.71064672028369,rural,20568244
8607,2,1,18.943166586890314,72.7812531518527,suburban,47357610
742,2,3,19.0489346659113,72.89242011120999,urban,16051455
2384,5,1,19.1064388165531,72.91496381560128,urban,22964139
8515,1,4,19.27194785232089,73.05669205743608,rural,31949374
7247,1,1,18.825988584569522,72.64935052427417,rural,23360158
8994,2,4,19.02805286179818,72.86679732090704,urban,61414749
4830,3,3,19.1570148466085,72.74132187092556,suburban,31980982
8363,2,2,18.861564220346047,72.63312056283733,rural,22114230
3609,4,4,19.321587717618744,72.71311925069683,rural,11766510
2686,3,2,18.968616155146645,72.95774932426423,suburban,9441769
2050,4,3,19.035009158243316,72.85997884704148,urban,8754365
1146,3,1,19.222684291029623,72.77908151373829,suburban,2551123
6644,4,4,19.088922878898956,72.87614438097366,urban,53871069
5156,2,4,19.279326364964447,72.70677176388969,rural,15256167
9404,2,3,19.100892242277936,72.92001026529825,urban,75623647
1037,3,3,19.12630138565719,72.8210339588786,suburban,7977979
7072,4,1,19.189115553951957,72.73190897235679,suburban,36479259
734,5,2,19.16766871702497,72.79327354206026,suburban,2604103
7039,3,4,19.163863290894778,72.82623514598065,suburban,46598043
1874,3,2,19.110721020711825,72.85981967536907,urban,25412282
2409,1,4,19.016535984347865,72.73032386766461,suburban,13096133
9607,3,4,19.07886974967795,72.90861856872542,urban,67115604
7718,5,1,19.051234520739527,72.91184895398956,urban,62010275
580,2,4,19.309553771106025,72.67790964801783,rural,1000000
2583,4,4,19.188200015331297,72.98923844265877,suburban,7146338
2190,1,3,18.998526251286627,72.95818604461218,suburban,15930918
1256,4,1,19.001627629381726,72.95548250860402,suburban,3133351
3170,2,3,19.014968526332087,72.80067470114624,suburban,14006383
4251,3,4,19.144423499103123,72.9798849599888,suburban,26914381
9159,5,1,18.942596192037634,72.76678361946084,suburban,49132787
5761,1,4,19.32021520539731,72.72387265433012,rural,19199830
7352,5,1,18.95609520239439,72.78018781055806,suburban,46913143
1994,5,2,19.193154563089585,72.79912671203485,suburban,8792173
6240,5,2,18.984685639900942,72.99082178109175,suburban,34348880
9711,5,1,19.104548022995402,72.88086231587715,urban,82759351
8555,2,4,19.211938758824942,72.98374377184692,suburban,38235763
1401,5,1,18.7949820582503,73.03177330353364,rural,3038988
1172,5,4,19.060299246656925,72.8991086306362,urban,16142096
9130,2,2,19.027258621515383,72.89378524788046,urban,63202204
944,4,4,19.160636123592457,72.81791066209571,suburban,7634506
9657,2,3,19.047222873785078,72.86261299289477,urban,72264036
9155,3,2,18.894943011608092,72.6284013204062,rural,21750308
2698,2,3,19.11206408346416,72.85879982179442,urban,27443998
2787,4,2,19.07845533915315,72.89402576248563,urban,27729759
4508,3,2,18.83157185373194,72.62029592095763,rural,14546164
9604,3,3,19.03574733560713,72.84453110246918,urban,77145975
996,1,1,19.19943210495141,72.975367553391,suburban,2106557
1963,5,4,19.29431601876164,73.08350390201471,rural,6456442
7328,3,2,19.158332554265538,72.76401845994091,suburban,33029073
4753,3,4,18.950231108638423,72.74954000254257,suburban,28134929
993,4,2,19.062932346274955,72.8291396573237,urban,4821781
5565,3,4,19.03815324724513,72.83566870127888,urban,40978182
5930,4,2,19.027020502514887,72.89992197719009,urban,41223229
1926,5,1,19.12160667599364,72.82881682652989,urban,17560741
2293,1,2,19.014730939820453,73.01376758593499,suburban,9577451
3223,1,1,19.06647103964963,72.92697965174673,urban,26383207
1158,5,2,18.968637865821,72.99465990127494,suburban,3785792
5261,5,4,19.04827016300889,72.87651244097775,urban,38704965
8130,2,3,19.00435887014497,72.77675354697924,suburban,43199572
9241,3,2,19.06419591768517,72.86492100728886,urban,70362275
9334,3,2,19.055163062185184,72.83562289421653,urban,85643061
4850,3,1,19.203096706026244,72.7856545135712,suburban,27641950
707,4,4,19.209572723792157,72.80634026100982,suburban,5525501
4690,2,1,19.334146100781357,73.10262442305124,rural,18333111
2383,3,4,19.31173535115701,73.12213714517878,rural,11063229
3386,4,4,19.13822221076285,72.7692751762082,suburban,19396797
977,4,1,19.152055112353704,72.80644282935755,suburban,21272387
9453,1,3,19.110390237839045,72.84098096095505,urban,77273819
8881,4,4,19.102839652764708,72.84200661254228,urban,63392410
7354,5,3,18.897549243072735,72.59015897041175,rural,20108880
1255,4,1,19.045714404123355,72.84925560912785,urban,2243904
5431,5,3,19.0541880563381,72.86404117070944,urban,36252909
6224,5,4,19.036317801183873,72.87454542798831,urban,64498956
4650,1,1,19.065935036736388,72.89019338109154,urban,42173203
4560,1,3,18.93924823659313,72.95747202601359,suburban,13895793
5265,4,1,19.06313773701402,72.83172502810883,urban,41182450
4112,1,1,19.208107536412708,72.76427835600082,suburban,17740531
7053,1,3,19.050957194020263,72.85859894049891,urban,66940809
7878,3,4,19.207153154053113,73.00377132104067,suburban,28096015
2189,4,4,19.141734221627864,72.96630321525814,suburban,9467701
1816,4,4,19.071239136031664,72.83928701882859,urban,12911457
7630,4,4,19.129854747240106,72.79436647277099,suburban,36392283
3686,1,2,19.100504117846167,72.85557568140202,urban,29503556
6289,1,1,18.938254696904057,72.98943492893761,suburban,34812764
1645,5,1,18.96499424456754,72.95721739730325,suburban,6953892
4894,2,2,19.37062663923851,72.64322578316755,rural,11931864
8442,2,1,19.057031420629556,72.84365344941257,urban,59351579
8048,2,1,19.051818331318955,72.83327155197335,urban,56685920
1060,3,3,19.050508562797454,72.89600161005329,urban,11791749
2412,1,2,19.108060954739177,72.86243920176325,urban,21524029
2364,5,1,19.078246574854845,72.83187905969102,urban,10749830
796,5,1,19.03508008004245,72.88289241418934,urban,4614764
2909,2,2,18.941942308916527,72.8189012034946,suburban,12867640
8130,3,2,19.37156370017752,73.13851888180628,rural,20421443
1961,3,3,19.054517426716583,72.92249162324714,urban,14990746
4792,2,3,19.259148153961227,72.6615638927014,rural,1000000
2768,2,4,19.29950582479534,73.06318702804494,rural,12561957
1494,1,4,18.890811352074635,72.63738479684753,rural,2362539
7054,3,3,18.888278580211022,73.13195039459399,rural,34141601
507,5,1,18.939062455842887,72.81901646074803,suburban,6886430
3015,2,2,18.956522005384656,72.98396158413895,suburban,16789038
1917,1,3,18.928487985819874,72.96192718098048,suburban,4700739
2816,5,4,19.016592868256314,72.74072517667808,suburban,12978806
7858,3,2,19.304145118850425,73.15085502050152,rural,25927465
4432,2,4,19.081222623273938,72.92230005119238,urban,33207873
6704,2,1,19.039026521701057,72.92699676718817,urban,47397655
1787,1,1,19.141443287706274,72.97571759619859,suburban,17902606
1618,1,4,18.998808635055738,72.99088319710475,suburban,9883513
9244,3,2,19.367112016802878,73.06964331858484,rural,30115067
8137,2,4,19.11235637299212,72.90418361866274,urban,60841277
1160,1,2,19.193172193098757,72.94233584506027,suburban,11460640
9407,2,3,19.06207662913297,72.92708886473298,urban,68987741
7422,3,4,19.326687431753815,73.15308396117025,rural,26794231
8604,2,4,19.085423834274483,72.89933190541154,urban,63852307
6837,5,2,18.836377425644397,72.72002021140281,rural,28716708
3029,2,3,19.057641751877846,72.89909732080724,urban,30589952
4470,4,2,19.083617320082954,72.88874888027,urban,33695982
3907,4,2,19.11069815812171,72.88023071389081,urban,42730487
9546,3,4,19.04782771998061,72.82894396768448,urban,74057612
7916,3,4,19.141949753349113,72.93075790913323,suburban,49651332
5260,3,2,19.089499719116567,72.84284189561369,urban,35379370
2397,5,1,19.01780767702326,73.02478545866758,suburban,16630500
6864,5,1,19.089702351228226,72.83855663936545,urban,55774100
8964,2,1,18.802771905185466,73.1085820539379,rural,22581358
4587,1,4,19.083569219571608,72.83163821232732,urban,40054682
9964,4,4,19.123247111013942,72.91029654991435,urban,83485581
4874,4,3,19.152077691745426,72.96959118920984,suburban,28473153
8107,4,4,18.79677587419347,73.08089515467401,rural,25647493
4519,2,3,18.893796672529444,73.06003544861977,rural,13920684
1315,2,4,18.787391784798572,72.68261100695118,rural,4895958
7755,3,1,19.07769976309126,72.90742399218729,urban,63579002
1422,1,1,19.266290747292018,72.66184339609258,rural,5851289
5367,3,2,18.993260473048377,72.75181469971332,suburban,30274374
1764,2,2,18.85890937343554,72.60926725301128,rural,1032822
4224,5,3,19.044715279471237,72.86922721794157,urban,39517106
3222,3,3,18.798671324568105,73.09621065236668,rural,11126158
5855,2,2,19.156596214931035,72.9336558561562,suburban,31643970
3050,2,3,18.985827910785392,72.9630467028389,suburban,14516209
5819,5,4,18.971437732952058,72.76498446029059,suburban,35810414
7186,5,1,19.179162593039365,72.75073543306284,suburban,26802118
2173,5,2,19.16113859717827,72.81922148465078,suburban,12458903
5087,1,2,19.09026207005224,72.89859160731633,urban,36862366
5853,2,4,19.201669600652025,72.98899634217068,suburban,27012835
7357,5,3,18.92753303057406,72.7549342589931,suburban,36652558
2166,1,2,19.169967537152193,73.01817774990909,suburban,4882450
5011,4,2,19.10061279904456,72.83639312437325,urban,37778769
6672,4,4,18.833381494182028,72.6774174897691,rural,13790401
1884,4,1,18.969178589069188,72.81658104932883,suburban,12461667
4903,2,2,19.07112584399052,72.90534434919836,urban,42601961
4454,1,2,18.97573617290095,72.77958378324006,suburban,27024004
6805,1,4,19.09285878901529,72.92688543786335,urban,54560915
8752,4,2,19.061195270074506,72.89653565687651,urban,64995801
7738,3,2,19.00927414441503,73.0081560757235,suburban,33597274
7481,4,1,18.95341793149075,72.81579492350622,suburban,34976688
6526,2,2,19.120261060344003,72.86470914821355,urban,48299242
7109,4,4,19.083731588443754,72.91658869701419,urban,52568735
9164,4,1,18.851803401421147,72.63782549900834,rural,38552569
1458,1,1,19.090925496774958,72.88525003591191,urban,14992225
9224,4,1,19.066594422293356,72.88164793648302,urban,74174013
993,5,3,19.3567164022695,72.59808449814898,rural,3670740
7542,5,4,19.06741076069227,72.90629725518735,urban,57052516
581,3,3,18.98721436528104,72.99410686974507,suburban,4229362
7499,2,2,19.056002466695652,72.87298782784563,urban,60920973
3470,2,1,18.942963824072198,73.0189752808161,suburban,21431767
511,1,3,19.0716214809826,72.87105055581537,urban,6339089
8324,2,2,18.85264770541876,72.58120614986937,rural,26473722
1261,3,3,18.942992331180083,72.9940937073981,suburban,4238690
3685,5,1,19.19556568010938,72.99240591646985,suburban,11614188
525,1,2,19.23716727824227,73.06389613399445,rural,6587867
2306,5,1,18.87040760406344,73.16432284352332,rural,3116415
7151,3,1,19.02610271335696,72.89758359629246,urban,51800164
6164,1,3,19.303019595689452,72.68013584662269,rural,12192561
5654,4,4,19.04587462324253,72.84385939183275,urban,46295145
6324,2,2,18.967714585557985,72.75074459794924,suburban,28659770
4159,3,2,19.095772313422756,72.9176824258555,urban,40086915
2025,1,4,18.963841397865547,73.0052647625973,suburban,17033829
1260,5,2,19.03349385219506,72.8642387801243,urban,13843364
1094,1,3,19.196900692487237,72.99630985893151,suburban,1381777
7692,4,2,18.96300215802334,72.96882844609931,suburban,48705164
1555,3,3,19.041306791164075,72.90900223383484,urban,19066706
3583,1,2,18.989406953423497,72.94310100090223,suburban,14400923
4175,3,3,18.77846037570559,73.1211834143811,rural,12898269
6457,3,4,18.99914374619897,72.79049202309085,suburban,34860716
5755,5,2,19.015158428358664,73.00387542943987,suburban,33220437
9911,2,3,18.777764808295313,72.71756054219793,rural,28687764
4728,4,1,18.994278395435593,72.96048505857462,suburban,24792327
4681,1,1,19.124630017694475,72.92579892369088,urban,49816963
2330,2,1,19.212482960873796,72.81862199133548,suburban,14350495
3895,5,2,19.089461399313283,72.84057754459543,urban,28473331
1703,2,3,19.152175775724647,72.99662241314982,suburban,6765703
3310,3,1,18.79878694310353,73.10927453615884,rural,17498638
3592,3,2,19.094420901286124,72.90547225492331,urban,27098045
3544,4,3,19.143058578123544,73.00168376595514,suburban,14544650
6571,1,1,18.987624137907765,72.93547129648759,suburban,33109092
7772,1,1,19.035342009753464,72.9190135603717,urban,57833930
5173,5,2,18.963902969373937,72.72867181448818,suburban,34266889
4014,4,3,19.193960056386565,72.73125700116749,suburban,29111902
6692,1,2,19.03563226484901,72.89109765767216,urban,49576046
644,3,1,19.280914875014805,72.68674135494348,rural,5373236
8007,4,2,19.10141093361033,72.87623946330125,urban,61953782
5357,2,2,18.918499490392556,73.05644235162708,rural,11479005
1877,4,1,19.074719660156628,72.8774249841565,urban,25659763
3646,4,1,19.023526663677675,73.0220356270017,suburban,29098611
5524,1,3,19.02797271669854,72.89783351941756,urban,44224745
1293,5,3,19.03313515119175,72.89981704248753,urban,9649503
6256,5,1,19.331223872124166,72.57996152538922,rural,13126011
4914,1,1,19.01156727084438,72.93688692726454,suburban,28190762
1610,1,4,18.804450019712178,72.61991778952584,rural,9543404
6172,1,4,18.995081395998422,73.00801024531948,suburban,31889079
4553,5,3,18.79041801613725,72.71992545367857,rural,19540336
4437,1,2,18.8798966712746,73.05487895098256,rural,11078286
4463,2,1,19.215587803177254,72.75128739606167,suburban,19426014
5442,2,1,18.990642934510507,72.9466304594889,suburban,29202369
6397,3,2,19.242064045149366,73.16318208909031,rural,8356817
9474,2,3,19.0848854955697,72.91148214680965,urban,70506989
1616,4,4,18.8258700122908,73.07333588873574,rural,9209653
2250,3,3,19.143305419112465,72.78129367581012,suburban,1000000
4527,2,2,19.19130365073269,72.8107771158886,suburban,16932205
6245,4,1,19.09604625869283,72.91685112545314,urban,48587036
5564,2,4,19.13470309875869,72.74784906654979,suburban,22892617
6438,4,2,19.030456980890804,72.92760759552012,urban,48296571
3897,1,1,18.880903352576265,72.69594181786864,rural,1000000
8765,4,3,19.025136460783866,73.0162906325994,suburban,48821891
1859,1,4,19.07815915003084,72.89005595196178,urban,21257893
9783,4,1,19.344663769369944,73.06523091698313,rural,21352688
5353,4,1,19.137766088104215,72.9981235167889,suburban,29351735
2441,2,1,19.238753940252984,73.04520542012229,rural,5859028
3648,4,1,19.0306400422343,72.8464390509289,urban,31992031
8433,2,1,19.145019213638466,72.97582474627313,suburban,50209209
9936,4,3,18.97844771444304,72.77558242117206,suburban,45825004
1785,5,2,18.931400780525916,72.97807472163663,suburban,17033478
6974,3,4,19.05187034130509,72.89116572115041,urban,63454457
1270,2,3,19.120291711152543,72.90416549117738,urban,2612424
2343,2,4,19.256915394783256,73.16169561959532,rural,11082536
573,1,1,19.013205513876365,72.7564197584421,suburban,1000000
2160,5,2,19.299709498599515,72.68266530288629,rural,10283140
4849,1,1,19.102858358468335,72.91056837587082,urban,33396620
7602,5,3,19.26079685020411,73.06364571768793,rural,21198578
8500,5,3,19.207146931910337,72.93542680720468,suburban,41599769
9511,4,4,18.93372770390444,72.98385041677899,suburban,44444253
4318,1,1,19.052955275985628,72.83883864741054,urban,37052336
831,3,1,18.887107464387586,72.60593269857618,rural,3976092
1921,5,2,18.9976176365148,72.77600492373746,suburban,14439333
8012,5,2,19.1509982165917,72.74986728434632,suburban,40311728
7390,2,1,19.09363694173797,72.91387686475747,urban,55559568
5431,4,4,19.128641565370504,72.77472665203966,suburban,31345390
6525,3,2,19.358690458429866,73.04760412824317,rural,14811851
4908,5,1,19.033855579169515,72.9111934083809,urban,37189166
5613,2,1,18.940263365218037,72.77934146851244,suburban,32877728
8919,1,1,19.03621981492574,72.89013581194764,urban,69785332
3381,5,3,19.373392877882445,73.15352961158591,rural,15641803
3365,2,4,18.863304517855596,72.57991816217803,rural,1000000
3075,1,1,19.059565282156406,72.90254910288684,urban,31466179
6685,4,1,19.06925229194389,72.89374556701759,urban,57451497
9156,1,1,19.22300538567702,72.95234515552673,suburban,50212296
6241,5,2,19.08503743211801,72.92269709132438,urban,41840967
777,3,1,19.139446330995394,72.75572905011549,suburban,2103747
565,1,3,19.05065534806143,72.85978545300662,urban,3556803
4762,3,3,19.169225576049204,73.02422999771248,suburban,25669409
6204,3,4,19.042898286435324,72.84800472261855,urban,57924303
9094,1,1,19.068399670231557,72.83376998691442,urban,70142773
8489,4,1,19.12254195465451,72.88368516911783,urban,71919481
6755,1,1,18.944671309707743,72.7504501569436,suburban,40270019
7941,2,3,18.9355590581369,72.73746162878423,suburban,43426524
5192,3,2,19.116192829912425,72.8800891035383,urban,42213692
4919,5,2,19.15280697134819,72.98855004668565,suburban,32994862
8460,3,1,19.297851179397863,72.60523432270172,rural,16332554
6578,5,2,19.044308899156597,72.92335826751228,urban,55490876
1937,2,4,18.859235243985612,72.68220136332869,rural,13003722
9120,2,3,19.21712139109382,72.93212424570979,suburban,47061496
7532,2,1,19.117282164977162,72.84567719693557,urban,60745115
6231,1,2,19.083821350952313,72.85977780136702,urban,53183413
3878,3,1,19.199656543411955,72.81187375253856,suburban,18432540
9084,5,1,19.02599915677887,72.952956375551,suburban,62893009
6847,2,3,19.046983071198202,72.91374262923061,urban,47068036
6901,2,3,18.788780512179965,73.14095473595134,rural,9614807
7129,5,2,19.149085651586304,72.95517213784254,suburban,41562021
5041,3,3,19.103700546049595,72.85298843078367,urban,36989683
8376,3,4,19.123338942537032,72.9073463521257,urban,65971637
9033,5,1,19.12597177229962,72.87361785633972,urban,71825398
8824,4,3,18.96706718150037,72.7996598454909,suburban,48103231
764,3,2,18.928609971465455,72.82466197848318,suburban,1000000
1934,5,2,19.15412941697903,73.02593698650453,suburban,7636247
5827,5,2,18.944763981856998,72.95515538463357,suburban,36671747
5597,2,4,19.074775090134032,72.85192610851524,urban,41255534
2160,5,3,19.196973301559066,73.01185807634047,suburban,11922229
6192,1,3,19.097398927571437,72.84585825239256,urban,44654544
2854,2,4,19.119761218077816,72.83734495063811,urban,25369928
8957,2,3,19.148195070897135,72.9565359766077,suburban,43505897
6961,3,3,19.066668033217567,72.87347360278982,urban,62608692
9828,4,3,18.84821161136814,72.72158006786667,rural,25663793
7544,3,4,18.8048355123182,73.14929069818547,rural,14171948
5997,1,4,18.979882563856275,72.80935470722704,suburban,24329369
5049,2,2,19.121668372164546,72.85683528602566,urban,44734632
6834,2,4,19.104193792715535,72.86293891362301,urban,46903135
6510,5,4,19.026263392157446,72.8876727726591,urban,45030894
5426,4,2,19.167039865340925,73.00354350264952,suburban,32017675
9804,4,4,18.784095313381627,72.6620271486636,rural,37804403
6565,5,3,18.985959469262013,72.95739388770228,suburban,45662652
2679,1,1,18.943196323703745,72.81191893254551,suburban,12201217
5467,4,2,18.95761926363651,72.7496888983769,suburban,12820911
1134,2,1,19.301604724486836,72.71700631151587,rural,1107854
4131,1,1,19.11307660276114,72.84393971501065,urban,37528843
5177,3,2,18.92237938672362,73.048073551539,rural,10111764
2718,3,1,18.933571896261455,72.82745328061759,suburban,11189593
1889,1,1,19.111485473621144,72.9088052326053,urban,16217835
4776,2,2,19.238332153346555,73.12957849982837,rural,18963858
1749,3,2,18.90794558472167,72.72294773026765,rural,1000000
8140,2,3,19.19049296684032,72.76305645342595,suburban,46343013
6212,5,2,18.81053516246162,73.08731673284524,rural,21991871
1745,4,4,19.040469297997582,72.85810498668988,urban,14488475
8745,1,1,19.170540371548167,72.80159145732217,suburban,47372110
942,4,2,19.027180267361846,72.88640220896804,urban,14307636
7476,5,3,18.948839187096375,72.75448910035234,suburban,47286653
5175,3,2,19.167033549459745,73.01954772327053,suburban,33956976
8453,2,1,19.101013412628394,72.92036509717985,urban,58708545
4877,2,2,19.138838362291953,72.7329918951981,suburban,26902415
7558,5,1,19.08765916630412,72.8650398705625,urban,59304072
1322,1,2,19.116426542517978,72.8321042936214,urban,12349217
3439,4,3,19.06918290554455,72.90336338975841,urban,28662588
7596,3,4,19.207114044245717,72.94792784973309,suburban,39905500
6265,1,3,19.10628511552536,72.86988922677212,urban,48013660
1531,5,2,19.040352373008258,72.83625683481081,urban,11017959
1062,5,1,19.090063957051346,72.88598178656024,urban,12020543
840,2,3,19.11139903767015,72.83085670122725,urban,12224781
5067,3,4,19.212842723316754,73.01642431094056,suburban,25052602
8362,1,4,18.914500032827185,72.58568851930966,rural,20765226
2796,2,1,19.08506753104462,72.87701565026728,urban,23447194
734,3,2,19.209508645632805,72.9779606852706,suburban,6082214
5702,4,3,19.11406501463789,72.9241010082765,urban,41623572
9808,4,3,19.080927010839883,72.87317239308418,urban,74381097
1791,2,1,19.109109514321442,72.91080934613899,urban,8832351
5227,1,3,18.8780927425872,72.6412664516867,rural,15669924
9220,3,1,18.962445801062067,72.74430109864572,suburban,44713643
3439,4,1,18.993695295367527,72.97259342837225,suburban,25327767
5935,4,2,19.19913700112407,72.796012961176,suburban,33529678
7481,1,1,19.095570471004613,72.87568874650401,urban,60381761
5892,2,3,18.83696686631759,73.12500461889141,rural,16952900
8472,5,1,19.087307202988207,72.91645031525125,urban,70571169
1733,3,3,19.112819892747748,72.84260342732594,urban,6798678
3300,4,1,19.084649671458582,72.87163019966692,urban,27077504
3275,5,2,19.05455200750652,72.89081474094178,urban,25978071
6544,1,2,19.077088353409014,72.90519040653298,urban,55759420
3987,2,1,19.13534309895917,72.95796807493721,suburban,14082746
7883,3,1,19.10059597536355,72.91894573330084,urban,61797583
4350,1,1,18.967262365935138,72.9893979159666,suburban,27668559
5497,2,2,19.07637812982362,72.88038722326182,urban,42471572
1390,1,4,18.920153827136087,72.61034192903757,rural,2219452
6420,4,1,19.098344700681125,72.86799253468699,urban,51855381
1688,4,4,18.92643538625519,72.80647948537928,suburban,8871223
6144,5,1,19.22399054932005,72.95208420180757,suburban,34147437
1240,1,3,19.063456821981525,72.89166278568347,urban,16118602
1869,4,2,19.08560585894215,72.89842738812894,urban,18165188
2500,2,4,19.02784433559767,72.9113194217154,urban,20211821
1971,5,4,19.073866586422024,72.87958528016715,urban,22378152
2036,3,2,19.06710251910401,72.9266382482273,urban,24670084
818,1,4,18.94584286259053,72.95883933750298,suburban,1000000
5653,4,1,19.169699352725527,72.74069866573043,suburban,38666295
2394,2,4,19.16154064986525,72.78471808440383,suburban,9976883
8491,1,1,19.044230026658912,72.85632810943939,urban,66235625
9967,2,4,18.817417956142062,73.03922654888147,rural,30646233
9092,5,3,19.101336656234185,72.9152528650933,urban,73122901
6435,4,4,19.098882805079658,72.88041382851308,urban,42972697
1223,4,4,19.035906130119077,72.91042257429804,urban,5601474
2829,5,1,19.03840389971711,72.86620784531115,urban,21884936
9827,2,2,19.02095006556547,72.75673249051206,suburban,46256724
3270,1,3,18.935239226658457,72.81382575044054,suburban,18815113
8045,2,2,18.97493312420425,72.96430923833573,suburban,46594437
5346,1,1,18.946958263000525,72.97172852734113,suburban,15886097
767,5,3,19.363368372424745,72.6807503383784,rural,1000000
1069,3,4,18.94926750710435,72.99648191749137,suburban,3522332
2473,1,2,18.98114686740716,72.77745389243127,suburban,6530390
9237,4,2,19.04099731005014,72.86444504442551,urban,69889822
3322,4,2,19.0334973341191,72.85679189197,urban,22800138
4960,4,4,19.017632072437696,72.75245765461776,suburban,28914326
770,2,1,19.119993313682908,72.86569288219755,urban,20340953
8141,2,4,18.947379904200414,72.76893927972651,suburban,36787555
9430,2,4,19.08074612697644,72.90561601404607,urban,78759174
7180,4,1,18.919701285212817,73.03977322458718,rural,34910431
1757,1,1,19.269303610109397,72.63903068156775,rural,1000000
8750,4,4,19.09726036701895,72.85577632238848,urban,79152978
5870,1,1,19.32353191158477,72.7100465010863,rural,11169876
5358,2,2,19.330202118132576,73.13504183127209,rural,20271302
9081,3,3,18.887169507635452,73.16682026908728,rural,22100506
9410,2,1,19.077554056061917,72.92661397510453,urban,62204651
7499,5,3,18.996138044344452,72.97681342846704,suburban,44722800
620,1,2,19.072212213260354,72.87480082277452,urban,8305551
7408,3,1,19.13393926013341,72.80656536005101,suburban,37611175
2803,2,4,18.969473412960628,72.79585084289833,suburban,6388412
5361,3,4,19.176997239233497,72.76077828383708,suburban,34321443
3411,4,2,19.10975179074014,72.875895639482,urban,33252256
9491,1,1,19.284591778622303,72.62508173205836,rural,16937285
7736,5,4,19.18935265863933,72.78713180758845,suburban,41811377
6065,4,1,19.055626953341633,72.84042755175861,urban,50161711
7031,3,3,18.98585753358258,72.7968797669841,suburban,30500279
1609,2,4,19.367530914760405,73.12428758976189,rural,7973105
7429,1,2,18.813308783334875,72.67581627663098,rural,32512368
1750,5,4,19.14803235735995,72.75897917490562,suburban,16183101
8677,2,2,19.109134174869904,72.8860229824309,urban,75045452
2149,5,2,19.031843834672273,72.91487611653275,urban,23089095
7851,1,3,19.11377014109051,72.91298158379783,urban,53948374
6411,3,3,19.103430197681874,72.89549254152637,urban,54185228
3456,5,2,19.065690912187858,72.84133391672864,urban,22008339
6328,1,4,19.054877527503322,72.86240771383515,urban,45999751
5494,5,2,19.06180764673648,72.88424896151274,urban,42751163
6936,2,1,18.894742578778136,72.6992508306397,rural,17699106
9176,5,1,19.02524994495695,72.9426519435413,suburban,43811911
8114,2,4,19.01109168338801,73.0236812551319,suburban,39523486
9494,2,4,19.069276951154453,72.83892553478668,urban,72011627
2215,1,3,18.987481370984536,72.9927601668678,suburban,17173982
8650,4,1,19.07326873636408,72.89694122460925,urban,69029254
3983,5,2,19.14553589973267,72.76533666292644,suburban,26466842
8175,3,2,19.006186594788424,72.97862205616701,suburban,40382402
2257,2,1,19.198132752722422,72.73396634090336,suburban,15437043
2309,4,1,19.27436921051401,72.7013172659596,rural,1000000
6039,2,3,19.309945113579808,72.67175458805104,rural,10207247
6548,4,1,18.959757658504678,72.81791704379853,suburban,38682674
1651,4,3,19.116031753091168,72.83032521486095,urban,11395327
5992,3,4,19.30870283158983,72.63711884393696,rural,17470228
7211,4,4,19.164576866379914,73.0095710316857,suburban,25580929
6802,3,1,18.98510633984361,72.99962566957366,suburban,32282755
5247,1,1,18.944799835622252,73.02076647779884,suburban,18752808
8902,2,1,19.03785129708867,72.8811349550159,urban,64186216
5181,3,1,19.0304430424842,72.89515897689213,urban,40684638
3007,2,2,19.050000152326557,72.87313500884082,urban,24200176
3463,5,2,19.091556184053932,72.87600953033716,urban,27506872
3928,1,4,19.002393793943344,73.01573705199961,suburban,23892845
7994,5,2,19.086107249356946,72.89755402636085,urban,60436272
4455,5,1,19.288298884644192,72.67131618553725,rural,11787229
4205,4,3,18.94564085125503,72.78959557548188,suburban,16073636
4538,4,4,19.055994199132094,72.90729892601267,urban,42546358
9744,5,1,19.03652434113329,72.89020141993352,urban,71304189
1213,4,2,18.945240528855855,72.99372502459866,suburban,1000000
7760,2,3,19.078598895541774,72.88360319971088,urban,53663043
7511,4,3,19.132589343886963,72.80261968529945,suburban,40197758
9379,5,2,19.36781321330865,73.10896714363895,rural,26837334
9021,4,1,18.957642012938567,72.72776156789338,suburban,44277667
2246,4,3,19.088764733378518,72.83921593157135,urban,24062414
1707,3,3,19.16226620059966,72.9527698955541,suburban,4573885
1284,3,2,19.07061730139296,72.8812299666953,urban,13939755
3196,5,3,19.12248232996894,72.91136838016506,urban,26969112
7573,2,3,19.204982026024012,72.94192196544284,suburban,40062664
5536,1,3,19.244832253378814,72.61665750040785,rural,15167365
7627,1,4,19.037746958637914,72.90160195035538,urban,54304996
4218,5,1,19.255187604925073,73.11605649644768,rural,1246737
6275,2,1,19.086806062484552,72.92706365408395,urban,51818258
8410,2,2,19.06941627205636,72.858880508761,urban,64232385
3193,2,1,19.14611966800999,72.97807796311757,suburban,16551679
1125,3,3,19.120691518992892,72.92490548729393,urban,9736103
4208,5,1,19.079137833847632,72.88822603455462,urban,26742622
7359,1,4,19.08415397646822,72.8742972395352,urban,57537459
9453,2,3,19.041223981431674,72.83424586867656,urban,72090871
8192,5,3,19.069663789569763,72.84631676952777,urban,63860636
6898,1,4,18.937334825491835,72.7515300055134,suburban,42496754
7752,3,4,19.13074119750942,72.76547545858267,suburban,40421067
2055,4,1,18.86011831134068,73.1263629486323,rural,4449328
9367,1,1,19.201798685389807,72.97504342029193,suburban,45184609
4687,1,1,18.978216270353577,72.73310291639878,suburban,17036520
8267,1,4,19.12870396897515,73.00599632510108,suburban,41945505
536,4,1,19.311666699955666,73.148677630667,rural,1569393
2287,2,2,19.066386072602125,72.85982676367799,urban,15037704
6783,4,1,19.056510024058912,72.91144275044431,urban,56401532
8560,1,4,18.94349491020004,73.01003766483069,suburban,44660691
8565,3,4,19.105891777121577,72.83136348415793,urban,65412866
4380,1,2,18.8950315606978,73.10487544839076,rural,15280090
6432,3,3,19.13718882568438,72.82352795401417,suburban,31518552
8828,5,2,19.057348128381143,72.82929617302617,urban,72580675
6833,3,4,19.16908946302574,72.797023288386,suburban,32788952
6259,1,3,19.118981396012405,72.85848663360866,urban,55473659
6985,4,2,19.375570477742656,73.04060672709778,rural,17022814
5567,1,2,19.332943990400675,72.61540522846953,rural,13143038
1161,1,3,18.997395240338225,73.00710020723933,suburban,1061769
8473,5,2,19.124990189330124,72.89114540801862,urban,68685328
6886,2,3,19.100011473195046,72.90992465950492,urban,47156236
8387,1,1,19.205886981775954,72.72836076971835,suburban,40069060
914,5,3,19.32538586439346,72.67126760904996,rural,1000000
7350,4,2,19.114035945049075,72.85824800629089,urban,59782935
9034,5,1,19.02906525549727,72.86041822078145,urban,72907196
3229,5,4,19.122023005897073,72.90710675712316,urban,27595350
4397,3,4,19.144713988070567,72.82649990240931,suburban,20779573
2669,2,4,19.31285130857598,73.04014729713883,rural,10405511
2378,2,2,19.087779320407183,72.89285209809402,urban,14331581
6954,4,1,19.11135977948895,72.8614063268643,urban,50247088
5070,5,3,19.181825298486757,72.98531883270603,suburban,30393343
2015,4,4,19.24572297493018,72.61386303919464,rural,8430789
1074,4,4,18.79919314520516,72.60290724057042,rural,4865078
3367,2,1,19.0003545326244,72.94578173429018,suburban,28506232
4044,2,1,19.116528746195385,72.82820060566763,urban,31744149
4977,2,1,19.0748191975757,72.91617934352143,urban,36142676
571,1,2,19.364931865404028,73.12629479049565,rural,1000000
3480,5,1,19.27461022912774,73.07059392048305,rural,1000000
9809,4,3,19.176320262306678,72.97328320125196,suburban,52192664
5992,5,3,19.014666590082786,72.95077631588244,suburban,39171737
5259,4,4,18.784404739664375,73.17266905059937,rural,12693802
8584,4,3,19.14305479009085,72.73882191997626,suburban,50530860
539,4,1,19.120345151259027,72.86570646543812,urban,1000000
5873,4,3,18.972131423742965,72.7513180378839,suburban,26442512
8065,3,4,18.910898898825426,73.14919222996582,rural,19411643
2400,3,2,19.191877801893337,73.01022243104516,suburban,4818364
2717,1,3,19.26028696722094,72.67513910688393,rural,13802632
5296,2,4,19.019821622802066,72.75447242026844,suburban,29501497
5106,4,4,19.035270939690506,72.86346348706243,urban,43769008
1783,5,1,19.032055611420752,72.84565583173067,urban,11907520
9275,3,4,19.23649118113097,72.59610832897881,rural,30867385
9150,2,3,18.94004851922981,73.0145331075463,suburban,42882602
1315,1,4,19.044665456558295,72.91770090640591,urban,8346106
3011,2,4,18.847244164674144,73.05263465375226,rural,13315127
746,4,1,18.993299947779583,72.8230530522581,suburban,1000000
5325,2,1,18.862442602407835,73.15167253220511,rural,8709909
7016,4,3,18.94938741367588,72.82212560371515,suburban,30711406
916,3,4,19.038744025350812,72.91405483353493,urban,7918063
7202,3,2,18.929206179316086,72.96026157114724,suburban,46536448
4217,4,4,18.813153865965287,72.72751491508593,rural,11124217
607,5,2,19.10941006370574,72.88108753812186,urban,1000000
9530,3,3,19.3084941163167,73.09485494344597,rural,24383509
5013,5,1,19.028739675783818,72.88987330611727,urban,37483586
1921,4,3,19.102672633645252,72.90671778431043,urban,16848994
7783,4,1,19.088463613984484,72.86182772496424,urban,62186213
755,3,1,19.229391450272285,73.16206693208858,rural,1000000
7748,5,4,19.18611754486641,72.8082443924819,suburban,34620385
9529,4,4,19.134681771280793,72.74782347947817,suburban,42522613
3462,3,1,19.31917388884238,72.5897903378469,rural,13415313
2782,4,2,19.04302693518116,72.84664691495344,urban,17739137
9244,2,2,19.06833694302653,72.9151221735012,urban,71745956
8872,2,4,19.114147412606023,72.8867587736537,urban,70276958
1977,3,3,19.191814289786347,73.01747623436148,suburban,7645932
9262,4,2,19.148979967783532,72.75720859316685,suburban,35163061
5452,3,1,18.830698306517775,73.06873541951636,rural,20807814
6380,1,4,18.978940759235325,72.94222984181545,suburban,38584803
6092,3,4,19.042119742332922,72.87764517440729,urban,47547735
7591,3,1,18.918378386217082,73.16997972379419,rural,17734579
1091,2,3,19.072701430985763,72.83097521765325,urban,18290347
6777,2,1,18.897091771670045,72.62371325122497,rural,14848804
2760,4,3,19.08881491609641,72.82790688914343,urban,26760837
847,3,4,19.072500932579565,72.89983436407233,urban,1000000
8857,3,3,18.933370713708626,72.77841638239076,suburban,46940853
5532,4,1,19.106259135472165,72.85727707770675,urban,36830283
4943,5,4,19.11347336239117,72.89172829798093,urban,41865697
9274,4,2,19.136418464808635,72.73378872034041,suburban,47227205
7369,2,4,19.07303609472963,72.87433653855452,urban,55192082
6196,2,1,19.088523662314092,72.89419567656785,urban,45492661
3538,3,1,19.049290782963872,72.86294424885176,urban,33347663
3345,2,4,19.011540979536925,72.94030157340497,suburban,17200373
8364,4,4,19.10107213403271,72.87196834866289,urban,67248273
7109,3,4,19.035590928384295,72.872692174337,urban,69446665
1765,4,3,18.99655443062552,73.00549192204275,suburban,3666101
2774,4,2,19.171136855374506,72.986838704363,suburban,10969670
2970,3,3,19.017039186880794,72.8163039527833,suburban,7845449
3077,5,1,19.06656251544629,72.90207143071981,urban,17028336
4160,2,4,19.104347538249094,72.8591559409213,urban,42188983
1568,1,3,19.14743002069412,72.80009087999473,suburban,5789710
6091,1,3,19.352071917653795,73.1326257405757,rural,2445990
6474,1,1,19.152256345675852,72.97022490424942,suburban,30457740
5329,2,3,19.1123195541757,72.86003762074193,urban,38693709
2450,5,1,19.058794081607036,72.9056974049779,urban,15499437
8783,4,3,19.289986107887678,73.11360842127421,rural,23558338
3593,3,2,19.150233881983638,72.94658537688558,suburban,19640464
5811,5,1,19.02714227804444,72.85576164567038,urban,43696282
1887,1,2,19.043140859031098,72.85349504266955,urban,18904513
4774,2,3,19.237370601424978,72.67646609555105,rural,13034736
2785,2,2,19.12045714149411,72.86240719636156,urban,21884606
3706,3,2,19.02289770208283,72.79146356166646,suburban,18455571
3424,4,2,18.991985273340827,72.95687306705898,suburban,12196353
7545,5,3,19.055722927819463,72.92472616839206,urban,53205867
8971,5,1,19.109263574043084,72.89612499189734,urban,70205736
2118,5,3,19.08583262734129,72.85017805797457,urban,14901586
9062,4,3,19.335559765516273,73.0797707194882,rural,29485839
6396,4,3,19.136406878205797,72.79808458900594,suburban,31904943
8343,4,1,19.296206197037353,72.67617302673477,rural,20379541
7563,3,4,19.200492613410432,72.78176744358154,suburban,39837882
8995,2,3,19.331171912181567,72.60145777952555,rural,24960558
1848,1,3,19.368226342262375,72.67468288347631,rural,1000000
6056,4,1,19.195308986818876,72.94527497366391,suburban,22007911
5789,2,4,19.06465741828623,72.89751486547733,urban,47845468
2922,4,4,18.968981647751008,72.8222609141111,suburban,12491896
4128,1,4,18.946999526979624,73.02594724307963,suburban,20733989
2928,4,4,19.176293156795417,72.74021326633635,suburban,16900366
3533,2,1,18.89762860509102,72.70776345903711,rural,15351963
6657,3,1,19.05303592355426,72.90343944998286,urban,59530390
9360,1,4,19.070966715447884,72.85175753747046,urban,65515603
9191,2,2,19.2173333799607,72.97408075017431,suburban,44898162
8313,5,1,19.048249348352403,72.86011523126649,urban,64101261
1914,5,2,18.95123124460963,72.9620044772664,suburban,18559344
7208,5,2,18.90884667842294,73.15520996924802,rural,14087140
9221,3,4,19.202074485399137,72.94551851980621,suburban,54151288
7135,4,4,18.921868808201378,72.68043663833028,rural,24514747
4121,4,3,19.217369017353676,72.72842172010687,suburban,18402289
5815,4,2,19.177676875105334,72.97170889342716,suburban,34451665
1254,3,3,18.945988345375714,72.99488258441137,suburban,4745162
2847,5,4,19.106904338903185,72.92050542015959,urban,16044212
1226,4,2,18.98704699810967,72.97034028968156,suburban,7850567
5423,3,1,19.092442485103653,72.91283510707056,urban,40663050
3149,3,3,19.259235430790568,72.68013872135062,rural,6425008
3315,2,4,19.057693311276775,72.91612470140906,urban,22283560
9566,4,2,19.07715101958592,72.92306471062028,urban,76768351
3779,5,4,19.158132244421513,72.82397553697366,suburban,21139083
3484,1,3,19.004292956738517,72.99169697007838,suburban,14795760
4307,3,4,19.064149852395513,72.90723868241355,urban,31250807
8376,2,4,19.038475901512804,72.83574801383013,urban,61757158
6599,1,1,18.84500446554329,72.62298964710293,rural,14145380
1107,3,4,19.192197667296323,72.73308211222218,suburban,3946946
6669,2,2,19.060182126833517,72.91163096784423,urban,54676535
8290,4,2,18.944894617956074,72.99418903591702,suburban,40239056
6073,2,1,19.027771139286717,72.85574439574039,urban,46984387
1134,3,2,19.041833750553955,72.83281748167488,urban,7917125
1574,4,4,19.342411957886643,73.04739681541307,rural,1000000
2414,5,4,19.123745687746442,72.8686153425374,urban,22011324
1088,2,2,19.04015063892206,72.89667623764511,urban,5573199
3731,1,3,18.804508743801644,73.06957260456083,rural,12304041
6851,4,4,19.153152107873286,72.7583888161854,suburban,43909375
4338,4,2,19.068782294876865,72.87974939451657,urban,31553563
2473,5,4,18.953471642265086,72.99270311898776,suburban,18510661
5544,2,4,19.25364366018674,72.62851301765876,rural,13311324
6603,1,1,19.073807992115793,72.88015575304055,urban,48651787
7183,5,2,19.128726342338656,72.9347356696013,suburban,39927373
6337,2,4,18.997321164191323,72.79308548502563,suburban,22496609
9943,1,3,19.00392853734996,72.80841374166812,suburban,41193896
7283,1,2,19.131899669344538,72.73600297495945,suburban,36078796
6094,3,3,19.170820016447202,72.80677605979852,suburban,18293012
4322,1,2,19.03599331899288,72.86747973164842,urban,38328412
3889,2,3,18.91495016769707,73.13362485552202,rural,16918406
6414,5,3,19.078065948324028,72.82905393503007,urban,52486222
2280,5,2,18.9735363537598,72.92802679377621,suburban,12504917
4188,3,1,19.17611578935995,72.81769335041821,suburban,27017640
7711,2,1,19.1306067133431,72.98078954328096,suburban,36264204
5537,1,2,19.173310752111284,72.79714921162366,suburban,25436777
6819,3,4,19.174225528272046,73.01251852908545,suburban,34040572
9140,4,2,19.122952486825692,72.85371963524958,urban,66285180
581,2,2,18.949243130999662,72.78388891797054,suburban,9185851
6778,3,4,19.35623456213639,73.04955033548529,rural,25649641
7499,5,2,19.314932485957073,73.03761851406162,rural,17817348
1906,3,2,18.994566089160628,72.9933819647386,suburban,6266845
7910,4,4,19.09797547193004,72.91630105347595,urban,59934471
1980,2,4,19.032954468221064,72.87697346740808,urban,22229907
9771,3,1,19.0824832125685,72.89660388806342,urban,73010398
4098,1,3,19.014314174604095,72.99337892800543,suburban,21065169
8493,2,3,19.032761280721267,72.87463192079048,urban,59527912
4683,3,1,19.31605629290326,72.58398235583927,rural,19565326
4180,3,1,18.837291385777196,73.05988473513447,rural,5391137
8144,2,3,19.08672732247697,72.84999490393545,urban,60325297
4810,5,1,18.9553394907793,72.93914770918616,suburban,16864562
2258,1,2,19.203308676344182,73.01080370798896,suburban,16523150
3099,2,1,19.046671993018478,72.92351998611643,urban,23741627
6116,1,1,18.949892400585476,72.74699407121823,suburban,38356866
6313,1,1,18.983556135196416,72.82087912687594,suburban,26275532
4353,2,1,19.048095904375877,72.85802346308878,urban,38752565
2792,3,3,18.9262815197068,72.7854911434824,suburban,16268946
2001,5,4,18.79033292349011,72.6907914752303,rural,1922591
8922,1,3,19.050325819749492,72.91594216870071,urban,64258246
8050,1,3,18.959431396576996,72.78256648767595,suburban,42584320
4750,3,4,19.04967264428988,72.85161753745396,urban,37364038
9890,2,3,18.840916986196657,72.60919058641214,rural,24279038
7491,5,2,19.257505150776634,73.09879620490086,rural,31253678
614,1,4,19.100781174757845,72.88543309223245,urban,5867425
4906,1,2,19.302881181363343,72.596860487972,rural,10132327
9684,2,3,19.04092697919571,72.86974318184421,urban,68462148
2847,3,3,19.058127055500574,72.90790694380149,urban,20499473
1541,4,4,18.954096321582874,72.97490100878053,suburban,1000000
7427,3,3,19.067006713801614,72.90805520302989,urban,57495910
511,1,1,19.022792510506797,72.94116189765401,suburban,6093268
8480,1,2,19.137438924281316,72.99607610405664,suburban,49142410
8371,5,2,19.092219535718794,72.90952321252055,urban,63237787
6875,3,1,19.077161707012138,72.91740370627235,urban,55262291
7598,4,4,18.969050377232954,72.97848729687301,suburban,37589438
4176,5,4,19.117208221748463,72.85206960357868,urban,25183432
6609,4,1,19.095503544237122,72.8519615788165,urban,41229419
5897,5,1,19.035217497854777,72.92307438776332,urban,45771435
3565,3,2,19.245458806933375,72.6247710122679,rural,1000000
2536,1,1,19.35156520499454,73.14368032745557,rural,3201410
3546,4,1,19.072781674412123,72.83045322817256,urban,26180034
1040,3,1,19.068952351406406,72.89772158222598,urban,1000000
576,4,3,19.00278437860179,73.00870334065976,suburban,1000000
3567,3,1,19.23118495432403,73.03181788220921,rural,6527714
523,5,3,19.0727105808651,72.83844470122699,urban,13965592
5634,3,2,19.375511539233635,72.57776583777499,rural,15804267
1175,5,2,18.96919904652705,72.7350191620324,suburban,3253157
7168,1,4,18.900807848238696,73.14657333725327,rural,15499909
4767,5,2,19.06902478267314,72.88095082455595,urban,40227491
6488,2,4,19.333549894852784,72.70517745534167,rural,18509499
8152,1,3,19.21261233298607,72.7450207508713,suburban,43216813
9180,3,1,18.826645429423678,73.13559519793384,rural,34371020
1985,3,2,19.1517230485581,72.77956075927955,suburban,16022140
4159,2,1,19.209783251356253,72.78114525007483,suburban,25668533
2919,3,4,19.359442164185513,72.63196383641237,rural,6602864
8240,1,3,19.1371657541029,72.75252363626458,suburban,29505027
7643,1,2,18.965369408571604,72.98466172320548,suburban,26743323
3995,5,1,18.97223788923678,72.99074115532986,suburban,23375989
1256,4,4,18.95947213273315,72.94711908951987,suburban,4723117
8948,3,1,18.849119821603633,72.62466842352006,rural,33154671
2279,2,2,19.096492267409246,72.83721054590161,urban,25160888
6987,1,1,18.9873096028809,72.95576650722174,suburban,34859936
758,1,3,19.323030977666892,73.05663810893884,rural,1000000
4575,1,2,18.937512842894943,72.75458731424392,suburban,17150409
8998,4,4,19.353307456713786,73.08758674889111,rural,34176777
8514,4,2,19.2348056629442,73.03616404465689,rural,26328002
1618,3,4,19.00631530338808,72.77584614163553,suburban,5440655
8131,2,4,18.928442612376283,73.01281051310794,suburban,39805186
3517,4,2,19.3471644538032,72.58503354551992,rural,7579866
4841,5,4,18.851314238319347,72.69173092381737,rural,23723494
2158,4,2,19.344234545273583,72.65288867447472,rural,6234092
8878,1,3,19.07676721939159,72.83398952198564,urban,67329706
2297,2,3,19.09811194518205,72.8728606971452,urban,11758802
9616,3,1,19.21582342185503,72.73537496907339,suburban,50100314
1284,4,3,18.92638890126819,73.02468225145249,suburban,7138059
6191,1,4,19.108544767250642,72.82954369795353,urban,49799789
3696,5,1,19.123038553969078,72.87333139264891,urban,30212426
9032,5,1,19.116970022241645,72.86621248557188,urban,68283884
1062,3,2,19.204817646774032,72.96949458574885,suburban,5876364
5246,3,1,18.783983629586796,72.6228332699155,rural,9698683
3499,4,2,18.84449627937549,72.58994768822627,rural,9975039
1693,3,1,19.033216765075444,72.90438707641188,urban,20348715
568,1,3,19.02787104671642,72.91060689220599,urban,9186255
6179,1,2,18.992813394780185,72.98752847439118,suburban,28958882
2928,1,4,19.089696496142704,72.89493702312267,urban,21995882
6700,4,1,18.93673342565335,72.79030280169762,suburban,36982758
5896,4,3,19.04349287042427,72.87445430821715,urban,48357442
7493,3,3,19.041003637082447,72.89105855461015,urban,57918857
4098,4,2,18.99357486094362,73.01360144805406,suburban,18516851
9535,1,2,19.05468338922122,72.87682707964548,urban,67759776
1073,2,2,19.04353287067856,72.84808061279102,urban,4502371
4714,1,4,18.94768539245878,72.9774225402697,suburban,22436855
8136,2,4,19.02915228072395,72.87434774576293,urban,64034694
1978,3,4,18.951736986959663,72.96281900641911,suburban,2091807
6627,5,1,19.065637956048867,72.92361295447856,urban,55588513
9660,4,4,18.98368379059819,72.80173619124744,suburban,44575014
7176,4,2,18.80438843873511,73.03104984470352,rural,17385465
2696,1,3,18.942368758877706,72.80613762436708,suburban,11792858
8666,1,3,18.96823043789826,72.97937264374222,suburban,44869548
9346,2,2,19.24544775728012,72.6166788250742,rural,33864384
6550,4,4,19.074855651729855,72.82834756771202,urban,49104934
5150,3,4,19.07843365061393,72.84305119288274,urban,45981929
8984,1,2,19.08225705216906,72.90156186185722,urban,66022718
5026,4,3,19.17910714298289,72.76461979895129,suburban,32847395
4912,5,1,19.13570457268491,72.74260592428945,suburban,25427527
5943,2,3,19.0544299963793,72.92146965790411,urban,38253165
9287,1,4,18.85716993297501,73.12888078700756,rural,22264847
3093,1,3,19.053051288028126,72.87860005474539,urban,24117399
9607,3,4,19.321715007242428,73.17176916816338,rural,26244961
7352,1,3,19.24039536469192,73.08273789837254,rural,15449903
7129,4,2,19.264160183086304,73.10350811741104,rural,14241249
4369,4,4,18.8826036675287,73.17290284414197,rural,16377408
8471,4,1,19.052177882926365,72.85528694256702,urban,53859730
9667,5,1,18.944897188669408,72.7390524174778,suburban,51648803
9767,5,2,19.069144682451483,72.90415740106887,urban,70387016
8322,1,3,19.366607283705193,73.05263008510495,rural,32149347
3489,5,2,19.1108822618343,72.86435019623568,urban,18577242
7562,5,2,19.05517861093868,72.88423101460785,urban,48877131
5840,3,1,19.26684406683617,72.705893404205,rural,14522050
4323,5,1,19.075136579009342,72.87492560837603,urban,40171666
4432,2,4,19.03861031448241,72.87811528652335,urban,45543839
9054,2,4,18.951716698460544,72.95250463035028,suburban,50556839
2929,2,4,19.008108471141608,72.96320757130829,suburban,16078147
7944,1,2,19.149706007077892,72.9306541598017,suburban,34853379
7647,4,2,19.183949225468066,72.96059107242095,suburban,35451773
8131,3,4,19.231685304070822,72.67661393632612,rural,20851748
4098,1,1,19.04898060890214,72.86595343747246,urban,29106082
4829,4,1,18.976658941716188,72.81838005253984,suburban,23920181
7218,3,3,18.958595514220566,72.78728675972823,suburban,37704308
8718,3,4,19.002508292004645,72.7556943751917,suburban,41547325
592,3,2,18.975125688262942,72.96373212405179,suburban,4338997
9000,2,3,19.105010701942884,72.89662016319404,urban,70641383
551,2,3,19.06447837383508,72.89082362696931,urban,1000000
818,2,3,19.08998487463968,72.86091998715999,urban,1260244
6188,3,4,19.11399748810137,72.92618575314812,urban,53580014
7518,3,4,19.05744399714457,72.90782273010703,urban,58951082
7710,2,4,18.97590917335075,72.78133476031365,suburban,38206426
4456,3,1,19.055202531565563,72.91965078621935,urban,27525634
6557,2,3,19.20008150419189,72.78362970698892,suburban,36674688
7375,2,1,18.818210046609714,73.06780062527187,rural,20112575
4931,2,4,19.109629919136545,72.90884062130185,urban,45802618
2025,4,1,19.225686267206672,72.92963632965949,suburban,11703242
7543,3,1,19.331198412635942,72.64031899067116,rural,19548531
1778,1,2,19.012273878529225,72.827548397183,suburban,5894583
9205,2,4,18.868991028039833,73.07703999318151,rural,34438096
6625,1,3,19.03435262744281,72.87197061469513,urban,55320455
8374,4,4,19.369673365731057,72.6522644378132,rural,25325217
7400,3,1,18.99687328276652,72.99037914842329,suburban,42032433
3000,2,4,19.122810032641926,72.88439768293898,urban,25509804
3964,2,4,18.82037912287143,73.10254416624785,rural,1231057
2759,2,2,19.31438315773125,72.62840244613942,rural,10934836
7996,1,2,19.11215566570589,72.83051713488219,urban,63777293
3159,4,4,18.88350486839848,73.06464771986198,rural,4126143
755,3,2,19.11367825506923,72.85941400697176,urban,10079938
2002,4,1,19.160695273612657,72.81773776051772,suburban,6987060
5156,2,1,19.10862511350011,72.88488623131188,urban,37402200
5930,4,1,19.10319303556911,72.90541131007235,urban,47043874
9098,1,2,18.960326869745195,72.81029888143813,suburban,45550477
3676,5,4,19.08296174169553,72.90010719074813,urban,30226128
2360,5,1,19.08034532138858,72.92333370620688,urban,11831391
6658,3,3,18.96329745695056,72.77033195575312,suburban,34064341
6306,3,1,19.06392365552236,72.85927936651876,urban,57137640
